ID;order_ID;delivery_number;delivery_date;delivery_time;delivered_quantity;temperature;density;temperature_corrected_qty;vehicle_id;driver_name;pilot_name;ground_crew_name;signature_timestamp;signature_location;s4_gr_number;s4_gr_year;s4_gr_item;status;quantity_variance;variance_percentage;variance_flag;variance_reason;created_at;created_by;modified_at;modified_by
a7b8c9d0-7777-4000-8000-000000000001;f6a7b8c9-6666-4000-8000-000000000001;EPD-MNL-20260117-001;2026-01-17;05:45:00;5480.00;28.5;0.8025;5512.50;TRK-MNL-001;Juan Santos;Capt. Miguel Ramos;Paolo Cruz;2026-01-17T06:10:00Z;RPLL Gate 21;5000001001;2026;0001;Posted;-20.00;-0.36;false;;2026-01-17T05:30:00Z;station.coordinator@airline.com;2026-01-17T06:15:00Z;SYSTEM
a7b8c9d0-7777-4000-8000-000000000002;f6a7b8c9-6666-4000-8000-000000000007;EPD-MNL-20260117-002;2026-01-17;07:45:00;4200.00;29.0;0.8018;4225.00;TRK-MNL-002;Pedro Garcia;Capt. Jose Reyes;Mark Villanueva;2026-01-17T08:10:00Z;RPLL Gate 15;5000001002;2026;0001;Posted;0.00;0.00;false;;2026-01-17T07:30:00Z;station.coordinator@airline.com;2026-01-17T08:15:00Z;SYSTEM
a7b8c9d0-7777-4000-8000-000000000003;f6a7b8c9-6666-4000-8000-000000000002;EPD-CEB-20260117-001;2026-01-17;08:15:00;4750.00;30.2;0.8010;4780.00;TRK-CEB-001;Carlos Mendoza;Capt. Antonio Luna;James Tan;2026-01-17T08:35:00Z;RPVM Gate 3;;;0001;Pending;-50.00;-1.04;false;;2026-01-17T08:00:00Z;station.cebu@airline.com;2026-01-17T08:35:00Z;station.cebu@airline.com
a7b8c9d0-7777-4000-8000-000000000004;f6a7b8c9-6666-4000-8000-000000000008;EPD-DVO-20260117-001;2026-01-17;10:15:00;3850.00;31.0;0.8005;3880.00;TRK-DVO-001;Roberto Fernandez;Capt. David Santos;Chris Lim;2026-01-17T10:40:00Z;RPMD Gate 1;;;0001;Pending;50.00;1.32;false;;2026-01-17T10:00:00Z;station.davao@airline.com;2026-01-17T10:40:00Z;station.davao@airline.com
