ID;check_id;check_name;check_time;next_check_time;duration_ms;component_name;component_type;environment;status;previous_status;status_changed;response_time_ms;cpu_usage_pct;memory_usage_pct;disk_usage_pct;active_connections;queue_depth;response_threshold_ms;critical_threshold_ms;error_message;alert_triggered
550e8400-e29b-41d4-a716-446655443101;HC-FS-API-001;FuelSphere API Health;2026-01-19T08:00:00Z;2026-01-19T08:05:00Z;45;FUELSPHERE_API;API;PROD;HEALTHY;HEALTHY;false;45;25.50;62.30;45.20;156;0;500;2000;;false
550e8400-e29b-41d4-a716-446655443102;HC-S4-API-001;S/4HANA API Health;2026-01-19T08:00:00Z;2026-01-19T08:05:00Z;892;S4HANA_API;API;PROD;HEALTHY;HEALTHY;false;892;0;0;0;0;0;2000;5000;;false
550e8400-e29b-41d4-a716-446655443103;HC-HANA-DB-001;HANA Database Health;2026-01-19T08:00:00Z;2026-01-19T08:05:00Z;12;HANA_DB;DATABASE;PROD;HEALTHY;HEALTHY;false;12;45.80;78.50;52.10;89;0;100;500;;false
550e8400-e29b-41d4-a716-446655443104;HC-ACARS-001;ACARS Interface Health;2026-01-19T08:00:00Z;2026-01-19T08:05:00Z;156;ACARS_INTERFACE;API;PROD;HEALTHY;HEALTHY;false;156;0;0;0;0;12;1000;3000;;false
550e8400-e29b-41d4-a716-446655443105;HC-FS-API-001;FuelSphere API Health;2026-01-19T08:05:00Z;2026-01-19T08:10:00Z;52;FUELSPHERE_API;API;PROD;HEALTHY;HEALTHY;false;52;28.20;63.10;45.20;162;0;500;2000;;false
550e8400-e29b-41d4-a716-446655443106;HC-S4-API-001;S/4HANA API Health;2026-01-19T08:05:00Z;2026-01-19T08:10:00Z;2856;S4HANA_API;API;PROD;DEGRADED;HEALTHY;true;2856;0;0;0;0;0;2000;5000;Response time exceeded threshold;true
550e8400-e29b-41d4-a716-446655443107;HC-HANA-DB-001;HANA Database Health;2026-01-19T08:05:00Z;2026-01-19T08:10:00Z;15;HANA_DB;DATABASE;PROD;HEALTHY;HEALTHY;false;15;48.20;79.10;52.10;92;0;100;500;;false
550e8400-e29b-41d4-a716-446655443108;HC-S4-API-001;S/4HANA API Health;2026-01-19T08:10:00Z;2026-01-19T08:15:00Z;1245;S4HANA_API;API;PROD;HEALTHY;DEGRADED;true;1245;0;0;0;0;0;2000;5000;;false
