ID;check_timestamp;source_module;source_entity_type;source_entity_id;check_type;screened_country_land1;screened_supplier_ID;screened_value;match_found;match_score;matched_entity_ID;matched_list_ID;result;block_reason;auto_decision;performed_by;reviewed_by;reviewed_at;check_hash
550e8400-e29b-41d4-a716-446655441201;2026-01-17T08:30:00Z;FDD-04;FUEL_ORDER;550e8400-e29b-41d4-a716-446655440401;COMBINED;PH;550e8400-e29b-41d4-a716-446655440101;;false;;;550e8400-e29b-41d4-a716-446655441001;PASS;;true;SYSTEM;;;a1b2c3d4e5f6789012345678901234567890123456789012345678901234
550e8400-e29b-41d4-a716-446655441202;2026-01-17T09:15:00Z;FDD-05;FUEL_DELIVERY;550e8400-e29b-41d4-a716-446655440501;COMBINED;PH;550e8400-e29b-41d4-a716-446655440101;;false;;;550e8400-e29b-41d4-a716-446655441001;PASS;;true;SYSTEM;;;b2c3d4e5f67890123456789012345678901234567890123456789012345a
550e8400-e29b-41d4-a716-446655441203;2026-01-17T10:00:00Z;FDD-06;INVOICE;550e8400-e29b-41d4-a716-446655440801;SUPPLIER;PH;550e8400-e29b-41d4-a716-446655440101;;false;;;550e8400-e29b-41d4-a716-446655441001;PASS;;true;SYSTEM;;;c3d4e5f678901234567890123456789012345678901234567890123456ab
550e8400-e29b-41d4-a716-446655441204;2026-01-16T14:30:00Z;FDD-04;FUEL_ORDER;550e8400-e29b-41d4-a716-446655440405;COUNTRY;RU;;;true;;550e8400-e29b-41d4-a716-446655441103;550e8400-e29b-41d4-a716-446655441003;BLOCK;BR-CMP-001: Destination country Russia is under EU sanctions embargo;true;SYSTEM;;;d4e5f6789012345678901234567890123456789012345678901234567abc
550e8400-e29b-41d4-a716-446655441205;2026-01-15T11:00:00Z;FDD-04;FUEL_ORDER;550e8400-e29b-41d4-a716-446655440406;SUPPLIER;;550e8400-e29b-41d4-a716-446655440105;;true;87.50;550e8400-e29b-41d4-a716-446655441102;550e8400-e29b-41d4-a716-446655441001;REVIEW;Supplier name matches sanctioned entity with 87.5% confidence;true;SYSTEM;compliance.officer@airline.com;2026-01-15T15:00:00Z;e5f67890123456789012345678901234567890123456789012345678abcd