ID;route_route_code;aircraft_type_type_code;trip_fuel;taxi_fuel;contingency_fuel;alternate_fuel;reserve_fuel;extra_fuel;total_standard_fuel;summer_factor;winter_factor;effective_from;effective_to;data_source;notes;is_active;created_at;created_by;modified_at;modified_by
550e8400-e29b-41d4-a716-446655440401;MNL-SIN;A321;4200.00;150.00;210.00;800.00;450.00;200.00;6010.00;1.0000;1.0200;2025-01-01;;OPERATIONAL;Manila to Singapore - A321 standard;true;2025-01-01T00:00:00Z;fuel.planner@airline.com;2025-06-15T10:00:00Z;fuel.planner@airline.com
550e8400-e29b-41d4-a716-446655440402;MNL-SIN;A330;5800.00;200.00;290.00;1100.00;600.00;300.00;8290.00;1.0000;1.0200;2025-01-01;;OPERATIONAL;Manila to Singapore - A330 widebody;true;2025-01-01T00:00:00Z;fuel.planner@airline.com;2025-06-15T10:00:00Z;fuel.planner@airline.com
550e8400-e29b-41d4-a716-446655440403;MNL-HKG;A321;3800.00;150.00;190.00;750.00;450.00;200.00;5540.00;1.0000;1.0150;2025-01-01;;OPERATIONAL;Manila to Hong Kong - A321 standard;true;2025-01-01T00:00:00Z;fuel.planner@airline.com;2025-06-15T10:00:00Z;fuel.planner@airline.com
550e8400-e29b-41d4-a716-446655440404;MNL-HKG;A350;7200.00;250.00;360.00;1200.00;700.00;400.00;10110.00;1.0000;1.0150;2025-01-01;;OPERATIONAL;Manila to Hong Kong - A350 long-haul;true;2025-01-01T00:00:00Z;fuel.planner@airline.com;2025-06-15T10:00:00Z;fuel.planner@airline.com
550e8400-e29b-41d4-a716-446655440405;SIN-HKG;A330;4500.00;180.00;225.00;900.00;550.00;250.00;6605.00;1.0000;1.0180;2025-01-01;;OPERATIONAL;Singapore to Hong Kong - A330;true;2025-01-01T00:00:00Z;fuel.planner@airline.com;2025-06-15T10:00:00Z;fuel.planner@airline.com
550e8400-e29b-41d4-a716-446655440406;MNL-CEB;A320;1800.00;100.00;90.00;400.00;300.00;100.00;2790.00;1.0000;1.0100;2025-01-01;;OPERATIONAL;Manila to Cebu - domestic A320;true;2025-01-01T00:00:00Z;fuel.planner@airline.com;2025-06-15T10:00:00Z;fuel.planner@airline.com
