ID;error_id;correlation_id;timestamp;error_code;error_type;severity;error_message;integration_name;source_system;target_system;component;method_name;business_object_type;business_object_id;business_object_key;company_code;user_id;is_resolved;resolved_by;resolved_at;resolution_notes;root_cause
550e8400-e29b-41d4-a716-446655443201;ERR-2026011900001;550e8400-e29b-41d4-a716-446655443104;2026-01-19T09:00:00Z;INT401;TIMEOUT;ERROR;Connection timeout after 30000ms - S/4HANA API not responding;S4_GOODS_RECEIPT;FUELSPHERE;S4HANA;HttpClient;postGoodsReceipt;FUEL_DELIVERY;550e8400-e29b-41d4-a716-446655440501;DEL-2026-00001;1000;ground.ops@airline.com;true;SYSTEM;2026-01-19T09:05:00Z;Auto-retry successful on second attempt;Temporary network congestion
550e8400-e29b-41d4-a716-446655443202;ERR-2026011900002;550e8400-e29b-41d4-a716-446655443106;2026-01-19T10:00:00Z;INT405;VALIDATION;WARNING;Validation failed: Tax code invalid for country PH;S4_INVOICE_POST;FUELSPHERE;S4HANA;InvoiceValidator;validateTaxCode;INVOICE;550e8400-e29b-41d4-a716-446655440802;INV-2026-00002;1000;finance.controller@airline.com;false;;;;
550e8400-e29b-41d4-a716-446655443203;ERR-2026011800001;;2026-01-18T14:30:00Z;INT402;AUTHENTICATION;CRITICAL;OAuth token expired - unable to refresh;S4_JOURNAL_ENTRY;FUELSPHERE;S4HANA;OAuthClient;refreshToken;;;JOURNAL_ENTRY;1000;SYSTEM;true;integration.admin@airline.com;2026-01-18T14:45:00Z;Refreshed OAuth credentials in destination config;OAuth client secret expired
550e8400-e29b-41d4-a716-446655443204;ERR-2026011700001;;2026-01-17T22:15:00Z;INT407;RATE_LIMIT;WARNING;Rate limit exceeded - 429 Too Many Requests;ACARS_INGEST;ACARS;FUELSPHERE;RateLimiter;checkLimit;;;FUEL_BURN;1000;SYSTEM;true;SYSTEM;2026-01-17T22:30:00Z;Rate limiter automatically backed off;High volume of ACARS messages during peak
550e8400-e29b-41d4-a716-446655443205;ERR-2026011600001;;2026-01-16T11:00:00Z;INT409;TRANSFORMATION;ERROR;Data transformation failed - currency code not found in mapping;MASTER_DATA_SYNC;S4HANA;FUELSPHERE;DataTransformer;mapCurrency;;;SUPPLIER;2000;SYSTEM;true;integration.admin@airline.com;2026-01-16T12:00:00Z;Added missing currency mapping for SGD;Missing currency in lookup table
