ID;sync_id;sync_name;sync_start_time;sync_end_time;duration_seconds;entity_type;direction;company_code;sync_mode;filter_criteria;last_sync_timestamp;records_processed;records_created;records_updated;records_deleted;records_skipped;records_failed;status;error_count;warning_count;trigger_type;triggered_by;schedule_id;notification_sent;created_at;created_by;modified_at;modified_by
550e8400-e29b-41d4-a716-446655443701;SYNC-SUPPLIER-20260119-001;Supplier Master Sync;2026-01-19T06:00:00Z;2026-01-19T06:02:45Z;165;SUPPLIER;S4_TO_FS;;DELTA;company_code eq '1000' or company_code eq '2000';2026-01-18T06:00:00Z;25;2;5;0;18;0;SUCCESS;0;0;SCHEDULED;SYSTEM;SCH-SUPPLIER-DAILY;false;2026-01-19T06:00:00Z;SYSTEM;2026-01-19T06:02:45Z;SYSTEM
550e8400-e29b-41d4-a716-446655443702;SYNC-PRODUCT-20260119-001;Product Master Sync;2026-01-19T06:05:00Z;2026-01-19T06:06:30Z;90;PRODUCT;S4_TO_FS;;DELTA;;2026-01-18T06:05:00Z;10;0;3;0;7;0;SUCCESS;0;0;SCHEDULED;SYSTEM;SCH-PRODUCT-DAILY;false;2026-01-19T06:05:00Z;SYSTEM;2026-01-19T06:06:30Z;SYSTEM
550e8400-e29b-41d4-a716-446655443703;SYNC-CURRENCY-20260119-001;Currency Exchange Rates;2026-01-19T07:00:00Z;2026-01-19T07:01:15Z;75;CURRENCY;S4_TO_FS;;FULL;;2026-01-18T07:00:00Z;45;0;45;0;0;0;SUCCESS;0;0;SCHEDULED;SYSTEM;SCH-CURRENCY-HOURLY;false;2026-01-19T07:00:00Z;SYSTEM;2026-01-19T07:01:15Z;SYSTEM
550e8400-e29b-41d4-a716-446655443704;SYNC-AIRPORT-20260118-001;Airport Master Sync;2026-01-18T22:00:00Z;2026-01-18T22:05:30Z;330;AIRPORT;FS_TO_S4;1000;FULL;;2026-01-17T22:00:00Z;150;5;10;0;135;0;SUCCESS;0;2;MANUAL;master.data@airline.com;;true;2026-01-18T22:00:00Z;master.data@airline.com;2026-01-18T22:05:30Z;SYSTEM
550e8400-e29b-41d4-a716-446655443705;SYNC-SUPPLIER-20260118-001;Supplier Master Sync;2026-01-18T06:00:00Z;2026-01-18T06:03:00Z;180;SUPPLIER;S4_TO_FS;;DELTA;company_code eq '1000' or company_code eq '2000';2026-01-17T06:00:00Z;30;3;8;0;18;1;PARTIAL;1;0;SCHEDULED;SYSTEM;SCH-SUPPLIER-DAILY;true;2026-01-18T06:00:00Z;SYSTEM;2026-01-18T06:03:00Z;SYSTEM
