ID;flight_ID;aircraft_type_code;tail_number;burn_date;burn_time;block_off_time;block_on_time;flight_duration_mins;origin_airport_ID;destination_airport_ID;planned_burn_kg;actual_burn_kg;taxi_out_kg;taxi_in_kg;trip_fuel_kg;variance_kg;variance_pct;variance_status;data_source;source_message_id;status;confirmed_by;confirmed_at;requires_review;review_notes;reviewed_by;reviewed_at;finance_posted;finance_post_date;created_at;created_by;modified_at;modified_by
550e8400-e29b-41d4-a716-446655441501;550e8400-e29b-41d4-a716-446655440601;A320-214;RP-C8600;2026-01-17;14:30:00;2026-01-17T06:00:00Z;2026-01-17T08:15:00Z;135;550e8400-e29b-41d4-a716-446655440301;550e8400-e29b-41d4-a716-446655440302;4500.00;4620.00;150.00;80.00;4390.00;120.00;2.67;NORMAL;ACARS;ACARS-2026011714301;CONFIRMED;ops.manager@airline.com;2026-01-17T15:00:00Z;false;;;;;;2026-01-17T14:30:00Z;SYSTEM;2026-01-17T15:00:00Z;ops.manager@airline.com
550e8400-e29b-41d4-a716-446655441502;550e8400-e29b-41d4-a716-446655440602;A321neo;RP-C9901;2026-01-17;16:45:00;2026-01-17T10:30:00Z;2026-01-17T14:00:00Z;210;550e8400-e29b-41d4-a716-446655440301;550e8400-e29b-41d4-a716-446655440303;7200.00;7450.00;180.00;100.00;7170.00;250.00;3.47;NORMAL;ACARS;ACARS-2026011716452;CONFIRMED;ops.manager@airline.com;2026-01-17T17:00:00Z;false;;;;;;2026-01-17T16:45:00Z;SYSTEM;2026-01-17T17:00:00Z;ops.manager@airline.com
550e8400-e29b-41d4-a716-446655441503;550e8400-e29b-41d4-a716-446655440603;B737-8;RP-C7001;2026-01-17;18:20:00;2026-01-17T12:00:00Z;2026-01-17T15:30:00Z;210;550e8400-e29b-41d4-a716-446655440302;550e8400-e29b-41d4-a716-446655440301;6800.00;7500.00;200.00;90.00;7210.00;700.00;10.29;EXCEPTION;EFB;EFB-2026011718203;PRELIMINARY;;;true;High variance detected - weather diversion suspected;;;false;;2026-01-17T18:20:00Z;SYSTEM;2026-01-17T18:20:00Z;SYSTEM
550e8400-e29b-41d4-a716-446655441504;550e8400-e29b-41d4-a716-446655440604;A320-214;RP-C8601;2026-01-16;20:15:00;2026-01-16T14:00:00Z;2026-01-16T16:45:00Z;165;550e8400-e29b-41d4-a716-446655440303;550e8400-e29b-41d4-a716-446655440301;5100.00;5050.00;160.00;85.00;4805.00;-50.00;-0.98;NORMAL;ACARS;ACARS-2026011620154;CONFIRMED;ops.manager@airline.com;2026-01-16T21:00:00Z;false;;;;;;2026-01-16T20:15:00Z;SYSTEM;2026-01-16T21:00:00Z;ops.manager@airline.com
550e8400-e29b-41d4-a716-446655441505;;A350-941;RP-C3501;2026-01-17;22:00:00;2026-01-17T08:00:00Z;2026-01-17T19:30:00Z;690;550e8400-e29b-41d4-a716-446655440301;550e8400-e29b-41d4-a716-446655440304;42000.00;41200.00;350.00;150.00;40700.00;-800.00;-1.90;NORMAL;ACARS;ACARS-2026011722005;CONFIRMED;ops.manager@airline.com;2026-01-17T23:00:00Z;false;;;;;;2026-01-17T22:00:00Z;SYSTEM;2026-01-17T23:00:00Z;ops.manager@airline.com
