ID;snapshot_id;snapshot_type;snapshot_date;snapshot_time;company_code;metric_category;dimensions;record_count;data_from_date;data_to_date;is_complete;retention_days;is_archived
550e8400-e29b-41d4-a716-446655444601;SNAP-DAILY-20260119-001;DAILY;2026-01-19;2026-01-19T00:00:00Z;1000;FUEL_OPERATIONS;station_code,supplier_id;1250;2026-01-18;2026-01-18;true;365;false
550e8400-e29b-41d4-a716-446655444602;SNAP-DAILY-20260119-002;DAILY;2026-01-19;2026-01-19T00:00:00Z;2000;FUEL_OPERATIONS;station_code,supplier_id;450;2026-01-18;2026-01-18;true;365;false
550e8400-e29b-41d4-a716-446655444603;SNAP-WEEKLY-20260119-001;WEEKLY;2026-01-19;2026-01-19T00:00:00Z;1000;FINANCIAL;cost_center,profit_center;320;2026-01-13;2026-01-19;true;365;false
550e8400-e29b-41d4-a716-446655444604;SNAP-MONTHLY-20260101-001;MONTHLY;2026-01-01;2026-01-01T00:00:00Z;1000;FINANCIAL;cost_center,profit_center,station_code;1850;2025-12-01;2025-12-31;true;730;false
550e8400-e29b-41d4-a716-446655444605;SNAP-MONTHLY-20260101-002;MONTHLY;2026-01-01;2026-01-01T00:00:00Z;2000;FINANCIAL;cost_center,profit_center,station_code;620;2025-12-01;2025-12-31;true;730;false
550e8400-e29b-41d4-a716-446655444606;SNAP-DAILY-20260118-001;DAILY;2026-01-18;2026-01-18T00:00:00Z;1000;FUEL_OPERATIONS;station_code,supplier_id;1180;2026-01-17;2026-01-17;true;365;false
