ID;period;company_code;fiscal_year;cost_center;profit_center;station_code;variance_category;variance_type;budget_amount;actual_amount;variance_amount;variance_pct;currency_code;budget_quantity;actual_quantity;quantity_variance;quantity_uom;status;threshold_breached;threshold_value;root_cause;corrective_action;analyzed_by;analyzed_at;requires_review;reviewed_by;reviewed_at;created_at;created_by;modified_at;modified_by
550e8400-e29b-41d4-a716-446655444301;2026-01;1000;2026;CC-MNL-OPS;;MNL;FUEL_COST;BUDGET;1250000.00;1287500.00;37500.00;3.0000;USD;1500000.00;1545000.00;45000.00;KG;OK;false;5.0000;;;finance.analyst@airline.com;2026-01-18T10:00:00Z;false;;;2026-01-18T08:00:00Z;SYSTEM;2026-01-18T10:00:00Z;finance.analyst@airline.com
550e8400-e29b-41d4-a716-446655444302;2026-01;1000;2026;CC-CEB-OPS;;CEB;FUEL_COST;BUDGET;850000.00;892500.00;42500.00;5.0000;USD;1000000.00;1050000.00;50000.00;KG;WARNING;true;5.0000;Higher than expected traffic volume;Adjust Q2 forecast upward;finance.analyst@airline.com;2026-01-18T11:00:00Z;true;finance.controller@airline.com;2026-01-18T14:00:00Z;2026-01-18T08:00:00Z;SYSTEM;2026-01-18T14:00:00Z;finance.controller@airline.com
550e8400-e29b-41d4-a716-446655444303;2026-01;1000;2026;CC-SIN-OPS;;SIN;FUEL_COST;BUDGET;2100000.00;2352000.00;252000.00;12.0000;USD;2500000.00;2800000.00;300000.00;KG;CRITICAL;true;5.0000;Singapore hub expansion increased volume;Budget reallocation from reserve;finance.analyst@airline.com;2026-01-18T11:30:00Z;true;finance.controller@airline.com;2026-01-18T15:00:00Z;2026-01-18T08:00:00Z;SYSTEM;2026-01-18T15:00:00Z;finance.controller@airline.com
550e8400-e29b-41d4-a716-446655444304;2026-01;2000;2026;;PC-SG-HUB;SIN;FUEL_COST;BUDGET;1800000.00;1836000.00;36000.00;2.0000;SGD;2000000.00;2040000.00;40000.00;KG;OK;false;5.0000;;;;;false;;;2026-01-18T08:00:00Z;SYSTEM;2026-01-18T08:00:00Z;SYSTEM
550e8400-e29b-41d4-a716-446655444305;2025-12;1000;2025;CC-MNL-OPS;;MNL;FUEL_COST;BUDGET;1200000.00;1176000.00;-24000.00;-2.0000;USD;1450000.00;1421000.00;-29000.00;KG;OK;false;5.0000;Favorable pricing from contract renegotiation;;finance.analyst@airline.com;2026-01-05T10:00:00Z;false;;;2026-01-05T08:00:00Z;SYSTEM;2026-01-05T10:00:00Z;finance.analyst@airline.com
550e8400-e29b-41d4-a716-446655444306;2025-12;1000;2025;CC-HKG-OPS;;HKG;FUEL_COST;BUDGET;980000.00;1029000.00;49000.00;5.0000;USD;1100000.00;1155000.00;55000.00;KG;WARNING;true;5.0000;Year-end volume spike;Adjust 2026 budget baseline;finance.analyst@airline.com;2026-01-05T11:00:00Z;true;finance.controller@airline.com;2026-01-06T09:00:00Z;2026-01-05T08:00:00Z;SYSTEM;2026-01-06T09:00:00Z;finance.controller@airline.com
