ID;metric_date;period_type;entity_type;entity_source;company_code;total_records;valid_records;invalid_records;duplicate_records;orphan_records;completeness_score;accuracy_score;consistency_score;timeliness_score;uniqueness_score;overall_score;missing_required;invalid_format;out_of_range;referential_errors;business_rule_errors;previous_score;score_change;calculated_at
550e8400-e29b-41d4-a716-446655443901;2026-01-19;DAILY;SUPPLIER;S4HANA;1000;125;122;3;0;0;98.50;97.20;99.10;100.00;100.00;98.96;2;1;0;0;0;98.45;0.51;2026-01-19T06:30:00Z
550e8400-e29b-41d4-a716-446655443902;2026-01-19;DAILY;SUPPLIER;S4HANA;2000;45;44;1;0;0;97.80;98.50;99.50;100.00;100.00;99.16;1;0;0;0;0;99.00;0.16;2026-01-19T06:30:00Z
550e8400-e29b-41d4-a716-446655443903;2026-01-19;DAILY;AIRPORT;FUELSPHERE;1000;85;85;0;0;0;100.00;99.80;100.00;100.00;100.00;99.96;0;0;0;0;0;99.96;0.00;2026-01-19T06:30:00Z
550e8400-e29b-41d4-a716-446655443904;2026-01-19;DAILY;FUEL_ORDER;FUELSPHERE;1000;1250;1235;15;2;3;98.20;96.50;97.80;99.50;99.84;98.37;8;4;2;1;0;98.10;0.27;2026-01-19T06:30:00Z
550e8400-e29b-41d4-a716-446655443905;2026-01-19;DAILY;INVOICE;FUELSPHERE;1000;450;442;8;0;2;97.50;98.20;96.80;99.00;100.00;98.30;5;2;0;1;0;97.85;0.45;2026-01-19T06:30:00Z
550e8400-e29b-41d4-a716-446655443906;2026-01-19;DAILY;FUEL_DELIVERY;FUELSPHERE;1000;2850;2820;30;5;8;98.90;97.10;96.50;98.80;99.82;98.22;12;8;5;3;2;97.95;0.27;2026-01-19T06:30:00Z
550e8400-e29b-41d4-a716-446655443907;2026-01-18;DAILY;SUPPLIER;S4HANA;1000;123;120;3;0;0;98.45;97.00;99.00;100.00;100.00;98.89;2;1;0;0;0;98.20;0.69;2026-01-18T06:30:00Z
550e8400-e29b-41d4-a716-446655443908;2026-01-18;DAILY;FUEL_ORDER;FUELSPHERE;1000;1220;1200;20;3;5;98.10;96.20;97.50;99.20;99.75;98.15;10;5;3;2;0;97.80;0.35;2026-01-18T06:30:00Z
