ID;metric_date;metric_hour;period_type;integration_name;endpoint_url;http_method;source_system;target_system;total_calls;successful_calls;failed_calls;timeout_calls;success_rate_pct;avg_response_time;min_response_time;max_response_time;p50_response_time;p90_response_time;p95_response_time;p99_response_time;std_deviation;requests_per_second;peak_requests_per_second;total_bytes_sent;total_bytes_received;error_4xx_count;error_5xx_count;retry_count;sla_target_ms;sla_compliance_pct;sla_breaches;calculated_at
550e8400-e29b-41d4-a716-446655443801;2026-01-19;8;HOURLY;S4_JOURNAL_ENTRY;https://s4hana.example.com/sap/opu/odata/sap/API_JOURNALENTRYITEMBASIC_SRV;POST;FUELSPHERE;S4HANA;45;43;2;1;95.56;1250.45;156;5200;890;2100;2800;4500;856.32;0.0125;0.05;4500000;2250000;1;1;3;3000;93.33;3;2026-01-19T09:00:00Z
550e8400-e29b-41d4-a716-446655443802;2026-01-19;8;HOURLY;S4_PURCHASE_ORDER;https://s4hana.example.com/sap/opu/odata/sap/API_PURCHASEORDER_PROCESS_SRV;POST;FUELSPHERE;S4HANA;12;12;0;0;100.00;2456.78;1200;3800;2200;3200;3500;3800;654.21;0.0033;0.02;1200000;600000;0;0;0;5000;100.00;0;2026-01-19T09:00:00Z
550e8400-e29b-41d4-a716-446655443803;2026-01-19;8;HOURLY;ACARS_INGEST;/odata/v4/burn/ingestACARS;POST;ACARS;FUELSPHERE;250;248;2;0;99.20;145.67;45;890;120;250;380;650;125.45;0.0694;0.25;12500000;500000;2;0;0;1000;99.20;2;2026-01-19T09:00:00Z
550e8400-e29b-41d4-a716-446655443804;2026-01-19;;DAILY;S4_JOURNAL_ENTRY;https://s4hana.example.com/sap/opu/odata/sap/API_JOURNALENTRYITEMBASIC_SRV;POST;FUELSPHERE;S4HANA;520;498;22;5;95.77;1180.25;145;6500;850;2050;2650;4200;789.56;0.0060;0.08;52000000;26000000;12;10;25;3000;94.62;28;2026-01-19T00:00:00Z
550e8400-e29b-41d4-a716-446655443805;2026-01-18;;DAILY;S4_JOURNAL_ENTRY;https://s4hana.example.com/sap/opu/odata/sap/API_JOURNALENTRYITEMBASIC_SRV;POST;FUELSPHERE;S4HANA;485;475;10;3;97.94;1050.12;142;5800;780;1950;2450;3800;695.23;0.0056;0.07;48500000;24250000;5;5;12;3000;96.91;15;2026-01-18T00:00:00Z
550e8400-e29b-41d4-a716-446655443806;2026-01-18;;DAILY;ACARS_INGEST;/odata/v4/burn/ingestACARS;POST;ACARS;FUELSPHERE;5840;5812;28;0;99.52;138.45;42;1200;115;235;350;580;112.34;0.0676;0.35;292000000;11680000;28;0;0;1000;99.52;28;2026-01-18T00:00:00Z
550e8400-e29b-41d4-a716-446655443807;2026-01-17;;DAILY;MASTER_DATA_SYNC;/odata/v4/master;GET;S4HANA;FUELSPHERE;180;178;2;0;98.89;256.78;85;1500;210;450;620;980;185.67;0.0021;0.01;9000000;45000000;2;0;0;2000;98.89;2;2026-01-17T00:00:00Z
