ID;alert_definition_ID;alert_code;triggered_at;acknowledged_at;resolved_at;duration_mins;trigger_value;threshold_value;metric_type;correlation_id;integration_name;component_name;error_code;status;severity;acknowledged_by;resolved_by;resolution_notes;notifications_sent;last_notification_at;escalated;escalated_at
550e8400-e29b-41d4-a716-446655443501;550e8400-e29b-41d4-a716-446655443401;ALERT-S4-TIMEOUT;2026-01-19T08:05:00Z;2026-01-19T08:08:00Z;2026-01-19T08:12:00Z;7;2856.0000;5000.0000;RESPONSE_TIME;550e8400-e29b-41d4-a716-446655443102;S4_JOURNAL_ENTRY;S4HANA_API;;RESOLVED;HIGH;integration.admin@airline.com;SYSTEM;Auto-resolved - response time back to normal;2;2026-01-19T08:05:00Z;false;
550e8400-e29b-41d4-a716-446655443502;550e8400-e29b-41d4-a716-446655443401;ALERT-S4-TIMEOUT;2026-01-18T14:30:00Z;2026-01-18T14:35:00Z;2026-01-18T14:50:00Z;20;6500.0000;5000.0000;RESPONSE_TIME;;S4_JOURNAL_ENTRY;S4HANA_API;INT402;RESOLVED;HIGH;integration.admin@airline.com;integration.admin@airline.com;OAuth credentials refreshed;3;2026-01-18T14:45:00Z;true;2026-01-18T14:45:00Z
550e8400-e29b-41d4-a716-446655443503;550e8400-e29b-41d4-a716-446655443401;ALERT-S4-TIMEOUT;2026-01-17T22:00:00Z;;2026-01-17T22:15:00Z;15;5200.0000;5000.0000;RESPONSE_TIME;;S4_JOURNAL_ENTRY;S4HANA_API;;RESOLVED;HIGH;;SYSTEM;Auto-resolved - response time back to normal;1;2026-01-17T22:00:00Z;false;
550e8400-e29b-41d4-a716-446655443504;550e8400-e29b-41d4-a716-446655443401;ALERT-S4-TIMEOUT;2026-01-16T10:30:00Z;2026-01-16T10:32:00Z;2026-01-16T10:45:00Z;15;7800.0000;5000.0000;RESPONSE_TIME;;S4_JOURNAL_ENTRY;S4HANA_API;;RESOLVED;HIGH;integration.admin@airline.com;integration.admin@airline.com;Network issue resolved by infrastructure team;2;2026-01-16T10:35:00Z;false;
