ID;config_key;config_name;config_group;config_value;config_type;default_value;is_encrypted;company_code;environment;validation_regex;min_value;max_value;description;example_value;requires_restart;last_changed_reason;is_active;created_at;created_by;modified_at;modified_by
550e8400-e29b-41d4-a716-446655443601;s4.api.timeout.ms;S/4HANA API Timeout;S4_INTEGRATION;30000;INTEGER;30000;false;;PROD;;1000;120000;HTTP timeout for S/4HANA API calls in milliseconds;30000;false;Increased from 20000 due to occasional timeouts;true;2025-01-01T00:00:00Z;integration.admin@airline.com;2026-01-10T09:00:00Z;integration.admin@airline.com
550e8400-e29b-41d4-a716-446655443602;s4.api.retry.max;S/4HANA Max Retries;S4_INTEGRATION;3;INTEGER;3;false;;PROD;;1;10;Maximum retry attempts for failed S/4HANA API calls;3;false;;true;2025-01-01T00:00:00Z;integration.admin@airline.com;2025-01-01T00:00:00Z;integration.admin@airline.com
550e8400-e29b-41d4-a716-446655443603;s4.api.retry.backoff.ms;S/4HANA Retry Backoff;S4_INTEGRATION;2000;INTEGER;2000;false;;PROD;;500;30000;Base backoff time for retry in milliseconds;2000;false;;true;2025-01-01T00:00:00Z;integration.admin@airline.com;2025-01-01T00:00:00Z;integration.admin@airline.com
550e8400-e29b-41d4-a716-446655443604;acars.batch.size;ACARS Batch Size;ACARS_INTEGRATION;100;INTEGER;100;false;;PROD;;10;1000;Number of ACARS messages to process per batch;100;false;;true;2025-01-01T00:00:00Z;integration.admin@airline.com;2025-01-01T00:00:00Z;integration.admin@airline.com
550e8400-e29b-41d4-a716-446655443605;acars.rate.limit.per.min;ACARS Rate Limit;ACARS_INTEGRATION;500;INTEGER;500;false;;PROD;;100;2000;Maximum ACARS messages per minute;500;false;;true;2025-01-01T00:00:00Z;integration.admin@airline.com;2025-01-01T00:00:00Z;integration.admin@airline.com
550e8400-e29b-41d4-a716-446655443606;message.retention.days;Message Retention Days;LOGGING;90;INTEGER;90;false;;PROD;;30;365;Days to retain integration messages before archiving;90;false;;true;2025-01-01T00:00:00Z;integration.admin@airline.com;2025-01-01T00:00:00Z;integration.admin@airline.com
550e8400-e29b-41d4-a716-446655443607;health.check.interval.sec;Health Check Interval;MONITORING;300;INTEGER;300;false;;PROD;;60;3600;Interval between health checks in seconds;300;true;;true;2025-01-01T00:00:00Z;integration.admin@airline.com;2025-01-01T00:00:00Z;integration.admin@airline.com
550e8400-e29b-41d4-a716-446655443608;circuit.breaker.threshold;Circuit Breaker Threshold;RESILIENCE;5;INTEGER;5;false;;PROD;;3;20;Number of failures before circuit breaker opens;5;false;;true;2025-01-01T00:00:00Z;integration.admin@airline.com;2025-01-01T00:00:00Z;integration.admin@airline.com
