ID;report_definition_ID;report_code;execution_time;duration_ms;output_format;period_from;period_to;company_code;output_file_name;output_file_path;output_file_size;row_count;status;error_message;requested_by;request_source;distributed_to;distributed_at
550e8400-e29b-41d4-a716-446655444701;550e8400-e29b-41d4-a716-446655444001;RPT-VAR-001;2026-01-19T08:30:00Z;4520;EXCEL;2026-01;2026-01;1000;Variance_Analysis_202601_1000.xlsx;/reports/2026/01/Variance_Analysis_202601_1000.xlsx;245890;156;COMPLETED;;finance.controller@airline.com;UI;finance.team@airline.com;2026-01-19T08:30:05Z
550e8400-e29b-41d4-a716-446655444702;550e8400-e29b-41d4-a716-446655444003;RPT-FUEL-001;2026-01-19T07:00:00Z;8950;EXCEL;2025-01;2026-01;1000;Historical_Fuel_Analysis_2025_2026.xlsx;/reports/2026/01/Historical_Fuel_Analysis_2025_2026.xlsx;1250450;4520;COMPLETED;;SYSTEM;SCHEDULED;fuel.planner@airline.com,ops.manager@airline.com;2026-01-19T07:00:10Z
550e8400-e29b-41d4-a716-446655444703;550e8400-e29b-41d4-a716-446655444004;RPT-INV-001;2026-01-18T17:00:00Z;3250;PDF;2026-01;2026-01;1000;Invoice_Processing_202601.pdf;/reports/2026/01/Invoice_Processing_202601.pdf;89560;89;COMPLETED;;finance.manager@airline.com;UI;;
550e8400-e29b-41d4-a716-446655444704;550e8400-e29b-41d4-a716-446655444002;RPT-ALLOC-001;2026-01-18T14:00:00Z;6780;EXCEL;2025-12;2025-12;1000;Allocation_Detail_202512.xlsx;/reports/2026/01/Allocation_Detail_202512.xlsx;456780;2340;COMPLETED;;cost.accountant@airline.com;UI;;
550e8400-e29b-41d4-a716-446655444705;550e8400-e29b-41d4-a716-446655444006;RPT-BURN-001;2026-01-19T06:00:00Z;5120;EXCEL;2026-01;2026-01;1000;Fuel_Burn_Analysis_202601.xlsx;/reports/2026/01/Fuel_Burn_Analysis_202601.xlsx;178900;850;COMPLETED;;SYSTEM;SCHEDULED;ops.manager@airline.com;2026-01-19T06:00:06Z
550e8400-e29b-41d4-a716-446655444706;550e8400-e29b-41d4-a716-446655444001;RPT-VAR-001;2026-01-18T09:15:00Z;4890;PDF;2025-12;2025-12;1000;Variance_Analysis_202512_1000.pdf;/reports/2026/01/Variance_Analysis_202512_1000.pdf;125670;142;COMPLETED;;finance.controller@airline.com;UI;cfo@airline.com;2026-01-18T09:15:05Z
