ID;dashboard_code;dashboard_name;dashboard_description;layout_type;column_count;row_height;persona;required_scope;filter_bar_visible;auto_refresh;refresh_interval_sec;is_home_page;display_order;is_active;created_at;created_by;modified_at;modified_by
550e8400-e29b-41d4-a716-446655444101;DASH-FUEL-OPS;Fuel Operations Dashboard;Central operational overview with real-time KPIs for fuel operations;GRID;4;200;OPERATIONS_MANAGER;DashboardView;true;true;300;true;10;true;2025-01-01T00:00:00Z;business.analyst@airline.com;2026-01-15T10:00:00Z;business.analyst@airline.com
550e8400-e29b-41d4-a716-446655444102;DASH-FIN-CTRL;Finance Controller Home;Financial metrics and cost analysis dashboard;GRID;4;200;FINANCE_CONTROLLER;DashboardView;true;true;300;true;20;true;2025-01-01T00:00:00Z;business.analyst@airline.com;2026-01-15T10:00:00Z;business.analyst@airline.com
550e8400-e29b-41d4-a716-446655444103;DASH-AP-ANLYT;AP Analytics Dashboard;Accounts payable insights and invoice processing metrics;GRID;4;200;FINANCE_MANAGER;DashboardView;true;true;300;false;30;true;2025-01-01T00:00:00Z;business.analyst@airline.com;2025-01-01T00:00:00Z;business.analyst@airline.com
550e8400-e29b-41d4-a716-446655444104;DASH-DATA-QUAL;Data Quality Dashboard;Data integrity and quality monitoring;GRID;3;250;INTEGRATION_ADMIN;IntegrationMonitor;true;true;600;false;100;true;2025-01-01T00:00:00Z;business.analyst@airline.com;2025-01-01T00:00:00Z;business.analyst@airline.com
550e8400-e29b-41d4-a716-446655444105;DASH-EXEC;Executive Summary;Strategic overview for executive management;CARDS;2;300;EXECUTIVE;ReportView;false;true;600;true;5;true;2025-01-01T00:00:00Z;business.analyst@airline.com;2026-01-10T14:00:00Z;business.analyst@airline.com
