ID;correlation_id;message_id;sequence_number;timestamp;request_time;response_time;duration_ms;integration_name;direction;endpoint_url;http_method;source_system;target_system;company_code;http_status_code;status;error_code;error_message;business_object_type;business_object_id;business_object_key;user_id;retry_count;is_retry;retention_days;is_archived
550e8400-e29b-41d4-a716-446655443001;550e8400-e29b-41d4-a716-446655443101;MSG-2026011900001;1;2026-01-19T08:00:00Z;2026-01-19T08:00:00Z;2026-01-19T08:00:00Z;245;S4_JOURNAL_ENTRY;OUTBOUND;https://s4hana.example.com/sap/opu/odata/sap/API_JOURNALENTRYITEMBASIC_SRV;POST;FUELSPHERE;S4HANA;1000;201;SUCCESS;;;INVOICE;550e8400-e29b-41d4-a716-446655440801;INV-2026-00001;finance.controller@airline.com;0;false;90;false
550e8400-e29b-41d4-a716-446655443002;550e8400-e29b-41d4-a716-446655443102;MSG-2026011900002;1;2026-01-19T08:15:00Z;2026-01-19T08:15:00Z;2026-01-19T08:15:03Z;3245;S4_PURCHASE_ORDER;OUTBOUND;https://s4hana.example.com/sap/opu/odata/sap/API_PURCHASEORDER_PROCESS_SRV;POST;FUELSPHERE;S4HANA;1000;201;SUCCESS;;;FUEL_ORDER;550e8400-e29b-41d4-a716-446655440401;FO-2026-MNL-00001;station.coordinator@airline.com;0;false;90;false
550e8400-e29b-41d4-a716-446655443003;550e8400-e29b-41d4-a716-446655443103;MSG-2026011900003;1;2026-01-19T08:30:00Z;2026-01-19T08:30:00Z;2026-01-19T08:30:00Z;156;ACARS_INGEST;INBOUND;/odata/v4/burn/ingestACARS;POST;ACARS;FUELSPHERE;1000;200;SUCCESS;;;FUEL_BURN;550e8400-e29b-41d4-a716-446655441501;BURN-2026-00001;SYSTEM;0;false;90;false
550e8400-e29b-41d4-a716-446655443004;550e8400-e29b-41d4-a716-446655443104;MSG-2026011900004;1;2026-01-19T09:00:00Z;2026-01-19T09:00:00Z;2026-01-19T09:00:30Z;30000;S4_GOODS_RECEIPT;OUTBOUND;https://s4hana.example.com/sap/opu/odata/sap/API_INBOUND_DELIVERY_SRV;POST;FUELSPHERE;S4HANA;1000;504;TIMEOUT;INT401;Connection timeout after 30000ms;FUEL_DELIVERY;550e8400-e29b-41d4-a716-446655440501;DEL-2026-00001;ground.ops@airline.com;0;false;90;false
550e8400-e29b-41d4-a716-446655443005;550e8400-e29b-41d4-a716-446655443104;MSG-2026011900005;2;2026-01-19T09:05:00Z;2026-01-19T09:05:00Z;2026-01-19T09:05:02Z;2156;S4_GOODS_RECEIPT;OUTBOUND;https://s4hana.example.com/sap/opu/odata/sap/API_INBOUND_DELIVERY_SRV;POST;FUELSPHERE;S4HANA;1000;201;SUCCESS;;;FUEL_DELIVERY;550e8400-e29b-41d4-a716-446655440501;DEL-2026-00001;ground.ops@airline.com;1;true;90;false
550e8400-e29b-41d4-a716-446655443006;550e8400-e29b-41d4-a716-446655443105;MSG-2026011900006;1;2026-01-19T09:30:00Z;2026-01-19T09:30:00Z;2026-01-19T09:30:00Z;89;MASTER_DATA_SYNC;INBOUND;/odata/v4/master/Suppliers;GET;S4HANA;FUELSPHERE;;200;SUCCESS;;;SUPPLIER;;SHELL;SYSTEM;0;false;90;false
550e8400-e29b-41d4-a716-446655443007;550e8400-e29b-41d4-a716-446655443106;MSG-2026011900007;1;2026-01-19T10:00:00Z;2026-01-19T10:00:00Z;2026-01-19T10:00:00Z;401;S4_INVOICE_POST;OUTBOUND;https://s4hana.example.com/sap/opu/odata/sap/API_SUPPLIERINVOICE_PROCESS_SRV;POST;FUELSPHERE;S4HANA;1000;400;FAILURE;INT405;Validation failed: Tax code invalid for country;INVOICE;550e8400-e29b-41d4-a716-446655440802;INV-2026-00002;finance.controller@airline.com;0;false;90;false
550e8400-e29b-41d4-a716-446655443008;550e8400-e29b-41d4-a716-446655443107;MSG-2026011900008;1;2026-01-19T10:30:00Z;2026-01-19T10:30:00Z;2026-01-19T10:30:00Z;178;COMPLIANCE_SCREEN;OUTBOUND;https://sanctions-api.example.com/v1/screen;POST;FUELSPHERE;SANCTIONS_API;1000;200;SUCCESS;;;SUPPLIER;550e8400-e29b-41d4-a716-446655440201;SUP-SHELL;compliance.officer@airline.com;0;false;90;false
