ID;batch_id;batch_name;import_start_time;import_end_time;duration_seconds;source_type;source_file_name;source_file_path;market_index_ID;date_from;date_to;records_total;records_imported;records_updated;records_skipped;records_failed;status;error_summary;requires_verification;verified_by;verified_at;created_at;created_by;modified_at;modified_by
550e8400-e29b-41d4-a716-446655446601;IMP-20260117-001;Platts MOPS Singapore Import;2026-01-17T17:00:00Z;2026-01-17T17:00:30Z;30;FILE;platts_mops_sg_20260117.csv;/imports/2026/01/17/;550e8400-e29b-41d4-a716-446655446001;2026-01-17;2026-01-17;5;5;0;0;0;COMPLETED;;true;index.import@airline.com;2026-01-17T17:01:00Z;2026-01-17T17:00:00Z;index.import@airline.com;2026-01-17T17:00:30Z;index.import@airline.com
550e8400-e29b-41d4-a716-446655446602;IMP-20260117-002;Platts FOB Rotterdam Import;2026-01-17T17:30:00Z;2026-01-17T17:30:15Z;15;FILE;platts_fob_rotterdam_20260117.csv;/imports/2026/01/17/;550e8400-e29b-41d4-a716-446655446002;2026-01-17;2026-01-17;3;3;0;0;0;COMPLETED;;true;index.import@airline.com;2026-01-17T17:31:00Z;2026-01-17T17:30:00Z;index.import@airline.com;2026-01-17T17:30:15Z;index.import@airline.com
550e8400-e29b-41d4-a716-446655446603;IMP-20260117-003;Argus Japan Import;2026-01-17T16:30:00Z;2026-01-17T16:30:20Z;20;FILE;argus_japan_20260117.xml;/imports/2026/01/17/;550e8400-e29b-41d4-a716-446655446003;2026-01-17;2026-01-17;2;2;0;0;0;COMPLETED;;true;index.import@airline.com;2026-01-17T16:31:00Z;2026-01-17T16:30:00Z;index.import@airline.com;2026-01-17T16:30:20Z;index.import@airline.com
550e8400-e29b-41d4-a716-446655446604;IMP-20260116-001;Platts MOPS Singapore Import;2026-01-16T17:00:00Z;2026-01-16T17:00:45Z;45;FILE;platts_mops_sg_20260116.csv;/imports/2026/01/16/;550e8400-e29b-41d4-a716-446655446001;2026-01-16;2026-01-16;5;4;0;0;1;COMPLETED;Record 3: Invalid price format;true;index.import@airline.com;2026-01-16T17:01:00Z;2026-01-16T17:00:00Z;index.import@airline.com;2026-01-16T17:00:45Z;index.import@airline.com
