ID;order_ID;delivery_ID;ticket_number;internal_number;aircraft_reg;flight_number;quantity;uom_code;delivery_timestamp;supplier_ticket_ref;status;verified_by;verified_at;created_at;created_by;modified_at;modified_by
b8c9d0e1-8888-4000-8000-000000000001;f6a7b8c9-6666-4000-8000-000000000001;a7b8c9d0-7777-4000-8000-000000000001;SHELL-MNL-2026011701;FT-MNL-20260117-001;RP-C9901;PR101;5480.00;KG;2026-01-17T05:55:00Z;SHL-PH-00123456;Closed;ops.manager@airline.com;2026-01-17T07:00:00Z;2026-01-17T05:55:00Z;station.coordinator@airline.com;2026-01-17T07:00:00Z;ops.manager@airline.com
b8c9d0e1-8888-4000-8000-000000000002;f6a7b8c9-6666-4000-8000-000000000007;a7b8c9d0-7777-4000-8000-000000000002;SHELL-MNL-2026011702;FT-MNL-20260117-002;RP-C9902;PR201;4200.00;KG;2026-01-17T07:55:00Z;SHL-PH-00123457;Closed;ops.manager@airline.com;2026-01-17T09:00:00Z;2026-01-17T07:55:00Z;station.coordinator@airline.com;2026-01-17T09:00:00Z;ops.manager@airline.com
b8c9d0e1-8888-4000-8000-000000000003;f6a7b8c9-6666-4000-8000-000000000002;a7b8c9d0-7777-4000-8000-000000000003;PETRON-CEB-2026011701;FT-CEB-20260117-001;RP-C9901;PR102;4750.00;KG;2026-01-17T08:25:00Z;PTN-PH-00234567;Attached;;;2026-01-17T08:25:00Z;station.cebu@airline.com;2026-01-17T08:25:00Z;station.cebu@airline.com
b8c9d0e1-8888-4000-8000-000000000004;f6a7b8c9-6666-4000-8000-000000000008;a7b8c9d0-7777-4000-8000-000000000004;PETRON-DVO-2026011701;FT-DVO-20260117-001;RP-C9902;PR202;3850.00;KG;2026-01-17T10:25:00Z;PTN-PH-00234568;Attached;;;2026-01-17T10:25:00Z;station.davao@airline.com;2026-01-17T10:25:00Z;station.davao@airline.com
