ID;version_ID;airport_ID;product_ID;period;unit_price;currency_code;uom_code;price_source;source_contract_ID;index_value;index_date;effective_from;effective_to;notes;created_at;created_by;modified_at;modified_by
550e8400-e29b-41d4-a716-446655440601;550e8400-e29b-41d4-a716-446655440201;550e8400-e29b-41d4-a716-446655440001;550e8400-e29b-41d4-a716-446655440010;2026-01;0.8520;USD;KG;DERIVED;550e8400-e29b-41d4-a716-446655440020;85.20;2025-12-15;2026-01-01;2026-01-31;Manila JET-A1 Jan 2026 from MOPS;2025-12-15T10:00:00Z;fuel.planner@airline.com;2025-12-15T10:00:00Z;fuel.planner@airline.com
550e8400-e29b-41d4-a716-446655440602;550e8400-e29b-41d4-a716-446655440201;550e8400-e29b-41d4-a716-446655440001;550e8400-e29b-41d4-a716-446655440010;2026-02;0.8480;USD;KG;DERIVED;550e8400-e29b-41d4-a716-446655440020;84.80;2025-12-15;2026-02-01;2026-02-28;Manila JET-A1 Feb 2026 from MOPS;2025-12-15T10:00:00Z;fuel.planner@airline.com;2025-12-15T10:00:00Z;fuel.planner@airline.com
550e8400-e29b-41d4-a716-446655440603;550e8400-e29b-41d4-a716-446655440201;550e8400-e29b-41d4-a716-446655440001;550e8400-e29b-41d4-a716-446655440010;2026-03;0.8550;USD;KG;DERIVED;550e8400-e29b-41d4-a716-446655440020;85.50;2025-12-15;2026-03-01;2026-03-31;Manila JET-A1 Mar 2026 from MOPS;2025-12-15T10:00:00Z;fuel.planner@airline.com;2025-12-15T10:00:00Z;fuel.planner@airline.com
550e8400-e29b-41d4-a716-446655440604;550e8400-e29b-41d4-a716-446655440201;550e8400-e29b-41d4-a716-446655440002;550e8400-e29b-41d4-a716-446655440010;2026-01;0.8650;USD;KG;DERIVED;550e8400-e29b-41d4-a716-446655440021;86.50;2025-12-15;2026-01-01;2026-01-31;Singapore JET-A1 Jan 2026 from Platts;2025-12-15T10:00:00Z;fuel.planner@airline.com;2025-12-15T10:00:00Z;fuel.planner@airline.com
550e8400-e29b-41d4-a716-446655440605;550e8400-e29b-41d4-a716-446655440201;550e8400-e29b-41d4-a716-446655440003;550e8400-e29b-41d4-a716-446655440010;2026-01;0.8750;USD;KG;MANUAL;;;;2026-01-01;2026-01-31;Hong Kong JET-A1 Jan 2026 manual estimate;2025-12-15T10:00:00Z;fuel.planner@airline.com;2025-12-15T10:00:00Z;fuel.planner@airline.com
