ID;export_id;export_name;export_start_time;export_end_time;duration_seconds;period_from;period_to;company_codes;data_type;sac_model_id;sac_version;sac_connection_name;records_exported;records_created;records_updated;records_failed;total_amount;currency_code;status;error_count;requires_approval;approved_by;approved_at;approval_notes;trigger_type;triggered_by;created_at;created_by;modified_at;modified_by
550e8400-e29b-41d4-a716-446655444501;EXP-SAC-20260119-001;Q1 2026 Budget Actuals Export;2026-01-19T07:00:00Z;2026-01-19T07:02:30Z;150;2026-01;2026-01;1000,2000;ACTUALS;SAC_FUELSPHERE_PLANNING;ACTUAL_2026;SAC_PLANNING_DEST;450;0;450;0;5250000.00;USD;COMPLETED;0;false;;;Budget actuals auto-sync;SCHEDULED;SYSTEM;2026-01-19T07:00:00Z;SYSTEM;2026-01-19T07:02:30Z;SYSTEM
550e8400-e29b-41d4-a716-446655444502;EXP-SAC-20260115-001;2026 Annual Budget Export;2026-01-15T10:00:00Z;2026-01-15T10:15:45Z;945;2026-01;2026-12;1000,2000;BUDGET;SAC_FUELSPHERE_PLANNING;BUDGET_2026;SAC_PLANNING_DEST;1200;1200;0;0;125000000.00;USD;COMPLETED;0;true;finance.controller@airline.com;2026-01-15T11:00:00Z;Annual budget approved for SAC writeback;MANUAL;finance.controller@airline.com;2026-01-15T10:00:00Z;finance.controller@airline.com;2026-01-15T11:00:00Z;finance.controller@airline.com
550e8400-e29b-41d4-a716-446655444503;EXP-SAC-20260118-001;December 2025 Actuals Sync;2026-01-18T06:00:00Z;2026-01-18T06:03:15Z;195;2025-12;2025-12;1000,2000;ACTUALS;SAC_FUELSPHERE_PLANNING;ACTUAL_2025;SAC_PLANNING_DEST;520;0;520;0;4850000.00;USD;COMPLETED;0;false;;;;SCHEDULED;SYSTEM;2026-01-18T06:00:00Z;SYSTEM;2026-01-18T06:03:15Z;SYSTEM
550e8400-e29b-41d4-a716-446655444504;EXP-SAC-20260110-001;Q1 2026 Forecast Update;2026-01-10T14:00:00Z;2026-01-10T14:08:20Z;500;2026-01;2026-03;1000;FORECAST;SAC_FUELSPHERE_PLANNING;FORECAST_2026_Q1;SAC_PLANNING_DEST;180;60;120;0;32500000.00;USD;COMPLETED;0;true;finance.controller@airline.com;2026-01-10T15:00:00Z;Q1 forecast revision approved;MANUAL;fuel.planner@airline.com;2026-01-10T14:00:00Z;fuel.planner@airline.com;2026-01-10T15:00:00Z;finance.controller@airline.com
