ID;contract_ID;contract_number;formula_ID;formula_version;price_date;derived_price;currency_currency_code;uom_uom_code;base_index_ID;base_index_value;base_index_date;pricing_engine;cpe_price;price_variance;variance_pct;variance_flag;component_breakdown;created_at;created_by;modified_at;modified_by
550e8400-e29b-41d4-a716-446655446501;d4e5f6a7-4444-4000-8000-000000000001;CON-2026-001;550e8400-e29b-41d4-a716-446655446101;1;2026-01-17;95.2500;USD;KG;550e8400-e29b-41d4-a716-446655446001;82.5000;2026-01-17;NATIVE;95.8000;-0.5500;-0.57;MINOR;;2026-01-17T06:00:00Z;pricing.system@airline.com;2026-01-17T08:00:00Z;pricing.analyst@airline.com
550e8400-e29b-41d4-a716-446655446502;d4e5f6a7-4444-4000-8000-000000000002;CON-2026-002;550e8400-e29b-41d4-a716-446655446102;1;2026-01-17;88.5500;USD;KG;550e8400-e29b-41d4-a716-446655446002;78.3000;2026-01-17;NATIVE;;;;;;2026-01-17T06:30:00Z;pricing.system@airline.com;2026-01-17T06:30:00Z;pricing.system@airline.com
550e8400-e29b-41d4-a716-446655446503;d4e5f6a7-4444-4000-8000-000000000001;CON-2026-001;550e8400-e29b-41d4-a716-446655446101;1;2026-01-16;94.4375;USD;KG;550e8400-e29b-41d4-a716-446655446001;81.7500;2026-01-16;NATIVE;94.2000;0.2375;0.25;MATCH;;2026-01-16T06:00:00Z;pricing.system@airline.com;2026-01-16T08:00:00Z;pricing.analyst@airline.com
550e8400-e29b-41d4-a716-446655446504;d4e5f6a7-4444-4000-8000-000000000003;CON-2026-003;550e8400-e29b-41d4-a716-446655446104;1;2026-01-17;99.5000;USD;KG;550e8400-e29b-41d4-a716-446655446001;82.5000;2026-01-17;NATIVE;98.9000;0.6000;0.61;MINOR;;2026-01-17T06:00:00Z;pricing.system@airline.com;2026-01-17T06:00:00Z;pricing.system@airline.com
