ID;incident_code;incident_title;severity;incident_type;affected_systems;status;detected_at;reported_at;triaged_at;contained_at;resolved_at;time_to_detect_mins;time_to_contain_mins;assigned_to;reported_by;affected_user_count;requires_notification;notification_sent;created_at;created_by;modified_at;modified_by
550e8400-e29b-41d4-a716-446655445801;INC-20260118-001;Multiple Failed Login Attempts - Locked User;MEDIUM;BRUTE_FORCE;FuelSphere Authentication;RESOLVED;2026-01-18T14:25:00Z;2026-01-18T14:30:00Z;2026-01-18T14:35:00Z;2026-01-18T14:40:00Z;2026-01-18T15:00:00Z;5;15;security.admin@airline.com;SYSTEM;1;false;false;2026-01-18T14:30:00Z;SYSTEM;2026-01-18T15:00:00Z;security.admin@airline.com
550e8400-e29b-41d4-a716-446655445802;INC-20260115-001;Unauthorized Access Attempt - Terminated User;HIGH;UNAUTHORIZED_ACCESS;FuelSphere;CLOSED;2026-01-15T09:00:00Z;2026-01-15T09:05:00Z;2026-01-15T09:15:00Z;2026-01-15T09:20:00Z;2026-01-15T10:00:00Z;5;20;security.admin@airline.com;SYSTEM;0;false;false;2026-01-15T09:05:00Z;SYSTEM;2026-01-15T10:30:00Z;security.admin@airline.com
550e8400-e29b-41d4-a716-446655445803;INC-20260110-001;Suspicious Data Export - Large Volume;MEDIUM;DATA_EXFILTRATION;FuelSphere Reports;CLOSED;2026-01-10T16:00:00Z;2026-01-10T16:10:00Z;2026-01-10T16:20:00Z;2026-01-10T16:30:00Z;2026-01-10T17:00:00Z;10;30;security.admin@airline.com;SYSTEM;1;false;false;2026-01-10T16:10:00Z;SYSTEM;2026-01-10T17:30:00Z;security.admin@airline.com
550e8400-e29b-41d4-a716-446655445804;INC-20260119-001;SoD Violation Detected - Critical;HIGH;SOD_VIOLATION;FuelSphere Role Management;IN_PROGRESS;2026-01-19T10:00:00Z;2026-01-19T10:05:00Z;2026-01-19T10:15:00Z;;;5;;security.admin@airline.com;SYSTEM;1;false;false;2026-01-19T10:05:00Z;SYSTEM;2026-01-19T10:15:00Z;security.admin@airline.com
