ID;version_ID;flight_schedule_ID;route_route_code;aircraft_type_type_code;calculated_demand;uom_code;calculation_method;matrix_used_ID;seasonal_factor;adjustment_factor;historical_avg;historical_variance;calculation_date;calculated_at;notes
550e8400-e29b-41d4-a716-446655440501;550e8400-e29b-41d4-a716-446655440201;;MNL-SIN;A321;540900.00;KG;STANDARD;550e8400-e29b-41d4-a716-446655440401;1.0000;1.0000;530000.00;2.06;2026-01-15;2025-12-01T09:00:00Z;90 flights x 6010 kg standard
550e8400-e29b-41d4-a716-446655440502;550e8400-e29b-41d4-a716-446655440201;;MNL-SIN;A330;414500.00;KG;STANDARD;550e8400-e29b-41d4-a716-446655440402;1.0000;1.0000;400000.00;3.63;2026-01-15;2025-12-01T09:00:00Z;50 flights x 8290 kg standard
550e8400-e29b-41d4-a716-446655440503;550e8400-e29b-41d4-a716-446655440201;;MNL-HKG;A321;332400.00;KG;STANDARD;550e8400-e29b-41d4-a716-446655440403;1.0000;1.0000;325000.00;2.28;2026-01-15;2025-12-01T09:00:00Z;60 flights x 5540 kg standard
550e8400-e29b-41d4-a716-446655440504;550e8400-e29b-41d4-a716-446655440201;;MNL-HKG;A350;303300.00;KG;STANDARD;550e8400-e29b-41d4-a716-446655440404;1.0000;1.0000;295000.00;2.81;2026-01-15;2025-12-01T09:00:00Z;30 flights x 10110 kg standard
550e8400-e29b-41d4-a716-446655440505;550e8400-e29b-41d4-a716-446655440201;;SIN-HKG;A330;264200.00;KG;STANDARD;550e8400-e29b-41d4-a716-446655440405;1.0000;1.0000;260000.00;1.62;2026-01-15;2025-12-01T09:00:00Z;40 flights x 6605 kg standard
550e8400-e29b-41d4-a716-446655440506;550e8400-e29b-41d4-a716-446655440201;;MNL-CEB;A320;558000.00;KG;STANDARD;550e8400-e29b-41d4-a716-446655440406;1.0000;1.0000;550000.00;1.45;2026-01-15;2025-12-01T09:00:00Z;200 flights x 2790 kg domestic
