ID;version_id;version_name;version_type;fiscal_year;planning_period;status;description;approved_by;approved_at;sac_writeback_status;sac_model_id;created_at;created_by;modified_at;modified_by
550e8400-e29b-41d4-a716-446655440201;PV-BUDGET-2026-001;Annual Budget 2026;BUDGET;2026;MONTHLY;APPROVED;Primary annual fuel budget for fiscal year 2026;finance.controller@airline.com;2025-12-15T10:00:00Z;SUCCESS;SAC_FUEL_BUDGET_2026;2025-10-01T09:00:00Z;fuel.planner@airline.com;2025-12-15T10:00:00Z;finance.controller@airline.com
550e8400-e29b-41d4-a716-446655440202;PV-FORECAST-2026-Q1;Q1 2026 Forecast;FORECAST;2026;MONTHLY;DRAFT;First quarter rolling forecast with updated assumptions;;;PENDING;;2026-01-05T09:00:00Z;fuel.planner@airline.com;2026-01-15T14:30:00Z;fuel.planner@airline.com
550e8400-e29b-41d4-a716-446655440203;PV-SCENARIO-2026-HIGH;High Price Scenario 2026;SCENARIO;2026;MONTHLY;DRAFT;Scenario analysis with +15% price increase assumption;;;PENDING;;2025-11-01T09:00:00Z;fuel.planner@airline.com;2025-11-20T16:00:00Z;fuel.planner@airline.com
550e8400-e29b-41d4-a716-446655440204;PV-SCENARIO-2026-LOW;Low Price Scenario 2026;SCENARIO;2026;MONTHLY;DRAFT;Scenario analysis with -10% price decrease assumption;;;PENDING;;2025-11-01T09:00:00Z;fuel.planner@airline.com;2025-11-20T16:30:00Z;fuel.planner@airline.com
