ID;formula_id;formula_name;formula_description;formula_type;base_index_type;currency_ID;uom_ID;valid_from;valid_to;version;status;requires_approval;requested_by;requested_at;approved_by;approved_at;company_code;created_at;created_by;modified_at;modified_by
550e8400-e29b-41d4-a716-446655446101;FRM-001;Singapore Jet A1 Standard;Standard formula for Singapore hub fuel pricing;INDEX_LINKED;PLATTS_MOPS;USD;KG;2025-01-01;;1;ACTIVE;true;pricing.analyst@airline.com;2024-12-15T10:00:00Z;pricing.admin@airline.com;2024-12-16T14:00:00Z;1000;2024-12-15T10:00:00Z;pricing.analyst@airline.com;2024-12-16T14:00:00Z;pricing.admin@airline.com
550e8400-e29b-41d4-a716-446655446102;FRM-002;Rotterdam Jet A1 Standard;Standard formula for European hub fuel pricing;INDEX_LINKED;PLATTS_FOB;USD;KG;2025-01-01;;1;ACTIVE;true;pricing.analyst@airline.com;2024-12-15T10:00:00Z;pricing.admin@airline.com;2024-12-16T14:00:00Z;1000;2024-12-15T10:00:00Z;pricing.analyst@airline.com;2024-12-16T14:00:00Z;pricing.admin@airline.com
550e8400-e29b-41d4-a716-446655446103;FRM-003;Fixed Price Formula;Fixed price formula for long-term contracts;FIXED;;USD;KG;2025-01-01;2025-12-31;1;ACTIVE;true;pricing.analyst@airline.com;2024-12-20T10:00:00Z;pricing.admin@airline.com;2024-12-21T14:00:00Z;1000;2024-12-20T10:00:00Z;pricing.analyst@airline.com;2024-12-21T14:00:00Z;pricing.admin@airline.com
550e8400-e29b-41d4-a716-446655446104;FRM-004;Singapore Premium Formula;Premium formula for Singapore with enhanced services;INDEX_LINKED;PLATTS_MOPS;USD;KG;2025-01-01;;1;ACTIVE;true;pricing.analyst@airline.com;2024-12-22T10:00:00Z;pricing.admin@airline.com;2024-12-23T14:00:00Z;2000;2024-12-22T10:00:00Z;pricing.analyst@airline.com;2024-12-23T14:00:00Z;pricing.admin@airline.com
550e8400-e29b-41d4-a716-446655446105;FRM-005;Draft Test Formula;Formula in draft for testing;INDEX_LINKED;ARGUS_FOB_SING;USD;KG;2026-01-01;;1;DRAFT;true;pricing.analyst@airline.com;2026-01-15T10:00:00Z;;;1000;2026-01-15T10:00:00Z;pricing.analyst@airline.com;2026-01-15T10:00:00Z;pricing.analyst@airline.com
