ID;kpi_code;kpi_name;kpi_description;kpi_category;calculation_logic;source_entity;aggregation_type;time_dimension;target_value;warning_threshold;critical_threshold;threshold_direction;uom;display_format;decimal_places;suffix;trend_chart_type;comparison_enabled;sparkline_enabled;owner_role;review_frequency;is_active;created_at;created_by;modified_at;modified_by
550e8400-e29b-41d4-a716-446655444201;KPI-INV-001;Invoice Processing Time;Average days from invoice receipt to posting;FINANCIAL;AVG(posting_date - receipt_date);INVOICES;AVG;DAILY;2.0000;3.0000;5.0000;LOWER;days;#,##0.0;1;days;LINE;true;true;FINANCE_CONTROLLER;DAILY;true;2025-01-01T00:00:00Z;business.analyst@airline.com;2025-01-01T00:00:00Z;business.analyst@airline.com
550e8400-e29b-41d4-a716-446655444202;KPI-EPOD-001;ePOD Digital Rate;Percentage of deliveries captured digitally;OPERATIONAL;(COUNT(digital_epod) / COUNT(total_deliveries)) * 100;FUEL_DELIVERIES;AVG;DAILY;100.0000;95.0000;90.0000;HIGHER;percent;#,##0.0;1;%;LINE;true;true;OPERATIONS_MANAGER;DAILY;true;2025-01-01T00:00:00Z;business.analyst@airline.com;2025-01-01T00:00:00Z;business.analyst@airline.com
550e8400-e29b-41d4-a716-446655444203;KPI-INT-001;Integration Error Rate;Percentage of failed integrations;COMPLIANCE;(COUNT(failed) / COUNT(total)) * 100;INTEGRATION_MESSAGES;AVG;DAILY;5.0000;7.5000;10.0000;LOWER;percent;#,##0.00;2;%;LINE;true;true;INTEGRATION_ADMIN;DAILY;true;2025-01-01T00:00:00Z;business.analyst@airline.com;2025-01-01T00:00:00Z;business.analyst@airline.com
550e8400-e29b-41d4-a716-446655444204;KPI-VAR-001;Budget Variance;Variance between actual and budgeted fuel costs;FINANCIAL;((actual_amount - budget_amount) / budget_amount) * 100;VARIANCE_RECORDS;AVG;MONTHLY;0.0000;5.0000;10.0000;LOWER;percent;#,##0.0%;1;%;BAR;true;true;FINANCE_CONTROLLER;MONTHLY;true;2025-01-01T00:00:00Z;business.analyst@airline.com;2025-01-01T00:00:00Z;business.analyst@airline.com
550e8400-e29b-41d4-a716-446655444205;KPI-BURN-001;Fuel Burn Variance;Variance between actual and planned fuel burn;OPERATIONAL;((actual_burn - planned_burn) / planned_burn) * 100;FUEL_BURNS;AVG;DAILY;0.0000;3.0000;5.0000;LOWER;percent;#,##0.0%;1;%;LINE;true;true;OPERATIONS_MANAGER;DAILY;true;2025-01-01T00:00:00Z;business.analyst@airline.com;2025-01-01T00:00:00Z;business.analyst@airline.com
550e8400-e29b-41d4-a716-446655444206;KPI-MATCH-001;Three-Way Match Rate;Percentage of invoices auto-matched;FINANCIAL;(COUNT(auto_matched) / COUNT(total_invoices)) * 100;INVOICES;AVG;DAILY;85.0000;80.0000;75.0000;HIGHER;percent;#,##0.0;1;%;LINE;true;true;FINANCE_CONTROLLER;DAILY;true;2025-01-01T00:00:00Z;business.analyst@airline.com;2025-01-01T00:00:00Z;business.analyst@airline.com
550e8400-e29b-41d4-a716-446655444207;KPI-AVAIL-001;System Availability;System uptime percentage;PERFORMANCE;(uptime / total_time) * 100;SYSTEM_HEALTH_LOGS;AVG;DAILY;99.5000;99.0000;98.0000;HIGHER;percent;#,##0.00;2;%;LINE;true;true;INTEGRATION_ADMIN;DAILY;true;2025-01-01T00:00:00Z;business.analyst@airline.com;2025-01-01T00:00:00Z;business.analyst@airline.com
550e8400-e29b-41d4-a716-446655444208;KPI-AP-001;AP Cycle Time;Days from invoice receipt to payment;FINANCIAL;AVG(payment_date - receipt_date);INVOICES;AVG;DAILY;30.0000;35.0000;45.0000;LOWER;days;#,##0.0;1;days;LINE;true;true;FINANCE_MANAGER;DAILY;true;2025-01-01T00:00:00Z;business.analyst@airline.com;2025-01-01T00:00:00Z;business.analyst@airline.com
