ID;alert_code;alert_name;description;integration_name;component_name;company_code;metric_type;threshold_operator;threshold_value;threshold_unit;evaluation_window_mins;min_occurrences;severity;auto_resolve;notification_channels;notification_recipients;notification_template;cooldown_mins;escalation_mins;escalation_recipients;auto_action_enabled;auto_action_type;runbook_url;last_triggered_at;trigger_count;false_positive_count;is_active;created_at;created_by;modified_at;modified_by
550e8400-e29b-41d4-a716-446655443401;ALERT-S4-TIMEOUT;S/4HANA API Timeout;Alert when S/4HANA API response time exceeds threshold;S4_JOURNAL_ENTRY;S4HANA_API;;RESPONSE_TIME;GT;5000.0000;MS;5;3;HIGH;true;EMAIL,SLACK;integration.admin@airline.com,ops-alerts@airline.com;high_latency_alert;15;30;it.manager@airline.com;false;;https://wiki.airline.com/runbooks/s4-timeout;2026-01-19T08:05:00Z;5;1;true;2025-01-01T00:00:00Z;integration.admin@airline.com;2026-01-15T10:00:00Z;integration.admin@airline.com
550e8400-e29b-41d4-a716-446655443402;ALERT-ERROR-RATE;High Error Rate;Alert when error rate exceeds 5% in evaluation window;;;1000;ERROR_RATE;GT;5.0000;PERCENT;15;1;CRITICAL;true;EMAIL,SLACK,SMS;integration.admin@airline.com,ops-alerts@airline.com;critical_error_alert;30;15;it.director@airline.com,cto@airline.com;true;CIRCUIT_BREAKER;https://wiki.airline.com/runbooks/high-error-rate;;0;0;true;2025-01-01T00:00:00Z;integration.admin@airline.com;2025-01-01T00:00:00Z;integration.admin@airline.com
550e8400-e29b-41d4-a716-446655443403;ALERT-QUEUE-DEPTH;Exception Queue Depth;Alert when exception queue exceeds threshold;;EXCEPTION_QUEUE;;QUEUE_DEPTH;GT;100.0000;COUNT;10;1;MEDIUM;false;EMAIL;integration.admin@airline.com;queue_depth_alert;60;;integration.admin@airline.com;false;;https://wiki.airline.com/runbooks/queue-depth;;0;0;true;2025-01-01T00:00:00Z;integration.admin@airline.com;2025-01-01T00:00:00Z;integration.admin@airline.com
550e8400-e29b-41d4-a716-446655443404;ALERT-HANA-CPU;HANA High CPU;Alert when HANA DB CPU usage exceeds 90%;;HANA_DB;;CPU_USAGE;GT;90.0000;PERCENT;5;2;HIGH;true;EMAIL,SLACK;dba@airline.com,integration.admin@airline.com;resource_alert;15;30;it.manager@airline.com;false;;https://wiki.airline.com/runbooks/hana-cpu;;0;0;true;2025-01-01T00:00:00Z;integration.admin@airline.com;2025-01-01T00:00:00Z;integration.admin@airline.com
550e8400-e29b-41d4-a716-446655443405;ALERT-SYNC-FAIL;Data Sync Failure;Alert when master data sync fails;MASTER_DATA_SYNC;;;SYNC_FAILURE;EQ;1.0000;COUNT;1;1;HIGH;false;EMAIL;integration.admin@airline.com,master.data@airline.com;sync_failure_alert;60;60;it.manager@airline.com;true;RETRY;https://wiki.airline.com/runbooks/sync-failure;;0;0;true;2025-01-01T00:00:00Z;integration.admin@airline.com;2025-01-01T00:00:00Z;integration.admin@airline.com
