ID;report_code;report_name;report_description;report_category;report_type;floorplan_type;base_entity;supported_formats;default_format;required_scope;company_codes;version;schedule_enabled;generation_count;is_active;created_at;created_by;modified_at;modified_by
550e8400-e29b-41d4-a716-446655444001;RPT-VAR-001;Variance Analysis Report;Budget vs. Actual variance analysis by cost center and period;FINANCIAL;ANALYTICAL;ALP;VARIANCE_RECORDS;EXCEL,PDF;EXCEL;ReportView;;1.0;true;156;true;2025-01-01T00:00:00Z;business.analyst@airline.com;2026-01-15T10:00:00Z;business.analyst@airline.com
550e8400-e29b-41d4-a716-446655444002;RPT-ALLOC-001;Allocation Detail Report;Detailed cost allocation records by flight and cost center;FINANCIAL;DETAIL;LR;COST_ALLOCATIONS;EXCEL,PDF,CSV;EXCEL;ReportView;;1.0;false;89;true;2025-01-01T00:00:00Z;business.analyst@airline.com;2025-01-01T00:00:00Z;business.analyst@airline.com
550e8400-e29b-41d4-a716-446655444003;RPT-FUEL-001;Historical Fuel Analysis;Fuel consumption and cost trends over time;OPERATIONAL;ANALYTICAL;ALP;FUEL_DELIVERIES;EXCEL,PDF;EXCEL;ReportView;;1.0;true;234;true;2025-01-01T00:00:00Z;business.analyst@airline.com;2026-01-10T14:00:00Z;business.analyst@airline.com
550e8400-e29b-41d4-a716-446655444004;RPT-INV-001;Invoice Processing Report;Invoice verification status and processing times;FINANCIAL;SUMMARY;ALP;INVOICES;EXCEL,PDF;PDF;ReportView;;1.0;true;178;true;2025-01-01T00:00:00Z;business.analyst@airline.com;2025-01-01T00:00:00Z;business.analyst@airline.com
550e8400-e29b-41d4-a716-446655444005;RPT-SUPP-001;Supplier Performance Report;Supplier delivery performance and pricing analysis;OPERATIONAL;ANALYTICAL;ALP;MASTER_SUPPLIERS;EXCEL,PDF;EXCEL;ReportView;;1.0;false;45;true;2025-01-01T00:00:00Z;business.analyst@airline.com;2025-01-01T00:00:00Z;business.analyst@airline.com
550e8400-e29b-41d4-a716-446655444006;RPT-BURN-001;Fuel Burn Analysis Report;Actual vs. planned fuel burn variance analysis;OPERATIONAL;ANALYTICAL;ALP;FUEL_BURNS;EXCEL,PDF;EXCEL;ReportView;;1.0;true;312;true;2025-01-01T00:00:00Z;business.analyst@airline.com;2026-01-12T09:00:00Z;business.analyst@airline.com
