ID;airport_ID;airport_code;company_code;cost_center;cost_center_name;profit_center;profit_center_name;effective_from;effective_to;priority;is_active;created_at;created_by;modified_at;modified_by
550e8400-e29b-41d4-a716-446655442101;550e8400-e29b-41d4-a716-446655440301;MNL;1000;CC-MNL-OPS;Manila Ground Operations;PC-PH-DOM;Philippines Domestic;2025-01-01;;100;true;2025-01-01T00:00:00Z;finance.controller@airline.com;2025-01-01T00:00:00Z;finance.controller@airline.com
550e8400-e29b-41d4-a716-446655442102;550e8400-e29b-41d4-a716-446655440302;CEB;1000;CC-CEB-OPS;Cebu Ground Operations;PC-PH-DOM;Philippines Domestic;2025-01-01;;100;true;2025-01-01T00:00:00Z;finance.controller@airline.com;2025-01-01T00:00:00Z;finance.controller@airline.com
550e8400-e29b-41d4-a716-446655442103;550e8400-e29b-41d4-a716-446655440303;SIN;2000;CC-SIN-OPS;Singapore Ground Operations;PC-SG-HUB;Singapore Hub;2025-01-01;;100;true;2025-01-01T00:00:00Z;finance.controller@airline.com;2025-01-01T00:00:00Z;finance.controller@airline.com
550e8400-e29b-41d4-a716-446655442104;550e8400-e29b-41d4-a716-446655440304;HKG;1000;CC-HKG-OPS;Hong Kong Ground Operations;PC-INTL-ASIA;International Asia;2025-01-01;;100;true;2025-01-01T00:00:00Z;finance.controller@airline.com;2025-01-01T00:00:00Z;finance.controller@airline.com
550e8400-e29b-41d4-a716-446655442105;550e8400-e29b-41d4-a716-446655440305;LHR;1000;CC-LHR-OPS;London Ground Operations;PC-INTL-EUR;International Europe;2025-01-01;;100;true;2025-01-01T00:00:00Z;finance.controller@airline.com;2025-01-01T00:00:00Z;finance.controller@airline.com