ID;index_code;index_name;index_description;provider;provider_reference;index_type;product_type;region;currency_ID;uom_ID;frequency;publication_time;timezone;publication_lag_days;import_enabled;requires_verification;min_expected_value;max_expected_value;max_daily_change_pct;is_active;created_at;created_by;modified_at;modified_by
550e8400-e29b-41d4-a716-446655446001;PLATTS-JETA1-SIN;Platts Jet A1 Singapore;Mean of Platts Singapore assessment for Jet A1;PLATTS;AAWPV00;PLATTS_MOPS;JET_A1;SINGAPORE;USD;KG;DAILY;16:30:00;Asia/Singapore;0;true;true;50.0000;150.0000;5.00;true;2024-01-01T00:00:00Z;pricing.admin@airline.com;2024-01-01T00:00:00Z;pricing.admin@airline.com
550e8400-e29b-41d4-a716-446655446002;PLATTS-JETA1-RTM;Platts Jet A1 Rotterdam;Platts FOB Rotterdam Jet assessment;PLATTS;AAWHY00;PLATTS_FOB;JET_A1;ROTTERDAM;USD;KG;DAILY;16:30:00;Europe/London;0;true;true;50.0000;150.0000;5.00;true;2024-01-01T00:00:00Z;pricing.admin@airline.com;2024-01-01T00:00:00Z;pricing.admin@airline.com
550e8400-e29b-41d4-a716-446655446003;ARGUS-FOB-SING;Argus FOB Singapore;Argus FOB Singapore Jet Fuel assessment;ARGUS;PA0016966;ARGUS_FOB_SING;JET_A1;SINGAPORE;USD;KG;DAILY;17:00:00;Asia/Singapore;0;true;true;50.0000;150.0000;5.00;true;2024-01-01T00:00:00Z;pricing.admin@airline.com;2024-01-01T00:00:00Z;pricing.admin@airline.com
550e8400-e29b-41d4-a716-446655446004;PLATTS-JETA1-USGC;Platts Jet A1 US Gulf Coast;Platts USGC Pipeline Jet assessment;PLATTS;AAWJA00;PLATTS_USGC;JET_A1;USGC;USD;GAL;DAILY;14:30:00;America/New_York;0;true;true;1.5000;5.0000;5.00;true;2024-01-01T00:00:00Z;pricing.admin@airline.com;2024-01-01T00:00:00Z;pricing.admin@airline.com
550e8400-e29b-41d4-a716-446655446005;CUSTOM-AIRLINE-IDX;Airline Custom Index;Internal weighted average index;CUSTOM;CUST-001;CUSTOM;JET_A1;GLOBAL;USD;KG;DAILY;;;0;true;false;50.0000;150.0000;10.00;true;2024-01-01T00:00:00Z;pricing.admin@airline.com;2024-01-01T00:00:00Z;pricing.admin@airline.com
