ID;contract_number;contract_name;supplier_ID;valid_from;valid_to;contract_type;price_type;currency_code;payment_terms;incoterms;min_volume_kg;max_volume_kg;s4_contract_number;is_active;created_at;created_by;modified_at;modified_by
d4e5f6a7-4444-4000-8000-000000000001;PAL-SHELL-2024-001;Shell Manila Hub Supply Agreement;b2c3d4e5-2222-4000-8000-000000000001;2024-01-01;2025-12-31;TERM;CPE;USD;NET30;DAP;5000000.00;50000000.00;4600000001;true;2024-01-01T00:00:00Z;SYSTEM;2024-01-01T00:00:00Z;SYSTEM
d4e5f6a7-4444-4000-8000-000000000002;PAL-PETRON-2024-001;Petron Domestic Network Agreement;b2c3d4e5-2222-4000-8000-000000000003;2024-01-01;2025-12-31;TERM;CPE;PHP;NET45;DAP;3000000.00;30000000.00;4600000002;true;2024-01-01T00:00:00Z;SYSTEM;2024-01-01T00:00:00Z;SYSTEM
d4e5f6a7-4444-4000-8000-000000000003;PAL-BP-2024-001;BP Singapore Operations Contract;b2c3d4e5-2222-4000-8000-000000000002;2024-01-01;2025-12-31;TERM;CPE;USD;NET30;FCA;4000000.00;40000000.00;4600000003;true;2024-01-01T00:00:00Z;SYSTEM;2024-01-01T00:00:00Z;SYSTEM
d4e5f6a7-4444-4000-8000-000000000004;PAL-TOTAL-2024-001;TotalEnergies Dubai Supply;b2c3d4e5-2222-4000-8000-000000000004;2024-01-01;2025-12-31;TERM;CPE;USD;NET30;DAP;2000000.00;25000000.00;4600000004;true;2024-01-01T00:00:00Z;SYSTEM;2024-01-01T00:00:00Z;SYSTEM
d4e5f6a7-4444-4000-8000-000000000005;PAL-SINOPEC-2024-001;Sinopec Hong Kong Agreement;b2c3d4e5-2222-4000-8000-000000000005;2024-01-01;2025-12-31;TERM;CPE;USD;NET30;DAP;2500000.00;28000000.00;4600000005;true;2024-01-01T00:00:00Z;SYSTEM;2024-01-01T00:00:00Z;SYSTEM
d4e5f6a7-4444-4000-8000-000000000006;PAL-CALTEX-2024-001;Caltex Australia Supply Agreement;b2c3d4e5-2222-4000-8000-000000000006;2024-01-01;2025-12-31;TERM;CPE;AUD;NET45;DAP;1500000.00;18000000.00;4600000006;true;2024-01-01T00:00:00Z;SYSTEM;2024-01-01T00:00:00Z;SYSTEM
