ID;rule_id;rule_name;rule_description;role_1_pattern;role_2_pattern;risk_level;risk_category;risk_description;potential_fraud_type;exception_allowed;max_exception_days;requires_ciso_approval;sox_control_id;is_active;created_at;created_by;modified_at;modified_by
550e8400-e29b-41d4-a716-446655445501;SOD-RULE-001;Invoice Create vs Approve;Users cannot both create and approve invoices;FuelSphere_InvoiceCreate;FuelSphere_InvoiceApprove;CRITICAL;FINANCIAL;Allows user to create and approve fraudulent invoices;Fraudulent invoice processing;true;180;true;SOX-SEC-003;true;2024-01-01T00:00:00Z;security.admin@airline.com;2024-01-01T00:00:00Z;security.admin@airline.com
550e8400-e29b-41d4-a716-446655445502;SOD-RULE-002;Fuel Order Create vs Approve;Users cannot both create and approve fuel orders;FuelSphere_FuelOrderCreate;FuelSphere_FuelOrderApprove;HIGH;FINANCIAL;Allows user to create and approve unauthorized orders;Unauthorized procurement;true;365;false;SOX-SEC-003;true;2024-01-01T00:00:00Z;security.admin@airline.com;2024-01-01T00:00:00Z;security.admin@airline.com
550e8400-e29b-41d4-a716-446655445503;SOD-RULE-003;Master Data Edit vs Finance Post;Users cannot both edit master data and post to finance;FuelSphere_MasterDataEdit;FuelSphere_FinancePost;HIGH;FINANCIAL;Allows manipulation of prices before financial posting;Price manipulation;true;365;false;SOX-SEC-003;true;2024-01-01T00:00:00Z;security.admin@airline.com;2024-01-01T00:00:00Z;security.admin@airline.com
550e8400-e29b-41d4-a716-446655445504;SOD-RULE-004;ePOD Capture vs Invoice Verify;Users cannot both capture ePOD and verify invoices;FuelSphere_ePODCapture;FuelSphere_InvoiceVerify;MEDIUM;OPERATIONAL;Allows user to manipulate delivery quantities and verify;Delivery quantity fraud;true;365;false;SOX-SEC-003;true;2024-01-01T00:00:00Z;security.admin@airline.com;2024-01-01T00:00:00Z;security.admin@airline.com
550e8400-e29b-41d4-a716-446655445505;SOD-RULE-005;User Admin vs Security Admin;Users cannot have both user admin and full security admin;FuelSphere_UserAdmin;FuelSphere_SecurityAdminFull;CRITICAL;SECURITY;Excessive administrative privileges;Unauthorized access provisioning;false;0;true;;true;2024-01-01T00:00:00Z;security.admin@airline.com;2024-01-01T00:00:00Z;security.admin@airline.com
550e8400-e29b-41d4-a716-446655445506;SOD-RULE-006;Contract Manage vs Finance Post;Users cannot both manage contracts and post to finance;FuelSphere_ContractManage;FuelSphere_FinancePost;HIGH;FINANCIAL;Allows manipulation of contract terms and pricing;Contract manipulation;true;365;false;SOX-SEC-003;true;2024-01-01T00:00:00Z;security.admin@airline.com;2024-01-01T00:00:00Z;security.admin@airline.com
