ID;contract_ID;airport_ID;plant_code;location_type;location_premium;priority;valid_from;valid_to;is_active;created_at;created_by;modified_at;modified_by
58c9d0e1-8888-4000-8000-000000000001;d4e5f6a7-4444-4000-8000-000000000001;a1b2c3d4-1111-4000-8000-000000000001;MNL1;PRIMARY;0.0000;1;2024-01-01;;true;2024-01-01T00:00:00Z;SYSTEM;2024-01-01T00:00:00Z;SYSTEM
58c9d0e1-8888-4000-8000-000000000002;d4e5f6a7-4444-4000-8000-000000000002;a1b2c3d4-1111-4000-8000-000000000001;MNL1;PRIMARY;0.0000;1;2024-01-01;;true;2024-01-01T00:00:00Z;SYSTEM;2024-01-01T00:00:00Z;SYSTEM
58c9d0e1-8888-4000-8000-000000000003;d4e5f6a7-4444-4000-8000-000000000002;a1b2c3d4-1111-4000-8000-000000000002;CEB1;PRIMARY;0.0050;1;2024-01-01;;true;2024-01-01T00:00:00Z;SYSTEM;2024-01-01T00:00:00Z;SYSTEM
58c9d0e1-8888-4000-8000-000000000004;d4e5f6a7-4444-4000-8000-000000000002;a1b2c3d4-1111-4000-8000-000000000010;;PRIMARY;0.0080;1;2024-01-01;;true;2024-01-01T00:00:00Z;SYSTEM;2024-01-01T00:00:00Z;SYSTEM
58c9d0e1-8888-4000-8000-000000000005;d4e5f6a7-4444-4000-8000-000000000002;a1b2c3d4-1111-4000-8000-000000000011;;PRIMARY;0.0080;1;2024-01-01;;true;2024-01-01T00:00:00Z;SYSTEM;2024-01-01T00:00:00Z;SYSTEM
58c9d0e1-8888-4000-8000-000000000006;d4e5f6a7-4444-4000-8000-000000000003;a1b2c3d4-1111-4000-8000-000000000003;SIN1;PRIMARY;0.0000;1;2024-01-01;;true;2024-01-01T00:00:00Z;SYSTEM;2024-01-01T00:00:00Z;SYSTEM
58c9d0e1-8888-4000-8000-000000000007;d4e5f6a7-4444-4000-8000-000000000003;a1b2c3d4-1111-4000-8000-000000000004;KUL1;ALTERNATE;0.0030;2;2024-01-01;;true;2024-01-01T00:00:00Z;SYSTEM;2024-01-01T00:00:00Z;SYSTEM
58c9d0e1-8888-4000-8000-000000000008;d4e5f6a7-4444-4000-8000-000000000004;a1b2c3d4-1111-4000-8000-000000000005;DXB1;PRIMARY;0.0000;1;2024-01-01;;true;2024-01-01T00:00:00Z;SYSTEM;2024-01-01T00:00:00Z;SYSTEM
58c9d0e1-8888-4000-8000-000000000009;d4e5f6a7-4444-4000-8000-000000000005;a1b2c3d4-1111-4000-8000-000000000007;HKG1;PRIMARY;0.0000;1;2024-01-01;;true;2024-01-01T00:00:00Z;SYSTEM;2024-01-01T00:00:00Z;SYSTEM
58c9d0e1-8888-4000-8000-000000000010;d4e5f6a7-4444-4000-8000-000000000006;a1b2c3d4-1111-4000-8000-000000000008;SYD1;PRIMARY;0.0000;1;2024-01-01;;true;2024-01-01T00:00:00Z;SYSTEM;2024-01-01T00:00:00Z;SYSTEM
58c9d0e1-8888-4000-8000-000000000011;d4e5f6a7-4444-4000-8000-000000000001;a1b2c3d4-1111-4000-8000-000000000003;SIN1;ALTERNATE;-0.0020;2;2024-01-01;;true;2024-01-01T00:00:00Z;SYSTEM;2024-01-01T00:00:00Z;SYSTEM
58c9d0e1-8888-4000-8000-000000000012;d4e5f6a7-4444-4000-8000-000000000003;a1b2c3d4-1111-4000-8000-000000000012;;ALTERNATE;0.0050;3;2024-01-01;;true;2024-01-01T00:00:00Z;SYSTEM;2024-01-01T00:00:00Z;SYSTEM
58c9d0e1-8888-4000-8000-00000000A001;d4e5f6a7-4444-4000-8000-00000000A001;a1b2c3d4-1111-4000-8000-000000000020;YYZ1;PRIMARY;0.0000;1;2025-01-01;;true;2025-01-01T00:00:00Z;WPDEMO02_SEED;2025-01-01T00:00:00Z;WPDEMO02_SEED
58c9d0e1-8888-4000-8000-00000000A002;d4e5f6a7-4444-4000-8000-00000000A002;a1b2c3d4-1111-4000-8000-000000000021;YVR1;PRIMARY;0.0000;1;2025-01-01;;true;2025-01-01T00:00:00Z;WPDEMO02_SEED;2025-01-01T00:00:00Z;WPDEMO02_SEED
58c9d0e1-8888-4000-8000-00000000A003;d4e5f6a7-4444-4000-8000-00000000A003;a1b2c3d4-1111-4000-8000-000000000026;LHR1;PRIMARY;0.0000;1;2025-01-01;;true;2025-01-01T00:00:00Z;WPDEMO02_SEED;2025-01-01T00:00:00Z;WPDEMO02_SEED
58c9d0e1-8888-4000-8000-00000000A004;d4e5f6a7-4444-4000-8000-00000000A004;a1b2c3d4-1111-4000-8000-000000000027;CDG1;PRIMARY;0.0000;1;2025-01-01;;true;2025-01-01T00:00:00Z;WPDEMO02_SEED;2025-01-01T00:00:00Z;WPDEMO02_SEED
d694acb6-99aa-5054-9307-0775624e7545;d4e5f6a7-4444-4000-8000-000000000001;a1b2c3d4-1111-4000-8000-000000000002;CEB1;PRIMARY;0.0000;1;2026-01-01;;true;2026-09-24T00:00:00Z;JETBLUE_SEED;2026-09-24T00:00:00Z;JETBLUE_SEED
270ab58e-a5f6-5331-bb6e-6092207eb761;d4e5f6a7-4444-4000-8000-000000000001;a1b2c3d4-1111-4000-8000-000000000020;YYZ1;PRIMARY;0.0000;1;2026-01-01;;true;2026-09-24T00:00:00Z;JETBLUE_SEED;2026-09-24T00:00:00Z;JETBLUE_SEED
c0c9b2ec-c5a8-5df0-ac8e-b17dd41e12d6;d4e5f6a7-4444-4000-8000-000000000002;a1b2c3d4-1111-4000-8000-000000000020;YYZ1;PRIMARY;0.0000;1;2026-01-01;;true;2026-09-24T00:00:00Z;JETBLUE_SEED;2026-09-24T00:00:00Z;JETBLUE_SEED
473cf837-1743-59fd-8c6b-470dbe27c806;b47cfca3-de3e-54c7-9f86-2d35396a23b9;cee706fa-bd55-5699-bb00-e0f071e69e6d;;PRIMARY;0.0000;1;2026-01-01;;true;2026-09-24T00:00:00Z;JETBLUE_SEED;2026-09-24T00:00:00Z;JETBLUE_SEED
6af3d54c-ec45-59c6-ad62-89069a409fff;e92af3b9-8f34-532b-9338-f7e8fde211dc;82df6eb7-3f9b-5f8d-b641-aa6af146f82f;;PRIMARY;0.0000;1;2026-01-01;;true;2026-09-24T00:00:00Z;JETBLUE_SEED;2026-09-24T00:00:00Z;JETBLUE_SEED
77e843a8-988c-58d5-825e-b073f170f168;e92af3b9-8f34-532b-9338-f7e8fde211dc;cee706fa-bd55-5699-bb00-e0f071e69e6d;;PRIMARY;0.0000;1;2026-01-01;;true;2026-09-24T00:00:00Z;JETBLUE_SEED;2026-09-24T00:00:00Z;JETBLUE_SEED
9f17287a-20dd-5a93-a4a7-9d343f024d11;9b46c120-d3ef-5f30-98c1-c5faa73ab1a0;60f9e741-8452-5f65-aa80-12fd3effdf46;;PRIMARY;0.0000;1;2026-01-01;;true;2026-09-24T00:00:00Z;JETBLUE_SEED;2026-09-24T00:00:00Z;JETBLUE_SEED
f8fd2998-054c-5320-ad56-508396ad111b;e92af3b9-8f34-532b-9338-f7e8fde211dc;a1b2c3d4-1111-4000-8000-000000000028;FLL1;PRIMARY;0.0000;1;2026-01-01;;true;2026-09-24T00:00:00Z;JETBLUE_SEED;2026-09-24T00:00:00Z;JETBLUE_SEED
81102bc8-baff-58b6-9f19-607b1e1c8126;e92af3b9-8f34-532b-9338-f7e8fde211dc;d663e982-9e63-53ed-96a0-fc001e7b4491;;PRIMARY;0.0000;1;2026-01-01;;true;2026-09-24T00:00:00Z;JETBLUE_SEED;2026-09-24T00:00:00Z;JETBLUE_SEED
ffe0929e-8f03-58e4-b64b-046d41154cf9;9b46c120-d3ef-5f30-98c1-c5faa73ab1a0;4df64edd-8f7e-590a-9d17-d44ba6dcf613;;PRIMARY;0.0000;1;2026-01-01;;true;2026-09-24T00:00:00Z;JETBLUE_SEED;2026-09-24T00:00:00Z;JETBLUE_SEED
cf21e287-c134-5fbb-958f-f122130310f5;b47cfca3-de3e-54c7-9f86-2d35396a23b9;89b758cd-cea3-5011-9721-2cc141df7952;;PRIMARY;0.0000;1;2026-01-01;;true;2026-09-24T00:00:00Z;JETBLUE_SEED;2026-09-24T00:00:00Z;JETBLUE_SEED
3bb5b4be-89c3-5854-9a9f-2d10d51cefe7;792a6ba1-b667-5cf8-9c70-5744b46387f0;668bfa32-86ad-563b-a2d4-88b33ce93b1a;;PRIMARY;0.0000;1;2026-01-01;;true;2026-09-24T00:00:00Z;JETBLUE_SEED;2026-09-24T00:00:00Z;JETBLUE_SEED
2283432c-bf61-512d-b081-a442c8af51a5;b47cfca3-de3e-54c7-9f86-2d35396a23b9;a1b2c3d4-1111-4000-8000-000000000028;FLL1;PRIMARY;0.0000;1;2026-01-01;;true;2026-09-24T00:00:00Z;JETBLUE_SEED;2026-09-24T00:00:00Z;JETBLUE_SEED
3cd89226-ef37-52b4-b5ca-92aa562a006d;9b46c120-d3ef-5f30-98c1-c5faa73ab1a0;f1a6d3fc-9755-51f7-a640-dc37c140f7d0;;PRIMARY;0.0000;1;2026-01-01;;true;2026-09-24T00:00:00Z;JETBLUE_SEED;2026-09-24T00:00:00Z;JETBLUE_SEED
a5aca59d-cb95-5f9a-bb9c-9ed366e5c894;9b46c120-d3ef-5f30-98c1-c5faa73ab1a0;ea667239-8641-5a36-a8b0-722d480a1f81;;PRIMARY;0.0000;1;2026-01-01;;true;2026-09-24T00:00:00Z;JETBLUE_SEED;2026-09-24T00:00:00Z;JETBLUE_SEED
1644726e-5df5-5031-8626-07c1c38af51a;b47cfca3-de3e-54c7-9f86-2d35396a23b9;82df6eb7-3f9b-5f8d-b641-aa6af146f82f;;PRIMARY;0.0000;1;2026-01-01;;true;2026-09-24T00:00:00Z;JETBLUE_SEED;2026-09-24T00:00:00Z;JETBLUE_SEED
72d1256d-c643-5a30-a954-ae0c854e278b;a759301a-5824-54a0-8aed-373fe5a84b07;0692f4ef-f428-5890-aa39-b4ef7ecdb09f;;PRIMARY;0.0000;1;2026-01-01;;true;2026-09-24T00:00:00Z;JETBLUE_SEED;2026-09-24T00:00:00Z;JETBLUE_SEED
13f74d90-31e4-5c73-b315-b50268d69b30;b47cfca3-de3e-54c7-9f86-2d35396a23b9;9ffdfd27-9191-5f0b-860e-6138f2c631a4;;PRIMARY;0.0000;1;2026-01-01;;true;2026-09-24T00:00:00Z;JETBLUE_SEED;2026-09-24T00:00:00Z;JETBLUE_SEED
1e08d6cb-999f-502b-ae2f-8a8680052e1c;9b46c120-d3ef-5f30-98c1-c5faa73ab1a0;143ca9d9-a537-5fb4-a0ec-d1bc1ba042cd;;PRIMARY;0.0000;1;2026-01-01;;true;2026-09-24T00:00:00Z;JETBLUE_SEED;2026-09-24T00:00:00Z;JETBLUE_SEED
16c6ed12-88a1-503d-af5e-42b20cbc06e6;b47cfca3-de3e-54c7-9f86-2d35396a23b9;383d553b-c26c-5bca-ae69-a39b7a3ccaf5;;PRIMARY;0.0000;1;2026-01-01;;true;2026-09-24T00:00:00Z;JETBLUE_SEED;2026-09-24T00:00:00Z;JETBLUE_SEED
98ea545f-b98c-5d5f-8f75-a66a9601bd98;a759301a-5824-54a0-8aed-373fe5a84b07;5438cad4-3719-5aee-bde4-d57a2c078466;;PRIMARY;0.0000;1;2026-01-01;;true;2026-09-24T00:00:00Z;JETBLUE_SEED;2026-09-24T00:00:00Z;JETBLUE_SEED
8d2e4c3b-cfc2-5653-834f-4c6046a0ac01;a759301a-5824-54a0-8aed-373fe5a84b07;4ace6211-9380-5e70-8e40-27136a54e6c4;;PRIMARY;0.0000;1;2026-01-01;;true;2026-09-24T00:00:00Z;JETBLUE_SEED;2026-09-24T00:00:00Z;JETBLUE_SEED
a594952f-a95c-5a28-80d5-c784a99dbcd7;a759301a-5824-54a0-8aed-373fe5a84b07;a1b2c3d4-1111-4000-8000-000000000009;LAX1;PRIMARY;0.0000;1;2026-01-01;;true;2026-09-24T00:00:00Z;JETBLUE_SEED;2026-09-24T00:00:00Z;JETBLUE_SEED
9e23863d-faaf-5a87-ba5b-5803950d33f9;b47cfca3-de3e-54c7-9f86-2d35396a23b9;a1b2c3d4-1111-4000-8000-000000000009;LAX1;PRIMARY;0.0000;1;2026-01-01;;true;2026-09-24T00:00:00Z;JETBLUE_SEED;2026-09-24T00:00:00Z;JETBLUE_SEED
3adfdfbe-914e-53c0-8a92-1174c2fece6a;a759301a-5824-54a0-8aed-373fe5a84b07;bdb477a3-0cbf-5020-91bc-0065a97db168;;PRIMARY;0.0000;1;2026-01-01;;true;2026-09-24T00:00:00Z;JETBLUE_SEED;2026-09-24T00:00:00Z;JETBLUE_SEED
8ddb0413-5ec1-5479-b60b-95c333eb478e;a759301a-5824-54a0-8aed-373fe5a84b07;e6cb911f-d6ba-53d4-986d-812fa70cab8e;;PRIMARY;0.0000;1;2026-01-01;;true;2026-09-24T00:00:00Z;JETBLUE_SEED;2026-09-24T00:00:00Z;JETBLUE_SEED
6e6cd554-efd6-5ac1-9820-04f6ca0fbe97;a759301a-5824-54a0-8aed-373fe5a84b07;52a8c8c4-036a-5c73-a002-c5a044874aa7;;PRIMARY;0.0000;1;2026-01-01;;true;2026-09-24T00:00:00Z;JETBLUE_SEED;2026-09-24T00:00:00Z;JETBLUE_SEED
7e278f5a-fed2-57a5-b3c6-5c15c1d73cbb;a759301a-5824-54a0-8aed-373fe5a84b07;7b9b3ec5-e942-5e59-981d-460c76404836;;PRIMARY;0.0000;1;2026-01-01;;true;2026-09-24T00:00:00Z;JETBLUE_SEED;2026-09-24T00:00:00Z;JETBLUE_SEED
2699027d-abfb-50e7-bca1-b68ee8cb68ed;a759301a-5824-54a0-8aed-373fe5a84b07;20b10fcb-d7fa-5d14-8a36-5df05b5b351a;;PRIMARY;0.0000;1;2026-01-01;;true;2026-09-24T00:00:00Z;JETBLUE_SEED;2026-09-24T00:00:00Z;JETBLUE_SEED
910bd2f8-2c86-542b-b425-279ec0ed9a65;a759301a-5824-54a0-8aed-373fe5a84b07;fc1fd3f7-20fa-55e2-968c-e1ce3f08c206;;PRIMARY;0.0000;1;2026-01-01;;true;2026-09-24T00:00:00Z;JETBLUE_SEED;2026-09-24T00:00:00Z;JETBLUE_SEED
66cf3431-647d-5726-a80a-68ae3bf6fe3f;2b6afdc9-da40-52df-9ab2-adefc26750e6;a1b2c3d4-1111-4000-8000-000000000021;YVR1;PRIMARY;0.0000;1;2026-01-01;;true;2026-09-24T00:00:00Z;JETBLUE_SEED;2026-09-24T00:00:00Z;JETBLUE_SEED
c5126410-3fbc-5a2a-963a-31b2ad565d98;a759301a-5824-54a0-8aed-373fe5a84b07;ef74a7ef-a7af-5a3a-a3ee-d24078db5049;;PRIMARY;0.0000;1;2026-01-01;;true;2026-09-24T00:00:00Z;JETBLUE_SEED;2026-09-24T00:00:00Z;JETBLUE_SEED
c64857b4-df99-54fc-b346-13dc103b0c1e;49010efb-7c9c-5f11-a657-98aca9eca5c4;a1b2c3d4-1111-4000-8000-000000000026;LHR1;PRIMARY;0.0000;1;2026-01-01;;true;2026-09-24T00:00:00Z;JETBLUE_SEED;2026-09-24T00:00:00Z;JETBLUE_SEED
9acd8f96-d23b-550a-a0bd-4e1b74e34b0c;a7972b10-79c6-55ed-9c8c-1b21b5aa5f83;7370e3f8-27d3-50c2-a573-146a9f33b3f3;;PRIMARY;0.0000;1;2026-01-01;;true;2026-09-24T00:00:00Z;JETBLUE_SEED;2026-09-24T00:00:00Z;JETBLUE_SEED
01c29138-24be-58b5-bb6d-b542cd5184b4;e49a7f1e-2f5e-5334-814a-1f0a6b73d93f;a1b2c3d4-1111-4000-8000-000000000027;CDG1;PRIMARY;0.0000;1;2026-01-01;;true;2026-09-24T00:00:00Z;JETBLUE_SEED;2026-09-24T00:00:00Z;JETBLUE_SEED
9c946e69-7e01-54f0-b376-ba83711d9dd2;ea9cdcb5-6368-5d98-9045-af7b0d53dcf9;1d2116cc-e55d-52fe-aefc-6e2577b047c1;;PRIMARY;0.0000;1;2026-01-01;;true;2026-09-24T00:00:00Z;JETBLUE_SEED;2026-09-24T00:00:00Z;JETBLUE_SEED
68e1764b-50e7-521c-9321-d2173bc911cb;9b46c120-d3ef-5f30-98c1-c5faa73ab1a0;6675af83-1091-5d90-9b8d-6912bf0c5a3e;;PRIMARY;0.0000;1;2026-01-01;;true;2026-09-24T00:00:00Z;JETBLUE_SEED;2026-09-24T00:00:00Z;JETBLUE_SEED
96bafa08-ea36-560d-ac30-0030b7edcf92;6555079a-68fb-59df-984a-6f72a9610634;db43ecef-1a2f-56cb-9ee9-ed4958b49d46;;PRIMARY;0.0000;1;2026-01-01;;true;2026-09-24T00:00:00Z;JETBLUE_SEED;2026-09-24T00:00:00Z;JETBLUE_SEED
8b74f2c8-7e59-5b55-a77d-2fd686240677;b47cfca3-de3e-54c7-9f86-2d35396a23b9;b39e72a3-e01f-55c7-ae93-262772cef347;;PRIMARY;0.0000;1;2026-01-01;;true;2026-09-24T00:00:00Z;JETBLUE_SEED;2026-09-24T00:00:00Z;JETBLUE_SEED
8d2eca60-985d-52e9-9538-b1a635fe3b1c;b47cfca3-de3e-54c7-9f86-2d35396a23b9;6fe19b4a-c3bc-517b-b41e-fe50e5d83e18;;PRIMARY;0.0000;1;2026-01-01;;true;2026-09-24T00:00:00Z;JETBLUE_SEED;2026-09-24T00:00:00Z;JETBLUE_SEED
3107768f-cfce-5580-a953-83193bf1cd14;b47cfca3-de3e-54c7-9f86-2d35396a23b9;2c0ec88e-cef2-5dd4-92cb-004f9805539e;;PRIMARY;0.0000;1;2026-01-01;;true;2026-09-24T00:00:00Z;JETBLUE_SEED;2026-09-24T00:00:00Z;JETBLUE_SEED
6449fb63-462a-5914-8950-5b4d143cb76e;b47cfca3-de3e-54c7-9f86-2d35396a23b9;1862f2d6-38a3-538c-a6e3-667253551080;;PRIMARY;0.0000;1;2026-01-01;;true;2026-09-24T00:00:00Z;JETBLUE_SEED;2026-09-24T00:00:00Z;JETBLUE_SEED
2b6b40e7-b217-57fe-86aa-d49b6efaa3e0;9b46c120-d3ef-5f30-98c1-c5faa73ab1a0;b6b196ae-800b-5f5c-a353-25a5754f0880;;PRIMARY;0.0000;1;2026-01-01;;true;2026-09-24T00:00:00Z;JETBLUE_SEED;2026-09-24T00:00:00Z;JETBLUE_SEED
859cf392-e294-58fb-aabb-90cb4e640437;49010efb-7c9c-5f11-a657-98aca9eca5c4;9841aecd-6bed-5594-bce2-e2c5a028cf5e;;PRIMARY;0.0000;1;2026-01-01;;true;2026-09-24T00:00:00Z;JETBLUE_SEED;2026-09-24T00:00:00Z;JETBLUE_SEED
a2d9b50e-dc18-5ba4-8841-d47c77fe6e57;b47cfca3-de3e-54c7-9f86-2d35396a23b9;63b16805-b084-51dc-b16a-9bc51a727226;;PRIMARY;0.0000;1;2026-01-01;;true;2026-09-24T00:00:00Z;JETBLUE_SEED;2026-09-24T00:00:00Z;JETBLUE_SEED
539252d2-e888-577f-b1ab-7dc85c415b40;b47cfca3-de3e-54c7-9f86-2d35396a23b9;7fd7b657-3986-5d79-9097-bca99cfc8a35;;PRIMARY;0.0000;1;2026-01-01;;true;2026-09-24T00:00:00Z;JETBLUE_SEED;2026-09-24T00:00:00Z;JETBLUE_SEED
dfff980c-463a-5081-8bfe-9f3ee2a28810;49010efb-7c9c-5f11-a657-98aca9eca5c4;16423ba8-e3d4-5fb7-ad35-8dbfc8ed5e7e;;PRIMARY;0.0000;1;2026-01-01;;true;2026-09-24T00:00:00Z;JETBLUE_SEED;2026-09-24T00:00:00Z;JETBLUE_SEED
abd08402-12c2-543d-b0f5-c7072dd4c030;9b46c120-d3ef-5f30-98c1-c5faa73ab1a0;0d715146-0dd6-5ebf-8dc7-3a4efbe42124;;PRIMARY;0.0000;1;2026-01-01;;true;2026-09-24T00:00:00Z;JETBLUE_SEED;2026-09-24T00:00:00Z;JETBLUE_SEED
04bf51d6-f774-5a74-b3ba-21f2336d8883;b47cfca3-de3e-54c7-9f86-2d35396a23b9;d0210c19-81a8-5ac7-8d54-e31e723e34c9;;PRIMARY;0.0000;1;2026-01-01;;true;2026-09-24T00:00:00Z;JETBLUE_SEED;2026-09-24T00:00:00Z;JETBLUE_SEED
728d8e7c-2125-518c-9d01-a3dc57d9603d;a759301a-5824-54a0-8aed-373fe5a84b07;10a54946-0eca-56d7-ac2b-7132441e8ce8;;PRIMARY;0.0000;1;2026-01-01;;true;2026-09-24T00:00:00Z;JETBLUE_SEED;2026-09-24T00:00:00Z;JETBLUE_SEED
4470f69a-8e8e-5420-9652-e2122d2408dc;b47cfca3-de3e-54c7-9f86-2d35396a23b9;ffce22b3-da59-5695-bc4e-ec5d9ee3400f;;PRIMARY;0.0000;1;2026-01-01;;true;2026-09-24T00:00:00Z;JETBLUE_SEED;2026-09-24T00:00:00Z;JETBLUE_SEED
aeae89ca-dddf-591e-b0ed-c9987080d277;9b46c120-d3ef-5f30-98c1-c5faa73ab1a0;9dcb16c3-f9f3-56dd-9a66-7f924515f983;;PRIMARY;0.0000;1;2026-01-01;;true;2026-09-24T00:00:00Z;JETBLUE_SEED;2026-09-24T00:00:00Z;JETBLUE_SEED
cfeac77a-bd54-517b-adcf-0d7c8f34b8e1;b47cfca3-de3e-54c7-9f86-2d35396a23b9;2912bdf2-6404-5c72-949a-a594d24843b3;;PRIMARY;0.0000;1;2026-01-01;;true;2026-09-24T00:00:00Z;JETBLUE_SEED;2026-09-24T00:00:00Z;JETBLUE_SEED
19c2bc03-2ea0-5240-b7fd-1c06e145d8e6;a759301a-5824-54a0-8aed-373fe5a84b07;79c8c487-e34b-5f68-ac7e-80825f4754b4;;PRIMARY;0.0000;1;2026-01-01;;true;2026-09-24T00:00:00Z;JETBLUE_SEED;2026-09-24T00:00:00Z;JETBLUE_SEED
d96f9469-861d-516d-ac0e-926f0fa8b01b;a759301a-5824-54a0-8aed-373fe5a84b07;30b81c90-e21e-5a1a-8868-67df3a946b07;;PRIMARY;0.0000;1;2026-01-01;;true;2026-09-24T00:00:00Z;JETBLUE_SEED;2026-09-24T00:00:00Z;JETBLUE_SEED
5587dbd0-f10d-5ab8-9e3d-a95a71da918f;9b46c120-d3ef-5f30-98c1-c5faa73ab1a0;2a08efed-4f5a-51d0-8610-cd8ccfdc649a;;PRIMARY;0.0000;1;2026-01-01;;true;2026-09-24T00:00:00Z;JETBLUE_SEED;2026-09-24T00:00:00Z;JETBLUE_SEED
998192ed-29a4-5b26-902d-08604b24da98;50898968-4450-5b53-b38a-f70c60700d78;888dc7d6-2afa-53e1-862c-70097de82cb6;;PRIMARY;0.0000;1;2026-01-01;;true;2026-09-24T00:00:00Z;JETBLUE_SEED;2026-09-24T00:00:00Z;JETBLUE_SEED
8c48605d-d085-5625-bea1-106c95618db4;50898968-4450-5b53-b38a-f70c60700d78;b9408a9a-a8aa-5863-b8c9-5e005a42427f;;PRIMARY;0.0000;1;2026-01-01;;true;2026-09-24T00:00:00Z;JETBLUE_SEED;2026-09-24T00:00:00Z;JETBLUE_SEED
c5d98a60-c42a-538d-a86f-08bd875aed3f;9b46c120-d3ef-5f30-98c1-c5faa73ab1a0;8c8748fc-02cf-54b1-9ed3-fc2a997d57f8;;PRIMARY;0.0000;1;2026-01-01;;true;2026-09-24T00:00:00Z;JETBLUE_SEED;2026-09-24T00:00:00Z;JETBLUE_SEED
6d4febdd-428b-5cc7-bb58-b764080db5df;b47cfca3-de3e-54c7-9f86-2d35396a23b9;3bb33fcb-3500-56aa-b438-17d31b62c742;;PRIMARY;0.0000;1;2026-01-01;;true;2026-09-24T00:00:00Z;JETBLUE_SEED;2026-09-24T00:00:00Z;JETBLUE_SEED
5cc77a07-4ca6-5764-8a55-d56123b67d45;9b46c120-d3ef-5f30-98c1-c5faa73ab1a0;7fd7b657-3986-5d79-9097-bca99cfc8a35;;PRIMARY;0.0000;1;2026-01-01;;true;2026-09-24T00:00:00Z;JETBLUE_SEED;2026-09-24T00:00:00Z;JETBLUE_SEED
90c48cbb-717f-5f2c-86f1-c1b43a7f5168;b47cfca3-de3e-54c7-9f86-2d35396a23b9;5ee46b47-cbf9-5e9a-9f88-85593a688976;;PRIMARY;0.0000;1;2026-01-01;;true;2026-09-24T00:00:00Z;JETBLUE_SEED;2026-09-24T00:00:00Z;JETBLUE_SEED
d3bf4bbd-f446-5925-95d2-443d823b4f86;e92af3b9-8f34-532b-9338-f7e8fde211dc;4df64edd-8f7e-590a-9d17-d44ba6dcf613;;PRIMARY;0.0000;1;2026-01-01;;true;2026-09-24T00:00:00Z;JETBLUE_SEED;2026-09-24T00:00:00Z;JETBLUE_SEED
d72219ac-4da8-59ae-a755-17f7397fea82;b47cfca3-de3e-54c7-9f86-2d35396a23b9;4d9c523c-5030-5249-8cf6-ababbac7424e;;PRIMARY;0.0000;1;2026-01-01;;true;2026-09-24T00:00:00Z;JETBLUE_SEED;2026-09-24T00:00:00Z;JETBLUE_SEED
8b25fc8e-69a1-556c-959c-99620ca6048a;792a6ba1-b667-5cf8-9c70-5744b46387f0;abe7ee97-e601-5fae-8996-bdc272705d58;;PRIMARY;0.0000;1;2026-01-01;;true;2026-09-24T00:00:00Z;JETBLUE_SEED;2026-09-24T00:00:00Z;JETBLUE_SEED
e7b5dce1-3b0c-5eaa-865b-be9cdab8777c;990a9d01-9d97-5e4d-9d74-d1751909a090;d06fcabf-a0f8-55df-9e8e-be67e9c7c0ef;;PRIMARY;0.0000;1;2026-01-01;;true;2026-09-24T00:00:00Z;JETBLUE_SEED;2026-09-24T00:00:00Z;JETBLUE_SEED
7ee48b86-40c2-5c05-81e4-5fb61dd3ace2;792a6ba1-b667-5cf8-9c70-5744b46387f0;f6c9cbad-6d75-5127-b16d-28a767b67a1d;;PRIMARY;0.0000;1;2026-01-01;;true;2026-09-24T00:00:00Z;JETBLUE_SEED;2026-09-24T00:00:00Z;JETBLUE_SEED
07d3e61e-8085-5c4e-a69e-e2e6bd97f1b6;990a9d01-9d97-5e4d-9d74-d1751909a090;49b0d2e1-6898-57ea-ac51-364d3f73b033;;PRIMARY;0.0000;1;2026-01-01;;true;2026-09-24T00:00:00Z;JETBLUE_SEED;2026-09-24T00:00:00Z;JETBLUE_SEED
4c624f59-4c70-5b33-a21d-47f19378a936;9b46c120-d3ef-5f30-98c1-c5faa73ab1a0;366374a2-33db-5eb2-9555-7d894fa82ccf;;PRIMARY;0.0000;1;2026-01-01;;true;2026-09-24T00:00:00Z;JETBLUE_SEED;2026-09-24T00:00:00Z;JETBLUE_SEED
ec85e8a0-7fc3-544a-b684-0185bace689e;792a6ba1-b667-5cf8-9c70-5744b46387f0;7b015983-6b11-511a-938c-f59a1d1bf0d8;;PRIMARY;0.0000;1;2026-01-01;;true;2026-09-24T00:00:00Z;JETBLUE_SEED;2026-09-24T00:00:00Z;JETBLUE_SEED
54efad8d-f4e3-5a9c-8988-48041291e88e;b47cfca3-de3e-54c7-9f86-2d35396a23b9;c92f74a0-ff69-502d-91f6-fb0a8b90a727;;PRIMARY;0.0000;1;2026-01-01;;true;2026-09-24T00:00:00Z;JETBLUE_SEED;2026-09-24T00:00:00Z;JETBLUE_SEED
6be61c45-ddc6-5dda-a1d6-5893cdae426f;792a6ba1-b667-5cf8-9c70-5744b46387f0;b3ddc994-d476-53b0-85e6-a7828df8e1be;;PRIMARY;0.0000;1;2026-01-01;;true;2026-09-24T00:00:00Z;JETBLUE_SEED;2026-09-24T00:00:00Z;JETBLUE_SEED
0e3ec5c3-362b-567a-9249-971b4ca156d1;990a9d01-9d97-5e4d-9d74-d1751909a090;a60406fb-b888-5fb4-9147-d5bef14c5c90;;PRIMARY;0.0000;1;2026-01-01;;true;2026-09-24T00:00:00Z;JETBLUE_SEED;2026-09-24T00:00:00Z;JETBLUE_SEED
e568b374-35d4-5037-813c-7752a8d5fad5;792a6ba1-b667-5cf8-9c70-5744b46387f0;7d4ced6e-bbf7-5d0c-9cc3-a99042f9a085;;PRIMARY;0.0000;1;2026-01-01;;true;2026-09-24T00:00:00Z;JETBLUE_SEED;2026-09-24T00:00:00Z;JETBLUE_SEED
362b4e4f-4985-5938-8d26-a84ae55831d4;a759301a-5824-54a0-8aed-373fe5a84b07;d9bfeb4f-f234-55d9-965e-bf89b689253c;;PRIMARY;0.0000;1;2026-01-01;;true;2026-09-24T00:00:00Z;JETBLUE_SEED;2026-09-24T00:00:00Z;JETBLUE_SEED
10198ccf-77d1-579c-b771-b4c5ee3cfa7c;a759301a-5824-54a0-8aed-373fe5a84b07;6fb460b4-4b6f-55b0-8c9d-cde4bcb827e0;;PRIMARY;0.0000;1;2026-01-01;;true;2026-09-24T00:00:00Z;JETBLUE_SEED;2026-09-24T00:00:00Z;JETBLUE_SEED
c621fe4e-2432-5fef-93da-ca1c4310f8f1;792a6ba1-b667-5cf8-9c70-5744b46387f0;88d2b991-8920-554a-8b07-6d7d0db627ce;;PRIMARY;0.0000;1;2026-01-01;;true;2026-09-24T00:00:00Z;JETBLUE_SEED;2026-09-24T00:00:00Z;JETBLUE_SEED
da8970a4-23bb-5334-ba36-a5d4a847f6b2;b47cfca3-de3e-54c7-9f86-2d35396a23b9;37455dc8-4a2f-534b-8f6d-5bcd1cb1aec0;;PRIMARY;0.0000;1;2026-01-01;;true;2026-09-24T00:00:00Z;JETBLUE_SEED;2026-09-24T00:00:00Z;JETBLUE_SEED
ea3f18b4-211b-5e7d-8fde-4b4faade6113;792a6ba1-b667-5cf8-9c70-5744b46387f0;33681b5c-7e2b-5e1d-a670-9d9a0cb9fc56;;PRIMARY;0.0000;1;2026-01-01;;true;2026-09-24T00:00:00Z;JETBLUE_SEED;2026-09-24T00:00:00Z;JETBLUE_SEED
f76b9c1e-32ff-5db9-9f3d-a11a618f34eb;792a6ba1-b667-5cf8-9c70-5744b46387f0;5441cbea-1394-5bcc-b807-141aa5cf627a;;PRIMARY;0.0000;1;2026-01-01;;true;2026-09-24T00:00:00Z;JETBLUE_SEED;2026-09-24T00:00:00Z;JETBLUE_SEED
17bcd659-9f7b-55c5-8215-35a06d42abb2;792a6ba1-b667-5cf8-9c70-5744b46387f0;b89abd90-0f5a-5c41-9e37-68b6e252ef77;;PRIMARY;0.0000;1;2026-01-01;;true;2026-09-24T00:00:00Z;JETBLUE_SEED;2026-09-24T00:00:00Z;JETBLUE_SEED
6bb1268a-3cf0-530d-8548-8a1d77f365c9;9b46c120-d3ef-5f30-98c1-c5faa73ab1a0;1214961a-152f-50df-a757-a3e2515a0daa;;PRIMARY;0.0000;1;2026-01-01;;true;2026-09-24T00:00:00Z;JETBLUE_SEED;2026-09-24T00:00:00Z;JETBLUE_SEED
121c4ab4-aeb8-51da-a49a-5ccf914892f5;f2256ffc-21e1-54f2-b423-66fab7b5cb80;8896df81-f4e4-5326-966a-1fb995ee7b60;;PRIMARY;0.0000;1;2026-01-01;;true;2026-09-24T00:00:00Z;JETBLUE_SEED;2026-09-24T00:00:00Z;JETBLUE_SEED
53ee0804-ed1f-53c6-8932-550665328f8a;9b46c120-d3ef-5f30-98c1-c5faa73ab1a0;6a8e6793-e2e8-549e-8b30-85f9df7c2370;;PRIMARY;0.0000;1;2026-01-01;;true;2026-09-24T00:00:00Z;JETBLUE_SEED;2026-09-24T00:00:00Z;JETBLUE_SEED
aa087f59-c97e-5d2e-87f8-92438492aad1;792a6ba1-b667-5cf8-9c70-5744b46387f0;d4b0d0e4-fe02-5389-a822-444e54bcbdd6;;PRIMARY;0.0000;1;2026-01-01;;true;2026-09-24T00:00:00Z;JETBLUE_SEED;2026-09-24T00:00:00Z;JETBLUE_SEED
