ID;derived_price_ID;derivation_batch_id;log_timestamp;sequence;log_level;log_category;log_message;log_details;contract_id;formula_id;component_id;index_id;input_value;output_value;calculation_expression;error_code;error_message;stack_trace;executed_by;execution_context
550e8400-e29b-41d4-a716-446655446601;550e8400-e29b-41d4-a716-446655446501;DRV-2026-01-17-0001;2026-01-17T06:00:00Z;1;INFO;CONFIG;Formula FRM-001 v1 resolved at scope SUPPLIER+COMPANY (tier 1) for 2026-01-17, valid 2025-01-01 to open.;;d4e5f6a7-4444-4000-8000-000000000001;550e8400-e29b-41d4-a716-446655446101;;;;;resolved_by=PRICING_FORMULAS scope=SUPPLIER+COMPANY;;;;pricing.system@airline.com;BATCH
550e8400-e29b-41d4-a716-446655446602;550e8400-e29b-41d4-a716-446655446501;DRV-2026-01-17-0001;2026-01-17T06:00:00Z;2;INFO;CONFIG;Engine NATIVE resolved from MASTER_CONTRACTS.price_type, the native engine ran.;;d4e5f6a7-4444-4000-8000-000000000001;550e8400-e29b-41d4-a716-446655446101;;;;;engine=NATIVE requested=NATIVE source=MASTER_CONTRACTS.price_type;;;;pricing.system@airline.com;BATCH
550e8400-e29b-41d4-a716-446655446603;550e8400-e29b-41d4-a716-446655446501;DRV-2026-01-17-0001;2026-01-17T06:00:00Z;3;INFO;INDEX;Component Base Index (BASE_INDEX/LOOKUP) = 82.5000;;d4e5f6a7-4444-4000-8000-000000000001;550e8400-e29b-41d4-a716-446655446101;550e8400-e29b-41d4-a716-446655446201;550e8400-e29b-41d4-a716-446655446001;0.0000;82.5000;published quote 2026-01-17 at offset N-0;;;;pricing.system@airline.com;BATCH
550e8400-e29b-41d4-a716-446655446604;550e8400-e29b-41d4-a716-446655446501;DRV-2026-01-17-0001;2026-01-17T06:00:00Z;4;INFO;COMPONENT;Component Premium (PREMIUM/FIXED) = 2.5000;;d4e5f6a7-4444-4000-8000-000000000001;550e8400-e29b-41d4-a716-446655446101;550e8400-e29b-41d4-a716-446655446202;;82.5000;2.5000;fixed 2.5;;;;pricing.system@airline.com;BATCH
550e8400-e29b-41d4-a716-446655446605;550e8400-e29b-41d4-a716-446655446501;DRV-2026-01-17-0001;2026-01-17T06:00:00Z;5;INFO;COMPONENT;Component Into-Plane Fee (INTO_PLANE/FIXED) = 8.0000;;d4e5f6a7-4444-4000-8000-000000000001;550e8400-e29b-41d4-a716-446655446101;550e8400-e29b-41d4-a716-446655446203;;85.0000;8.0000;fixed 8;;;;pricing.system@airline.com;BATCH
550e8400-e29b-41d4-a716-446655446606;550e8400-e29b-41d4-a716-446655446501;DRV-2026-01-17-0001;2026-01-17T06:00:00Z;6;INFO;COMPONENT;Component Handling Fee (HANDLING/PERCENTAGE) = 1.3950;;d4e5f6a7-4444-4000-8000-000000000001;550e8400-e29b-41d4-a716-446655446101;550e8400-e29b-41d4-a716-446655446204;;93.0000;1.3950;1.5000% of 93 (CUMULATIVE);;;;pricing.system@airline.com;BATCH
550e8400-e29b-41d4-a716-446655446607;550e8400-e29b-41d4-a716-446655446501;DRV-2026-01-17-0001;2026-01-17T06:00:00Z;7;INFO;COMPONENT;Component Excise Duty (EXCISE_DUTY/FIXED) = 0.5000;;d4e5f6a7-4444-4000-8000-000000000001;550e8400-e29b-41d4-a716-446655446101;550e8400-e29b-41d4-a716-446655446205;;94.3950;0.5000;fixed 0.5;;;;pricing.system@airline.com;BATCH
550e8400-e29b-41d4-a716-446655446608;550e8400-e29b-41d4-a716-446655446501;DRV-2026-01-17-0001;2026-01-17T06:00:00Z;8;WARNING;COMPONENT;PRC403: Excise Duty is EXCISE_DUTY, carried in the breakdown at 0.5 and excluded from the basic fuel price.;;d4e5f6a7-4444-4000-8000-000000000001;550e8400-e29b-41d4-a716-446655446101;550e8400-e29b-41d4-a716-446655446205;;;0.5000;;;;;pricing.system@airline.com;BATCH
550e8400-e29b-41d4-a716-446655446609;550e8400-e29b-41d4-a716-446655446501;DRV-2026-01-17-0001;2026-01-17T06:00:00Z;9;INFO;RESULT;FINAL basic fuel price 94.3950 USD/KG from 4 priced component(s), 1 tax component(s) carried not priced, 1 index quote(s).;;d4e5f6a7-4444-4000-8000-000000000001;550e8400-e29b-41d4-a716-446655446101;;;;94.3950;Base Index=82.5 + Premium=2.5 + Into-Plane Fee=8 + Handling Fee=1.395 = 94.3950;;;;pricing.system@airline.com;BATCH
