ID;invoice_number;internal_number;supplier_ID;invoice_date;posting_date;due_date;baseline_date;currency_code;net_amount;tax_amount;gross_amount;stated_net_amount;stated_gross_amount;stated_line_count;payment_terms;discount_percent;discount_date;match_status;price_variance;quantity_variance;variance_percentage;approval_status;requires_dual_approval;first_approver;first_approved_at;final_approver;final_approved_at;s4_document_number;s4_fiscal_year;s4_company_code;fi_posting_status;status;posting_gate;gate_evaluated_at;open_hard_count;open_soft_count;warning_count;notes;rejection_reason;is_duplicate;duplicate_of_ID;created_at;created_by;modified_at;modified_by;rules_evaluated;rules_passed;rules_failed;rules_bypassed;rules_not_applicable;received_date;sap_invoice_number;s4_payment_document;payment_date;tolerance_status
550e8400-e29b-41d4-a716-44665544A201;INV-WFS-20260324-001;INV-WFS-AC-20260324-001;b2c3d4e5-2222-4000-8000-00000000A001;2026-03-24;2026-03-25;2026-04-23;2026-03-24;USD;1870.00;224.40;2094.40;;;;NET30;2.00;2026-04-03;MATCHED;0.00;0.00;0.00;APPROVED;false;finance.controller@airline.com;2026-03-25T10:00:00Z;;;5100200001;2026;3000;SUCCESS;POSTED;GATED;2026-09-01T00:00:00Z;1;0;0;"AC Step 7: Invoice for AC601 YYZ-YUL. POSTED before the checks existed, and GATED by them now. INV469: the line bills 2180 KG at 0.85 and states 1870, which is 2200 x 0.85 - the ORDERED quantity, not the delivered one. INVOICE_MATCHES agrees (po_quantity 2200, po_amount 1870), so the figures are internally consistent and only this note was wrong: it said ""exact match"".";;false;;2026-03-24T14:00:00Z;ap.clerk@airline.com;2026-03-25T10:30:00Z;finance.controller@airline.com;23;16;1;0;6;;;;;
550e8400-e29b-41d4-a716-44665544A202;INV-BPUK-20260325-001;INV-BP-AC-20260325-001;b2c3d4e5-2222-4000-8000-00000000A003;2026-03-25;2026-03-26;2026-04-24;2026-03-25;USD;65436.00;7852.32;73288.32;;;;NET30;2.00;2026-04-04;PARTIAL_MATCH;0.00;-0.25;-0.25;PENDING;false;;;;;;;;;SUBMITTED;GATED;2026-09-01T00:00:00Z;1;0;0;AC Step 6: Invoice for AC102 LHR-YYZ - pending verification;;false;;2026-03-25T16:00:00Z;ap.clerk@airline.com;2026-03-25T16:00:00Z;ap.clerk@airline.com;23;5;1;0;17;;;;;
550e8400-e29b-41d4-a716-44665544A203;INV-TFS-20260326-001;INV-TFS-AC-20260326-001;b2c3d4e5-2222-4000-8000-00000000A004;2026-03-26;2026-03-27;2026-04-25;2026-03-26;EUR;37830.00;7186.70;45016.70;;;;NET30;1.50;2026-04-05;;0.00;0.00;0.00;;;;;;;;;;;DRAFT;GATED;2026-09-01T00:00:00Z;1;0;0;AC302 CDG-YYZ - supplier invoice received, not yet submitted;;false;;2026-03-26T15:00:00Z;ap.clerk@airline.com;2026-03-26T15:00:00Z;ap.clerk@airline.com;23;5;1;0;17;;;;;
5bf2a3b4-bbbb-4000-8000-000000006001;INV-DUP-2026-0001;INV-PETAV-20260407-0001;b2c3d4e5-2222-4000-8000-000000000001;2026-04-07;2026-04-07;2026-05-07;;USD;34000.00;0.00;34000.00;;;;;;;UNMATCHED;;;;PENDING;false;;;;;;;;;DRAFT;GATED;2026-09-01T00:00:00Z;2;0;0;Duplicate invoice line scenario - line 2 repeats line 1;;true;;2026-04-01T00:00:00Z;WP06_SEED;2026-04-01T00:00:00Z;WP06_SEED;40;7;2;0;31;;;;;
21a00004-0000-4000-8000-000000000001;INV-WFS-2026W21-001;INV-WFS-AC-20260415-001;b2c3d4e5-2222-4000-8000-00000000A001;2026-04-15;;;2026-04-15;USD;35045.50;0.00;35045.50;35045.50;35045.50;4;;;;UNMATCHED;;;;PENDING;false;;;;;;;1000;;SUBMITTED;GATED;2026-09-01T00:00:00Z;1;1;1;WP21A_SEED S1 the ladder: four lines differing only in quantity;;false;;2026-04-15T08:00:00Z;ap.clerk@airline.com;2026-04-15T08:00:00Z;ap.clerk@airline.com;74;58;3;0;13;;;;;
21a00004-0000-4000-8000-000000000002;INV-WFS-2026W21-002;INV-WFS-AC-20260415-002;b2c3d4e5-2222-4000-8000-00000000A001;2026-04-15;;;2026-04-15;USD;25500.00;0.00;25500.00;25500.00;25500.00;4;;;;UNMATCHED;;;;PENDING;false;;;;;;;1000;;SUBMITTED;GATED;2026-09-01T00:00:00Z;4;0;0;WP21A_SEED S2 hard errors: unresolvable ticket, ticket with no order, order with no PO. States 4 lines, carries 3;;false;;2026-04-15T08:00:00Z;ap.clerk@airline.com;2026-04-15T08:00:00Z;ap.clerk@airline.com;57;23;4;0;30;;;;;
21a00004-0000-4000-8000-000000000003;INV-WFS-2026W21-003;INV-WFS-AC-20260415-003;b2c3d4e5-2222-4000-8000-00000000A001;2026-04-15;;;2026-04-15;USD;17000.00;0.00;17000.00;17000.00;17000.00;2;;;;UNMATCHED;;;;PENDING;false;;;;;;;1000;;SUBMITTED;GATED;2026-09-01T00:00:00Z;4;0;0;WP21A_SEED S3 duplicate: two lines on one ticket, each of which resolves perfectly;;false;;2026-04-15T08:00:00Z;ap.clerk@airline.com;2026-04-15T08:00:00Z;ap.clerk@airline.com;40;29;4;0;7;;;;;
21a00004-0000-4000-8000-000000000004;INV-WFS-2026W21-003;INV-WFS-AC-20260415-004;b2c3d4e5-2222-4000-8000-00000000A001;2026-04-15;;;2026-04-15;USD;8500.00;0.00;8500.00;8500.00;8500.00;1;;;;UNMATCHED;;;;PENDING;false;;;;;;;1000;;SUBMITTED;GATED;2026-09-01T00:00:00Z;1;0;0;WP21A_SEED S3b same invoice number and vendor as S3;;false;;2026-04-15T08:00:00Z;ap.clerk@airline.com;2026-04-15T08:00:00Z;ap.clerk@airline.com;23;18;1;0;4;;;;;
21a00004-0000-4000-8000-000000000005;INV-WFS-2026W21-005;INV-WFS-AC-20260415-005;b2c3d4e5-2222-4000-8000-00000000A001;2026-04-15;;;2026-04-15;USD;8500.00;0.00;8500.00;8500.00;8500.00;1;;;;UNMATCHED;;;;PENDING;false;;;;;;;1000;;SUBMITTED;GATED;2026-09-01T00:00:00Z;0;1;0;WP21A_SEED S4 one SOFT error only: the stated PO disagrees with the resolved one;;false;;2026-04-15T08:00:00Z;ap.clerk@airline.com;2026-04-15T08:00:00Z;ap.clerk@airline.com;23;18;1;0;4;;;;;
21a00004-0000-4000-8000-000000000006;INV-PETRON-2026W21-006;INV-PET-AC-20260415-006;b2c3d4e5-2222-4000-8000-000000000003;2026-04-15;;;2026-04-15;USD;8500.00;0.00;8500.00;8500.00;8500.00;1;;;;UNMATCHED;;;;PENDING;false;;;;;;;1000;;SUBMITTED;CLEAR;2026-09-01T00:00:00Z;0;0;1;WP21A_SEED S5 provisional price: the comparison is suspended, not passed;;false;;2026-04-15T08:00:00Z;ap.clerk@airline.com;2026-04-15T08:00:00Z;ap.clerk@airline.com;23;18;1;0;4;;;;;
f1c00000-0000-4000-8000-000000000001;INV-WFS-20260416-101;INV-WFS-AC-20260416-001;b2c3d4e5-2222-4000-8000-00000000A001;2026-04-16;;;2026-04-16;CAD;2045.69;0.00;2045.69;2045.69;2045.69;1;;;;UNMATCHED;;;;PENDING;false;;;;;;;1000;;SUBMITTED;CLEAR;2026-09-01T00:00:00Z;0;0;0;FIM_STEP2 S3 AC412 C-FDMP. The clean case: one line reaching one ticket, one delivery, one order, one flight, one tail.;;false;;2026-04-16T09:00:00Z;FIM_STEP2_SEED;2026-04-16T09:00:00Z;FIM_STEP2_SEED;23;19;0;0;4;;;;;
f1c00000-0000-4000-8000-000000000002;INV-WFS-20260416-102;INV-WFS-AC-20260416-002;b2c3d4e5-2222-4000-8000-00000000A001;2026-04-16;;;2026-04-16;CAD;4091.38;0.00;4091.38;4091.38;4091.38;2;;;;UNMATCHED;;;;PENDING;false;;;;;;;1000;;SUBMITTED;GATED;2026-09-01T00:00:00Z;3;0;0;FIM_STEP2 S1 AC410 C-FDMO. The same ticket billed on two lines - INV455, and INV474 because both lines share the order and the GR.;;false;;2026-04-16T09:00:00Z;FIM_STEP2_SEED;2026-04-16T09:00:00Z;FIM_STEP2_SEED;40;30;3;0;7;;;;;
f1c00000-0000-4000-8000-000000000003;INV-WFS-20260416-103;INV-WFS-AC-20260416-003;b2c3d4e5-2222-4000-8000-00000000A001;2026-04-16;;;2026-04-16;CAD;38198.00;0.00;38198.00;38198.00;38198.00;1;;;;UNMATCHED;;;;PENDING;false;;;;;;;1000;;SUBMITTED;GATED;2026-09-01T00:00:00Z;0;2;0;FIM_STEP2 S2 AC856 C-GDMS. Invoiced above the goods receipt: the SOFT rung of TOL-INV-QTY, and above the ordered quantity.;;false;;2026-04-16T09:00:00Z;FIM_STEP2_SEED;2026-04-16T09:00:00Z;FIM_STEP2_SEED;23;17;2;0;4;;;;;
a92382f5-d959-561f-b07a-f8a1c6c32f74;CGA-ABQ-260927-01;INV-CGA-20260927-001;91e228e1-8277-533a-9d05-e4a828f1eb9a;2026-09-27;;2026-10-27;2026-09-27;USD;40486.50;361.69;40848.19;40486.50;40848.19;3;NET30;;;MATCHED;0.00;0.00;0.00;APPROVED;false;SYSTEM (auto-approved: three-way matched within tolerance);2026-09-27T16:00:00Z;SYSTEM (auto-approved: three-way matched within tolerance);2026-09-27T16:00:00Z;;;JB01;;VERIFIED;CLEAR;2026-09-27T16:00:00Z;0;0;0;SYNTHETIC B6 test invoice, ABQ, 24-26 Sep 2026. Three-way matched within tolerance and auto-approved. Not yet posted.;;false;;2026-09-27T15:00:00Z;SEED_B6_ADSB;2026-09-27T16:00:00Z;SEED_B6_ADSB;;;;;;2026-09-27;;;;WITHIN
1fde17f3-8b8f-5669-92b8-9b3816628b67;WFS-ACK-260927-01;INV-WFS-20260927-001;b3426936-fb7a-59e0-adae-13e8ff46692f;2026-09-27;;2026-10-27;2026-09-27;USD;30781.70;270.68;31052.38;30781.70;31052.38;10;NET30;;;EXCEPTION;0.00;0.00;0.00;PENDING;false;;;;;;;JB01;;SUBMITTED;GATED;2026-09-27T16:00:00Z;1;0;0;SYNTHETIC B6 test invoice, ACK, 24-26 Sep 2026. Seeded exception: re-bills a ticket already invoiced on WFS-PWM. Not approved, not posted.;;false;;2026-09-27T15:00:00Z;SEED_B6_ADSB;2026-09-27T16:00:00Z;SEED_B6_ADSB;;;;;;2026-09-27;;;;EXCEEDED
0760edbb-136f-5ff4-8936-0838a6377cf3;WFS-ALB-260927-02;INV-WFS-20260927-002;b3426936-fb7a-59e0-adae-13e8ff46692f;2026-09-27;;2026-10-27;2026-09-27;USD;48296.42;409.21;48705.63;48296.42;48705.63;5;NET30;;;MATCHED;0.00;0.00;0.00;APPROVED;false;SYSTEM (auto-approved: three-way matched within tolerance);2026-09-27T16:00:00Z;SYSTEM (auto-approved: three-way matched within tolerance);2026-09-27T16:00:00Z;;;JB01;;VERIFIED;CLEAR;2026-09-27T16:00:00Z;0;0;0;SYNTHETIC B6 test invoice, ALB, 24-26 Sep 2026. Three-way matched within tolerance and auto-approved. Not yet posted.;;false;;2026-09-27T15:00:00Z;SEED_B6_ADSB;2026-09-27T16:00:00Z;SEED_B6_ADSB;;;;;;2026-09-27;;;;WITHIN
a8ce58e5-0d22-516a-90b1-01cc1be51d04;SNL-AMS-260927-01;INV-SNL-20260927-001;e8419364-5a26-5c6d-82db-0f65e849db45;2026-09-27;;2026-10-27;2026-09-27;USD;81372.58;0.00;81372.58;81372.58;81372.58;3;NET30;;;MATCHED;0.00;0.00;0.00;APPROVED;false;SYSTEM (auto-approved: three-way matched within tolerance);2026-09-27T16:00:00Z;SYSTEM (auto-approved: three-way matched within tolerance);2026-09-27T16:00:00Z;;;JB01;;VERIFIED;CLEAR;2026-09-27T16:00:00Z;0;0;0;SYNTHETIC B6 test invoice, AMS, 24-26 Sep 2026. Three-way matched within tolerance and auto-approved. Not yet posted.;;false;;2026-09-27T15:00:00Z;SEED_B6_ADSB;2026-09-27T16:00:00Z;SEED_B6_ADSB;;;;;;2026-09-27;;;;WITHIN
4445fcb9-00f5-5c13-b7f4-5ae693e6a66c;WFS-ATL-260927-03;INV-WFS-20260927-003;b3426936-fb7a-59e0-adae-13e8ff46692f;2026-09-27;;2026-10-27;2026-09-27;USD;130995.32;1252.61;132247.93;130995.32;132247.93;23;NET30;;;MATCHED;0.00;0.00;0.00;APPROVED;false;SYSTEM (auto-approved: three-way matched within tolerance);2026-09-27T16:00:00Z;SYSTEM (auto-approved: three-way matched within tolerance);2026-09-27T16:00:00Z;;;JB01;;VERIFIED;CLEAR;2026-09-27T16:00:00Z;0;0;0;SYNTHETIC B6 test invoice, ATL, 24-26 Sep 2026. Three-way matched within tolerance and auto-approved. Not yet posted.;;false;;2026-09-27T15:00:00Z;SEED_B6_ADSB;2026-09-27T16:00:00Z;SEED_B6_ADSB;;;;;;2026-09-27;;;;WITHIN
c27cff23-6360-557a-9f2f-f8a760cbba9f;CGA-AUS-260927-02;INV-CGA-20260927-002;91e228e1-8277-533a-9d05-e4a828f1eb9a;2026-09-27;;2026-10-27;2026-09-27;USD;88199.66;812.00;89011.66;88199.66;89011.66;9;NET30;;;MATCHED;0.00;0.00;0.00;APPROVED;false;SYSTEM (auto-approved: three-way matched within tolerance);2026-09-27T16:00:00Z;SYSTEM (auto-approved: three-way matched within tolerance);2026-09-27T16:00:00Z;;;JB01;;VERIFIED;CLEAR;2026-09-27T16:00:00Z;0;0;0;SYNTHETIC B6 test invoice, AUS, 24-26 Sep 2026. Three-way matched within tolerance and auto-approved. Not yet posted.;;false;;2026-09-27T15:00:00Z;SEED_B6_ADSB;2026-09-27T16:00:00Z;SEED_B6_ADSB;;;;;;2026-09-27;;;;WITHIN
97e43dc9-daf5-55e7-bc2c-35ee9c42d614;REP-BCN-260927-01;INV-REP-20260927-001;bb7e30f3-e06d-55b5-9aed-505a4782d39c;2026-09-27;;2026-10-27;2026-09-27;USD;58546.94;0.00;58546.94;58546.94;58546.94;2;NET30;;;MATCHED;0.00;0.00;0.00;APPROVED;false;SYSTEM (auto-approved: three-way matched within tolerance);2026-09-27T16:00:00Z;SYSTEM (auto-approved: three-way matched within tolerance);2026-09-27T16:00:00Z;;;JB01;;VERIFIED;CLEAR;2026-09-27T16:00:00Z;0;0;0;SYNTHETIC B6 test invoice, BCN, 24-26 Sep 2026. Three-way matched within tolerance and auto-approved. Not yet posted.;;false;;2026-09-27T15:00:00Z;SEED_B6_ADSB;2026-09-27T16:00:00Z;SEED_B6_ADSB;;;;;;2026-09-27;;;;WITHIN
63b5bf20-2207-5d5c-a4a5-ba9a48de66e9;SOL-BDA-260927-01;INV-SOL-20260927-001;05940ddf-01dc-5d65-ad59-debc77d2b585;2026-09-27;;2026-10-27;2026-09-27;USD;9115.63;0.00;9115.63;9115.63;9115.63;3;NET30;;;MATCHED;0.00;0.00;0.00;APPROVED;false;SYSTEM (auto-approved: three-way matched within tolerance);2026-09-27T16:00:00Z;SYSTEM (auto-approved: three-way matched within tolerance);2026-09-27T16:00:00Z;;;JB01;;VERIFIED;CLEAR;2026-09-27T16:00:00Z;0;0;0;SYNTHETIC B6 test invoice, BDA, 24-26 Sep 2026. Three-way matched within tolerance and auto-approved. Not yet posted.;;false;;2026-09-27T15:00:00Z;SEED_B6_ADSB;2026-09-27T16:00:00Z;SEED_B6_ADSB;;;;;;2026-09-27;;;;WITHIN
ca924113-9faf-5484-b21a-9e8755a7b478;WFS-BDL-260927-04;INV-WFS-20260927-004;b3426936-fb7a-59e0-adae-13e8ff46692f;2026-09-27;;2026-10-27;2026-09-27;USD;186900.12;1608.57;188508.69;186900.12;188508.69;18;NET30;;;MATCHED;0.00;0.00;0.00;APPROVED;false;SYSTEM (auto-approved: three-way matched within tolerance);2026-09-27T16:00:00Z;SYSTEM (auto-approved: three-way matched within tolerance);2026-09-27T16:00:00Z;;;JB01;;VERIFIED;CLEAR;2026-09-27T16:00:00Z;0;0;0;SYNTHETIC B6 test invoice, BDL, 24-26 Sep 2026. Three-way matched within tolerance and auto-approved. Not yet posted.;;false;;2026-09-27T15:00:00Z;SEED_B6_ADSB;2026-09-27T16:00:00Z;SEED_B6_ADSB;;;;;;2026-09-27;;;;WITHIN
99a3fd7c-8a18-5c43-a30f-d5afed960c76;AVF-BHM-260927-01;INV-AVF-20260927-001;16f32e0a-4b0f-5ca7-911e-f5511a88fec9;2026-09-27;;2026-10-27;2026-09-27;USD;8399.43;76.81;8476.24;8399.43;8476.24;2;NET30;;;MATCHED;0.00;0.00;0.00;APPROVED;false;SYSTEM (auto-approved: three-way matched within tolerance);2026-09-27T16:00:00Z;SYSTEM (auto-approved: three-way matched within tolerance);2026-09-27T16:00:00Z;;;JB01;;VERIFIED;CLEAR;2026-09-27T16:00:00Z;0;0;0;SYNTHETIC B6 test invoice, BHM, 24-26 Sep 2026. Three-way matched within tolerance and auto-approved. Not yet posted.;;false;;2026-09-27T15:00:00Z;SEED_B6_ADSB;2026-09-27T16:00:00Z;SEED_B6_ADSB;;;;;;2026-09-27;;;;WITHIN
ade509e7-16e6-5f61-a7fa-b86894bfe1e6;WFS-BNA-260927-05;INV-WFS-20260927-005;b3426936-fb7a-59e0-adae-13e8ff46692f;2026-09-27;;2026-10-27;2026-09-27;USD;126299.48;1149.41;127448.89;126299.48;127448.89;18;NET30;;;MATCHED;0.00;0.00;0.00;APPROVED;false;SYSTEM (auto-approved: three-way matched within tolerance);2026-09-27T16:00:00Z;SYSTEM (auto-approved: three-way matched within tolerance);2026-09-27T16:00:00Z;;;JB01;;VERIFIED;CLEAR;2026-09-27T16:00:00Z;0;0;0;SYNTHETIC B6 test invoice, BNA, 24-26 Sep 2026. Three-way matched within tolerance and auto-approved. Not yet posted.;;false;;2026-09-27T15:00:00Z;SEED_B6_ADSB;2026-09-27T16:00:00Z;SEED_B6_ADSB;;;;;;2026-09-27;;;;WITHIN
f35981fe-204a-5be5-ac37-4a0bb10c9925;SHL-BOS-260927-01;INV-SHL-20260927-001;9cbcf4a4-d850-50e3-92d0-466e0759850c;2026-09-27;;2026-10-27;2026-09-27;USD;1262979.68;11182.40;1274162.08;1262979.68;1274162.08;114;NET30;;;MATCHED;0.00;0.00;0.00;APPROVED;false;SYSTEM (auto-approved: three-way matched within tolerance);2026-09-27T16:00:00Z;SYSTEM (auto-approved: three-way matched within tolerance);2026-09-27T16:00:00Z;;;JB01;;VERIFIED;CLEAR;2026-09-27T16:00:00Z;0;0;0;SYNTHETIC B6 test invoice, BOS, 24-26 Sep 2026. Three-way matched within tolerance and auto-approved. Not yet posted.;;false;;2026-09-27T15:00:00Z;SEED_B6_ADSB;2026-09-27T16:00:00Z;SEED_B6_ADSB;;;;;;2026-09-27;;;;WITHIN
cc11e35b-0f27-57dc-83b8-99de52d58448;WFS-BOS-260927-06;INV-WFS-20260927-006;b3426936-fb7a-59e0-adae-13e8ff46692f;2026-09-27;;2026-10-27;2026-09-27;USD;1871564.92;16528.15;1888093.07;1871564.92;1888093.07;160;NET30;;;MATCHED;0.00;0.00;0.00;APPROVED;false;SYSTEM (auto-approved: three-way matched within tolerance);2026-09-27T16:00:00Z;SYSTEM (auto-approved: three-way matched within tolerance);2026-09-27T16:00:00Z;;;JB01;;VERIFIED;CLEAR;2026-09-27T16:00:00Z;0;0;0;SYNTHETIC B6 test invoice, BOS, 24-26 Sep 2026. Three-way matched within tolerance and auto-approved. Not yet posted.;;false;;2026-09-27T15:00:00Z;SEED_B6_ADSB;2026-09-27T16:00:00Z;SEED_B6_ADSB;;;;;;2026-09-27;;;;WITHIN
ff1cb28d-1c1f-5a23-a866-468d56f0c9a4;WFS-BUF-260927-07;INV-WFS-20260927-007;b3426936-fb7a-59e0-adae-13e8ff46692f;2026-09-27;;2026-10-27;2026-09-27;USD;129476.99;1127.43;130604.42;129476.99;130604.42;24;NET30;;;MATCHED;0.00;0.00;0.00;APPROVED;false;SYSTEM (auto-approved: three-way matched within tolerance);2026-09-27T16:00:00Z;SYSTEM (auto-approved: three-way matched within tolerance);2026-09-27T16:00:00Z;;;JB01;;VERIFIED;CLEAR;2026-09-27T16:00:00Z;0;0;0;SYNTHETIC B6 test invoice, BUF, 24-26 Sep 2026. Three-way matched within tolerance and auto-approved. Not yet posted.;;false;;2026-09-27T15:00:00Z;SEED_B6_ADSB;2026-09-27T16:00:00Z;SEED_B6_ADSB;;;;;;2026-09-27;;;;WITHIN
3a9d02bb-fb80-5764-aaba-b7b3c40c5a23;CGA-BUR-260927-03;INV-CGA-20260927-003;91e228e1-8277-533a-9d05-e4a828f1eb9a;2026-09-27;;2026-10-27;2026-09-27;USD;51688.23;448.68;52136.91;51688.23;52136.91;3;NET30;;;MATCHED;0.00;0.00;0.00;APPROVED;false;SYSTEM (auto-approved: three-way matched within tolerance);2026-09-27T16:00:00Z;SYSTEM (auto-approved: three-way matched within tolerance);2026-09-27T16:00:00Z;;;JB01;;VERIFIED;CLEAR;2026-09-27T16:00:00Z;0;0;0;SYNTHETIC B6 test invoice, BUR, 24-26 Sep 2026. Three-way matched within tolerance and auto-approved. Not yet posted.;;false;;2026-09-27T15:00:00Z;SEED_B6_ADSB;2026-09-27T16:00:00Z;SEED_B6_ADSB;;;;;;2026-09-27;;;;WITHIN
0cb8c686-92e8-5f1a-b407-a0e08c6b2311;BPA-BWI-260927-01;INV-BPA-20260927-001;c71bcd6b-2e4b-57e0-8347-9b433d6540bf;2026-09-27;;2026-10-27;2026-09-27;USD;43480.96;381.98;43862.94;43480.96;43862.94;6;NET30;;;MATCHED;0.00;0.00;0.00;APPROVED;false;SYSTEM (auto-approved: three-way matched within tolerance);2026-09-27T16:00:00Z;SYSTEM (auto-approved: three-way matched within tolerance);2026-09-27T16:00:00Z;;;JB01;;VERIFIED;CLEAR;2026-09-27T16:00:00Z;0;0;0;SYNTHETIC B6 test invoice, BWI, 24-26 Sep 2026. Three-way matched within tolerance and auto-approved. Not yet posted.;;false;;2026-09-27T15:00:00Z;SEED_B6_ADSB;2026-09-27T16:00:00Z;SEED_B6_ADSB;;;;;;2026-09-27;;;;WITHIN
c192acf6-ad17-51b8-951c-325a29f2a84c;ATI-CDG-260927-01;INV-ATI-20260927-001;b2c3d4e5-2222-4000-8000-00000000A004;2026-09-27;;2026-10-27;2026-09-27;USD;167579.83;0.00;167579.83;167579.83;167579.83;6;NET30;;;MATCHED;0.00;0.00;0.00;APPROVED;false;SYSTEM (auto-approved: three-way matched within tolerance);2026-09-27T16:00:00Z;SYSTEM (auto-approved: three-way matched within tolerance);2026-09-27T16:00:00Z;;;JB01;;VERIFIED;CLEAR;2026-09-27T16:00:00Z;0;0;0;SYNTHETIC B6 test invoice, CDG, 24-26 Sep 2026. Three-way matched within tolerance and auto-approved. Not yet posted.;;false;;2026-09-27T15:00:00Z;SEED_B6_ADSB;2026-09-27T16:00:00Z;SEED_B6_ADSB;;;;;;2026-09-27;;;;WITHIN
1d7d336b-be0c-5fd8-9d06-1b89653ba3e2;AVF-CHS-260927-02;INV-AVF-20260927-002;16f32e0a-4b0f-5ca7-911e-f5511a88fec9;2026-09-27;;2026-10-27;2026-09-27;USD;56906.31;522.33;57428.64;56906.31;57428.64;10;NET30;;;MATCHED;0.00;0.00;0.00;APPROVED;false;SYSTEM (auto-approved: three-way matched within tolerance);2026-09-27T16:00:00Z;SYSTEM (auto-approved: three-way matched within tolerance);2026-09-27T16:00:00Z;;;JB01;;VERIFIED;CLEAR;2026-09-27T16:00:00Z;0;0;0;SYNTHETIC B6 test invoice, CHS, 24-26 Sep 2026. Three-way matched within tolerance and auto-approved. Not yet posted.;;false;;2026-09-27T15:00:00Z;SEED_B6_ADSB;2026-09-27T16:00:00Z;SEED_B6_ADSB;;;;;;2026-09-27;;;;WITHIN
2b92b341-6579-51e8-904f-ca3de6f6b695;BPA-CLE-260927-02;INV-BPA-20260927-002;c71bcd6b-2e4b-57e0-8347-9b433d6540bf;2026-09-27;;2026-10-27;2026-09-27;USD;71208.60;632.37;71840.97;71208.60;71840.97;13;NET30;;;MATCHED;0.00;0.00;0.00;APPROVED;false;SYSTEM (auto-approved: three-way matched within tolerance);2026-09-27T16:00:00Z;SYSTEM (auto-approved: three-way matched within tolerance);2026-09-27T16:00:00Z;;;JB01;;VERIFIED;CLEAR;2026-09-27T16:00:00Z;0;0;0;SYNTHETIC B6 test invoice, CLE, 24-26 Sep 2026. Three-way matched within tolerance and auto-approved. Not yet posted.;;false;;2026-09-27T15:00:00Z;SEED_B6_ADSB;2026-09-27T16:00:00Z;SEED_B6_ADSB;;;;;;2026-09-27;;;;WITHIN
5d4c3a39-970e-5a17-abef-40dcf0185703;WFS-CLT-260927-08;INV-WFS-20260927-008;b3426936-fb7a-59e0-adae-13e8ff46692f;2026-09-27;;2026-10-27;2026-09-27;USD;24668.86;224.23;24893.09;24668.86;24893.09;4;NET30;;;MATCHED;0.00;0.00;0.00;APPROVED;false;SYSTEM (auto-approved: three-way matched within tolerance);2026-09-27T16:00:00Z;SYSTEM (auto-approved: three-way matched within tolerance);2026-09-27T16:00:00Z;;;JB01;;VERIFIED;CLEAR;2026-09-27T16:00:00Z;0;0;0;SYNTHETIC B6 test invoice, CLT, 24-26 Sep 2026. Three-way matched within tolerance and auto-approved. Not yet posted.;;false;;2026-09-27T15:00:00Z;SEED_B6_ADSB;2026-09-27T16:00:00Z;SEED_B6_ADSB;;;;;;2026-09-27;;;;WITHIN
a03b826d-6538-5f19-b46d-7b6b2890fc57;ASA-CUN-260927-01;INV-ASA-20260927-001;5e3bfbd6-666f-54bb-970e-5910f4839ae6;2026-09-27;;2026-10-27;2026-09-27;USD;6878.17;0.00;6878.17;6878.17;6878.17;1;NET30;;;MATCHED;0.00;0.00;0.00;APPROVED;false;SYSTEM (auto-approved: three-way matched within tolerance);2026-09-27T16:00:00Z;SYSTEM (auto-approved: three-way matched within tolerance);2026-09-27T16:00:00Z;;;JB01;;VERIFIED;CLEAR;2026-09-27T16:00:00Z;0;0;0;SYNTHETIC B6 test invoice, CUN, 24-26 Sep 2026. Three-way matched within tolerance and auto-approved. Not yet posted.;;false;;2026-09-27T15:00:00Z;SEED_B6_ADSB;2026-09-27T16:00:00Z;SEED_B6_ADSB;;;;;;2026-09-27;;;;WITHIN
c63a09f0-e063-5b6f-ba22-a51bbca6bcb0;BPA-DCA-260927-03;INV-BPA-20260927-003;c71bcd6b-2e4b-57e0-8347-9b433d6540bf;2026-09-27;;2026-10-27;2026-09-27;USD;254738.19;2255.13;256993.32;254738.19;256993.32;43;NET30;;;MATCHED;0.00;0.00;0.00;APPROVED;false;SYSTEM (auto-approved: three-way matched within tolerance);2026-09-27T16:00:00Z;SYSTEM (auto-approved: three-way matched within tolerance);2026-09-27T16:00:00Z;;;JB01;;VERIFIED;CLEAR;2026-09-27T16:00:00Z;0;0;0;SYNTHETIC B6 test invoice, DCA, 24-26 Sep 2026. Three-way matched within tolerance and auto-approved. Not yet posted.;;false;;2026-09-27T15:00:00Z;SEED_B6_ADSB;2026-09-27T16:00:00Z;SEED_B6_ADSB;;;;;;2026-09-27;;;;WITHIN
59857b65-94b7-57ab-a79c-dd80185a73c4;CGA-DEN-260927-04;INV-CGA-20260927-004;91e228e1-8277-533a-9d05-e4a828f1eb9a;2026-09-27;;2026-10-27;2026-09-27;USD;58376.63;531.25;58907.88;58376.63;58907.88;5;NET30;;;MATCHED;0.00;0.00;0.00;APPROVED;false;SYSTEM (auto-approved: three-way matched within tolerance);2026-09-27T16:00:00Z;SYSTEM (auto-approved: three-way matched within tolerance);2026-09-27T16:00:00Z;;;JB01;;VERIFIED;CLEAR;2026-09-27T16:00:00Z;0;0;0;SYNTHETIC B6 test invoice, DEN, 24-26 Sep 2026. Three-way matched within tolerance and auto-approved. Not yet posted.;;false;;2026-09-27T15:00:00Z;SEED_B6_ADSB;2026-09-27T16:00:00Z;SEED_B6_ADSB;;;;;;2026-09-27;;;;WITHIN
690aaa98-d879-572b-bbbf-bc1e63421c56;CGA-DFW-260927-05;INV-CGA-20260927-005;91e228e1-8277-533a-9d05-e4a828f1eb9a;2026-09-27;;2026-10-27;2026-09-27;USD;101777.00;952.43;102729.43;101777.00;102729.43;11;NET30;;;EXCEPTION;0.00;0.00;0.00;PENDING;false;;;;;;;JB01;;SUBMITTED;GATED;2026-09-27T16:00:00Z;2;0;0;SYNTHETIC B6 test invoice, DFW, 24-26 Sep 2026. Seeded exception: 2 lines cite tickets that do not exist. Not approved, not posted.;;false;;2026-09-27T15:00:00Z;SEED_B6_ADSB;2026-09-27T16:00:00Z;SEED_B6_ADSB;;;;;;2026-09-27;;;;EXCEEDED
314ef2ee-cc8f-5c62-a5e6-5f3f7267b58c;BPA-DTW-260927-04;INV-BPA-20260927-004;c71bcd6b-2e4b-57e0-8347-9b433d6540bf;2026-09-27;;2026-10-27;2026-09-27;USD;140971.57;1252.22;142223.79;140971.57;142223.79;21;NET30;;;MATCHED;0.00;0.00;0.00;APPROVED;false;SYSTEM (auto-approved: three-way matched within tolerance);2026-09-27T16:00:00Z;SYSTEM (auto-approved: three-way matched within tolerance);2026-09-27T16:00:00Z;;;JB01;;VERIFIED;CLEAR;2026-09-27T16:00:00Z;0;0;0;SYNTHETIC B6 test invoice, DTW, 24-26 Sep 2026. Three-way matched within tolerance and auto-approved. Not yet posted.;;false;;2026-09-27T15:00:00Z;SEED_B6_ADSB;2026-09-27T16:00:00Z;SEED_B6_ADSB;;;;;;2026-09-27;;;;WITHIN
82ef365a-08f5-535b-b5ce-2ee0d7fc29d0;BPK-DUB-260927-01;INV-BPK-20260927-001;b2c3d4e5-2222-4000-8000-00000000A003;2026-09-27;;2026-10-27;2026-09-27;USD;100054.49;0.00;100054.49;100054.49;100054.49;4;NET30;;;MATCHED;0.00;0.00;0.00;APPROVED;false;SYSTEM (auto-approved: three-way matched within tolerance);2026-09-27T16:00:00Z;SYSTEM (auto-approved: three-way matched within tolerance);2026-09-27T16:00:00Z;;;JB01;;VERIFIED;CLEAR;2026-09-27T16:00:00Z;0;0;0;SYNTHETIC B6 test invoice, DUB, 24-26 Sep 2026. Three-way matched within tolerance and auto-approved. Not yet posted.;;false;;2026-09-27T15:00:00Z;SEED_B6_ADSB;2026-09-27T16:00:00Z;SEED_B6_ADSB;;;;;;2026-09-27;;;;WITHIN
5e82a268-e1d8-5b6b-ae8e-b2b7880f1a00;BPK-EDI-260927-02;INV-BPK-20260927-002;b2c3d4e5-2222-4000-8000-00000000A003;2026-09-27;;2026-10-27;2026-09-27;USD;142749.33;0.00;142749.33;142749.33;142749.33;6;NET30;;;MATCHED;0.00;0.00;0.00;APPROVED;false;SYSTEM (auto-approved: three-way matched within tolerance);2026-09-27T16:00:00Z;SYSTEM (auto-approved: three-way matched within tolerance);2026-09-27T16:00:00Z;;;JB01;;VERIFIED;CLEAR;2026-09-27T16:00:00Z;0;0;0;SYNTHETIC B6 test invoice, EDI, 24-26 Sep 2026. Three-way matched within tolerance and auto-approved. Not yet posted.;;false;;2026-09-27T15:00:00Z;SEED_B6_ADSB;2026-09-27T16:00:00Z;SEED_B6_ADSB;;;;;;2026-09-27;;;;WITHIN
ca52bd88-c6b8-59a1-a203-2ba0ddbcbcba;BPA-EWR-260927-05;INV-BPA-20260927-005;c71bcd6b-2e4b-57e0-8347-9b433d6540bf;2026-09-27;;2026-10-27;2026-09-27;USD;105567.30;930.58;106497.88;105567.30;106497.88;11;NET30;;;MATCHED;0.00;0.00;0.00;APPROVED;false;SYSTEM (auto-approved: three-way matched within tolerance);2026-09-27T16:00:00Z;SYSTEM (auto-approved: three-way matched within tolerance);2026-09-27T16:00:00Z;;;JB01;;VERIFIED;CLEAR;2026-09-27T16:00:00Z;0;0;0;SYNTHETIC B6 test invoice, EWR, 24-26 Sep 2026. Three-way matched within tolerance and auto-approved. Not yet posted.;;false;;2026-09-27T15:00:00Z;SEED_B6_ADSB;2026-09-27T16:00:00Z;SEED_B6_ADSB;;;;;;2026-09-27;;;;WITHIN
1067cc26-e2f0-5a9a-a56c-6bf87510c3d3;WFS-EWR-260927-09;INV-WFS-20260927-009;b3426936-fb7a-59e0-adae-13e8ff46692f;2026-09-27;;2026-10-27;2026-09-27;USD;292502.91;2599.73;295102.64;292502.91;295102.64;18;NET30;;;MATCHED;0.00;0.00;0.00;APPROVED;false;SYSTEM (auto-approved: three-way matched within tolerance);2026-09-27T16:00:00Z;SYSTEM (auto-approved: three-way matched within tolerance);2026-09-27T16:00:00Z;;;JB01;;VERIFIED;CLEAR;2026-09-27T16:00:00Z;0;0;0;SYNTHETIC B6 test invoice, EWR, 24-26 Sep 2026. Three-way matched within tolerance and auto-approved. Not yet posted.;;false;;2026-09-27T15:00:00Z;SEED_B6_ADSB;2026-09-27T16:00:00Z;SEED_B6_ADSB;;;;;;2026-09-27;;;;WITHIN
27fef5a5-f64f-53fe-84b3-0be16b6e8284;SHL-FLL-260927-02;INV-SHL-20260927-002;9cbcf4a4-d850-50e3-92d0-466e0759850c;2026-09-27;;2026-10-27;2026-09-27;USD;1781704.33;16770.03;1798474.36;1781704.33;1798474.36;170;NET30;;;MATCHED;0.00;0.00;0.00;APPROVED;false;SYSTEM (auto-approved: three-way matched within tolerance);2026-09-27T16:00:00Z;SYSTEM (auto-approved: three-way matched within tolerance);2026-09-27T16:00:00Z;;;JB01;;VERIFIED;CLEAR;2026-09-27T16:00:00Z;0;0;0;SYNTHETIC B6 test invoice, FLL, 24-26 Sep 2026. Three-way matched within tolerance and auto-approved. Not yet posted.;;false;;2026-09-27T15:00:00Z;SEED_B6_ADSB;2026-09-27T16:00:00Z;SEED_B6_ADSB;;;;;;2026-09-27;;;;WITHIN
dfc47615-fc04-55bc-b9bc-01b909f209fc;WFS-FLL-260927-10;INV-WFS-20260927-010;b3426936-fb7a-59e0-adae-13e8ff46692f;2026-09-27;;2026-10-27;2026-09-27;USD;609729.28;5727.14;615456.42;609729.28;615456.42;67;NET30;;;MATCHED;0.00;0.00;0.00;APPROVED;false;SYSTEM (auto-approved: three-way matched within tolerance);2026-09-27T16:00:00Z;SYSTEM (auto-approved: three-way matched within tolerance);2026-09-27T16:00:00Z;;;JB01;;VERIFIED;CLEAR;2026-09-27T16:00:00Z;0;0;0;SYNTHETIC B6 test invoice, FLL, 24-26 Sep 2026. Three-way matched within tolerance and auto-approved. Not yet posted.;;false;;2026-09-27T15:00:00Z;SEED_B6_ADSB;2026-09-27T16:00:00Z;SEED_B6_ADSB;;;;;;2026-09-27;;;;WITHIN
a27581d7-7df7-5e1d-83c3-56a586928d23;AVF-GSO-260927-03;INV-AVF-20260927-003;16f32e0a-4b0f-5ca7-911e-f5511a88fec9;2026-09-27;;2026-10-27;2026-09-27;USD;6210.69;56.26;6266.95;6210.69;6266.95;1;NET30;;;MATCHED;0.00;0.00;0.00;APPROVED;false;SYSTEM (auto-approved: three-way matched within tolerance);2026-09-27T16:00:00Z;SYSTEM (auto-approved: three-way matched within tolerance);2026-09-27T16:00:00Z;;;JB01;;VERIFIED;CLEAR;2026-09-27T16:00:00Z;0;0;0;SYNTHETIC B6 test invoice, GSO, 24-26 Sep 2026. Three-way matched within tolerance and auto-approved. Not yet posted.;;false;;2026-09-27T15:00:00Z;SEED_B6_ADSB;2026-09-27T16:00:00Z;SEED_B6_ADSB;;;;;;2026-09-27;;;;WITHIN
620f369a-16d2-5020-9de0-ab7758696a11;AVF-GSP-260927-04;INV-AVF-20260927-004;16f32e0a-4b0f-5ca7-911e-f5511a88fec9;2026-09-27;;2026-10-27;2026-09-27;USD;6283.57;56.97;6340.54;6283.57;6340.54;1;NET30;;;MATCHED;0.00;0.00;0.00;APPROVED;false;SYSTEM (auto-approved: three-way matched within tolerance);2026-09-27T16:00:00Z;SYSTEM (auto-approved: three-way matched within tolerance);2026-09-27T16:00:00Z;;;JB01;;VERIFIED;CLEAR;2026-09-27T16:00:00Z;0;0;0;SYNTHETIC B6 test invoice, GSP, 24-26 Sep 2026. Three-way matched within tolerance and auto-approved. Not yet posted.;;false;;2026-09-27T15:00:00Z;SEED_B6_ADSB;2026-09-27T16:00:00Z;SEED_B6_ADSB;;;;;;2026-09-27;;;;WITHIN
c4c53b6f-36b4-5493-acab-3223764ea208;WFS-HPN-260927-11;INV-WFS-20260927-011;b3426936-fb7a-59e0-adae-13e8ff46692f;2026-09-27;;2026-10-27;2026-09-27;USD;367761.65;3139.74;370901.39;367761.65;370901.39;38;NET30;;;MATCHED;0.00;0.00;0.00;APPROVED;false;SYSTEM (auto-approved: three-way matched within tolerance);2026-09-27T16:00:00Z;SYSTEM (auto-approved: three-way matched within tolerance);2026-09-27T16:00:00Z;;;JB01;;VERIFIED;CLEAR;2026-09-27T16:00:00Z;0;0;0;SYNTHETIC B6 test invoice, HPN, 24-26 Sep 2026. Three-way matched within tolerance and auto-approved. Not yet posted.;;false;;2026-09-27T15:00:00Z;SEED_B6_ADSB;2026-09-27T16:00:00Z;SEED_B6_ADSB;;;;;;2026-09-27;;;;WITHIN
63938f35-8d37-5dee-bfdb-d7c5924dbe59;BPA-IAD-260927-06;INV-BPA-20260927-006;c71bcd6b-2e4b-57e0-8347-9b433d6540bf;2026-09-27;;2026-10-27;2026-09-27;USD;1918.56;16.91;1935.47;1918.56;1935.47;1;NET30;;;MATCHED;0.00;0.00;0.00;APPROVED;false;SYSTEM (auto-approved: three-way matched within tolerance);2026-09-27T16:00:00Z;SYSTEM (auto-approved: three-way matched within tolerance);2026-09-27T16:00:00Z;;;JB01;;VERIFIED;CLEAR;2026-09-27T16:00:00Z;0;0;0;SYNTHETIC B6 test invoice, IAD, 24-26 Sep 2026. Three-way matched within tolerance and auto-approved. Not yet posted.;;false;;2026-09-27T15:00:00Z;SEED_B6_ADSB;2026-09-27T16:00:00Z;SEED_B6_ADSB;;;;;;2026-09-27;;;;WITHIN
58f4a672-7f35-5f92-8c4b-9a8aa069ddc5;CGA-IAH-260927-06;INV-CGA-20260927-006;91e228e1-8277-533a-9d05-e4a828f1eb9a;2026-09-27;;2026-10-27;2026-09-27;USD;147124.60;1388.58;148513.18;147124.60;148513.18;15;NET30;;;MATCHED;0.00;0.00;0.00;APPROVED;false;SYSTEM (auto-approved: three-way matched within tolerance);2026-09-27T16:00:00Z;SYSTEM (auto-approved: three-way matched within tolerance);2026-09-27T16:00:00Z;;;JB01;;VERIFIED;CLEAR;2026-09-27T16:00:00Z;0;0;0;SYNTHETIC B6 test invoice, IAH, 24-26 Sep 2026. Three-way matched within tolerance and auto-approved. Not yet posted.;;false;;2026-09-27T15:00:00Z;SEED_B6_ADSB;2026-09-27T16:00:00Z;SEED_B6_ADSB;;;;;;2026-09-27;;;;WITHIN
b4db4d08-1af5-5681-87c8-268c723afdb5;AVF-ILM-260927-05;INV-AVF-20260927-005;16f32e0a-4b0f-5ca7-911e-f5511a88fec9;2026-09-27;;2026-10-27;2026-09-27;USD;8923.60;80.96;9004.56;8923.60;9004.56;2;NET30;;;MATCHED;0.00;0.00;0.00;APPROVED;false;SYSTEM (auto-approved: three-way matched within tolerance);2026-09-27T16:00:00Z;SYSTEM (auto-approved: three-way matched within tolerance);2026-09-27T16:00:00Z;;;JB01;;VERIFIED;CLEAR;2026-09-27T16:00:00Z;0;0;0;SYNTHETIC B6 test invoice, ILM, 24-26 Sep 2026. Three-way matched within tolerance and auto-approved. Not yet posted.;;false;;2026-09-27T15:00:00Z;SEED_B6_ADSB;2026-09-27T16:00:00Z;SEED_B6_ADSB;;;;;;2026-09-27;;;;WITHIN
be307ec5-3b2a-5bc9-abe3-cd5b2c68d761;WFS-ISP-260927-12;INV-WFS-20260927-012;b3426936-fb7a-59e0-adae-13e8ff46692f;2026-09-27;;2026-10-27;2026-09-27;USD;86385.50;739.51;87125.01;86385.50;87125.01;8;NET30;;;MATCHED;0.00;0.00;0.00;APPROVED;false;SYSTEM (auto-approved: three-way matched within tolerance);2026-09-27T16:00:00Z;SYSTEM (auto-approved: three-way matched within tolerance);2026-09-27T16:00:00Z;;;JB01;;VERIFIED;CLEAR;2026-09-27T16:00:00Z;0;0;0;SYNTHETIC B6 test invoice, ISP, 24-26 Sep 2026. Three-way matched within tolerance and auto-approved. Not yet posted.;;false;;2026-09-27T15:00:00Z;SEED_B6_ADSB;2026-09-27T16:00:00Z;SEED_B6_ADSB;;;;;;2026-09-27;;;;WITHIN
525ab060-42b6-5506-afee-4da0bf80f88c;AVF-JAX-260927-06;INV-AVF-20260927-006;16f32e0a-4b0f-5ca7-911e-f5511a88fec9;2026-09-27;;2026-10-27;2026-09-27;USD;95826.38;876.26;96702.64;95826.38;96702.64;16;NET30;;;MATCHED;0.00;0.00;0.00;APPROVED;false;SYSTEM (auto-approved: three-way matched within tolerance);2026-09-27T16:00:00Z;SYSTEM (auto-approved: three-way matched within tolerance);2026-09-27T16:00:00Z;;;JB01;;VERIFIED;CLEAR;2026-09-27T16:00:00Z;0;0;0;SYNTHETIC B6 test invoice, JAX, 24-26 Sep 2026. Three-way matched within tolerance and auto-approved. Not yet posted.;;false;;2026-09-27T15:00:00Z;SEED_B6_ADSB;2026-09-27T16:00:00Z;SEED_B6_ADSB;;;;;;2026-09-27;;;;WITHIN
0f4b24b0-4b83-5fba-a71c-7ae13b76837d;SHL-JFK-260927-03;INV-SHL-20260927-003;9cbcf4a4-d850-50e3-92d0-466e0759850c;2026-09-27;;2026-10-27;2026-09-27;USD;1276629.39;11310.56;1287939.95;1276629.39;1287939.95;108;NET30;;;MATCHED;0.00;0.00;0.00;APPROVED;false;SYSTEM (auto-approved: three-way matched within tolerance);2026-09-27T16:00:00Z;SYSTEM (auto-approved: three-way matched within tolerance);2026-09-27T16:00:00Z;;;JB01;;VERIFIED;CLEAR;2026-09-27T16:00:00Z;0;0;0;SYNTHETIC B6 test invoice, JFK, 24-26 Sep 2026. Three-way matched within tolerance and auto-approved. Not yet posted.;;false;;2026-09-27T15:00:00Z;SEED_B6_ADSB;2026-09-27T16:00:00Z;SEED_B6_ADSB;;;;;;2026-09-27;;;;WITHIN
2caab58c-0361-5bed-ab2b-1ccb9eb13c28;WFS-JFK-260927-13;INV-WFS-20260927-013;b3426936-fb7a-59e0-adae-13e8ff46692f;2026-09-27;;2026-10-27;2026-09-27;USD;2030487.23;18108.09;2048595.32;2030487.23;2048595.32;155;NET30;;;MATCHED;0.00;0.00;0.00;APPROVED;false;SYSTEM (auto-approved: three-way matched within tolerance);2026-09-27T16:00:00Z;SYSTEM (auto-approved: three-way matched within tolerance);2026-09-27T16:00:00Z;;;JB01;;VERIFIED;CLEAR;2026-09-27T16:00:00Z;0;0;0;SYNTHETIC B6 test invoice, JFK, 24-26 Sep 2026. Three-way matched within tolerance and auto-approved. Not yet posted.;;false;;2026-09-27T15:00:00Z;SEED_B6_ADSB;2026-09-27T16:00:00Z;SEED_B6_ADSB;;;;;;2026-09-27;;;;WITHIN
98eb335c-59ef-5e16-9748-e81be5a78a6c;SOL-KIN-260927-02;INV-SOL-20260927-002;05940ddf-01dc-5d65-ad59-debc77d2b585;2026-09-27;;2026-10-27;2026-09-27;USD;76765.91;0.00;76765.91;76765.91;76765.91;7;NET30;;;MATCHED;0.00;0.00;0.00;APPROVED;false;SYSTEM (auto-approved: three-way matched within tolerance);2026-09-27T16:00:00Z;SYSTEM (auto-approved: three-way matched within tolerance);2026-09-27T16:00:00Z;;;JB01;;VERIFIED;CLEAR;2026-09-27T16:00:00Z;0;0;0;SYNTHETIC B6 test invoice, KIN, 24-26 Sep 2026. Three-way matched within tolerance and auto-approved. Not yet posted.;;false;;2026-09-27T15:00:00Z;SEED_B6_ADSB;2026-09-27T16:00:00Z;SEED_B6_ADSB;;;;;;2026-09-27;;;;WITHIN
9266aac4-0c6d-5736-a73c-8256584c9765;CGA-LAS-260927-07;INV-CGA-20260927-007;91e228e1-8277-533a-9d05-e4a828f1eb9a;2026-09-27;;2026-10-27;2026-09-27;USD;659554.79;5880.05;665434.84;659554.79;665434.84;35;NET30;;;MATCHED;0.00;0.00;0.00;APPROVED;false;SYSTEM (auto-approved: three-way matched within tolerance);2026-09-27T16:00:00Z;SYSTEM (auto-approved: three-way matched within tolerance);2026-09-27T16:00:00Z;;;JB01;;VERIFIED;CLEAR;2026-09-27T16:00:00Z;0;0;0;SYNTHETIC B6 test invoice, LAS, 24-26 Sep 2026. Three-way matched within tolerance and auto-approved. Not yet posted.;;false;;2026-09-27T15:00:00Z;SEED_B6_ADSB;2026-09-27T16:00:00Z;SEED_B6_ADSB;;;;;;2026-09-27;;;;WITHIN
85779d03-75d5-5f83-84b3-0a89c8d7a02e;CGA-LAX-260927-08;INV-CGA-20260927-008;91e228e1-8277-533a-9d05-e4a828f1eb9a;2026-09-27;;2026-10-27;2026-09-27;USD;755876.16;6742.12;762618.28;755876.16;762618.28;35;NET30;;;MATCHED;0.00;0.00;0.00;APPROVED;false;SYSTEM (auto-approved: three-way matched within tolerance);2026-09-27T16:00:00Z;SYSTEM (auto-approved: three-way matched within tolerance);2026-09-27T16:00:00Z;;;JB01;;VERIFIED;CLEAR;2026-09-27T16:00:00Z;0;0;0;SYNTHETIC B6 test invoice, LAX, 24-26 Sep 2026. Three-way matched within tolerance and auto-approved. Not yet posted.;;false;;2026-09-27T15:00:00Z;SEED_B6_ADSB;2026-09-27T16:00:00Z;SEED_B6_ADSB;;;;;;2026-09-27;;;;WITHIN
5c3e0bf6-0051-57f7-867f-2d0d302b1eb3;WFS-LAX-260927-14;INV-WFS-20260927-014;b3426936-fb7a-59e0-adae-13e8ff46692f;2026-09-27;;2026-10-27;2026-09-27;USD;465576.13;4167.56;469743.69;465576.13;469743.69;21;NET30;;;MATCHED;0.00;0.00;0.00;APPROVED;false;SYSTEM (auto-approved: three-way matched within tolerance);2026-09-27T16:00:00Z;SYSTEM (auto-approved: three-way matched within tolerance);2026-09-27T16:00:00Z;;;JB01;;VERIFIED;CLEAR;2026-09-27T16:00:00Z;0;0;0;SYNTHETIC B6 test invoice, LAX, 24-26 Sep 2026. Three-way matched within tolerance and auto-approved. Not yet posted.;;false;;2026-09-27T15:00:00Z;SEED_B6_ADSB;2026-09-27T16:00:00Z;SEED_B6_ADSB;;;;;;2026-09-27;;;;WITHIN
1d2ab008-4dbc-53b1-a211-c6e0bb80db76;WFS-LGA-260927-15;INV-WFS-20260927-015;b3426936-fb7a-59e0-adae-13e8ff46692f;2026-09-27;;2026-10-27;2026-09-27;USD;289268.87;2568.12;291836.99;289268.87;291836.99;33;NET30;;;MATCHED;0.00;0.00;0.00;APPROVED;false;SYSTEM (auto-approved: three-way matched within tolerance);2026-09-27T16:00:00Z;SYSTEM (auto-approved: three-way matched within tolerance);2026-09-27T16:00:00Z;;;JB01;;VERIFIED;CLEAR;2026-09-27T16:00:00Z;0;0;0;SYNTHETIC B6 test invoice, LGA, 24-26 Sep 2026. Three-way matched within tolerance and auto-approved. Not yet posted.;;false;;2026-09-27T15:00:00Z;SEED_B6_ADSB;2026-09-27T16:00:00Z;SEED_B6_ADSB;;;;;;2026-09-27;;;;WITHIN
5c035465-46ca-563a-b298-c3e8cbe7c882;BPK-LHR-260927-03;INV-BPK-20260927-003;b2c3d4e5-2222-4000-8000-00000000A003;2026-09-27;;2026-10-27;2026-09-27;USD;241983.32;0.00;241983.32;241983.32;241983.32;9;NET30;;;PRICE_VARIANCE;5263.69;0.00;2.18;PENDING;false;;;;;;;JB01;;SUBMITTED;GATED;2026-09-27T16:00:00Z;3;6;0;SYNTHETIC B6 test invoice, LHR, 24-26 Sep 2026. Seeded exception: unit rate 1-5 c/L above the order price on every line. Not approved, not posted.;;false;;2026-09-27T15:00:00Z;SEED_B6_ADSB;2026-09-27T16:00:00Z;SEED_B6_ADSB;;;;;;2026-09-27;;;;EXCEEDED
7fd5dffd-1fa9-571d-a2a5-93ab371b1b6b;REP-MAD-260927-02;INV-REP-20260927-002;bb7e30f3-e06d-55b5-9aed-505a4782d39c;2026-09-27;;2026-10-27;2026-09-27;USD;55059.88;0.00;55059.88;55059.88;55059.88;2;NET30;;;MATCHED;0.00;0.00;0.00;APPROVED;false;SYSTEM (auto-approved: three-way matched within tolerance);2026-09-27T16:00:00Z;SYSTEM (auto-approved: three-way matched within tolerance);2026-09-27T16:00:00Z;;;JB01;;VERIFIED;CLEAR;2026-09-27T16:00:00Z;0;0;0;SYNTHETIC B6 test invoice, MAD, 24-26 Sep 2026. Three-way matched within tolerance and auto-approved. Not yet posted.;;false;;2026-09-27T15:00:00Z;SEED_B6_ADSB;2026-09-27T16:00:00Z;SEED_B6_ADSB;;;;;;2026-09-27;;;;WITHIN
0b7bd5fb-531e-50c5-af50-c532bf08fb90;BPA-MCO-260927-07;INV-BPA-20260927-007;c71bcd6b-2e4b-57e0-8347-9b433d6540bf;2026-09-27;;2026-10-27;2026-09-27;USD;666262.94;6213.54;672476.48;666262.94;672476.48;67;NET30;;;MATCHED;0.00;0.00;0.00;APPROVED;false;SYSTEM (auto-approved: three-way matched within tolerance);2026-09-27T16:00:00Z;SYSTEM (auto-approved: three-way matched within tolerance);2026-09-27T16:00:00Z;;;JB01;;VERIFIED;CLEAR;2026-09-27T16:00:00Z;0;0;0;SYNTHETIC B6 test invoice, MCO, 24-26 Sep 2026. Three-way matched within tolerance and auto-approved. Not yet posted.;;false;;2026-09-27T15:00:00Z;SEED_B6_ADSB;2026-09-27T16:00:00Z;SEED_B6_ADSB;;;;;;2026-09-27;;;;WITHIN
e759a3c1-ee95-5855-ab8e-76310c7912b1;SHL-MCO-260927-04;INV-SHL-20260927-004;9cbcf4a4-d850-50e3-92d0-466e0759850c;2026-09-27;;2026-10-27;2026-09-27;USD;416198.04;3863.61;420061.65;416198.04;420061.65;48;NET30;;;MATCHED;0.00;0.00;0.00;APPROVED;false;SYSTEM (auto-approved: three-way matched within tolerance);2026-09-27T16:00:00Z;SYSTEM (auto-approved: three-way matched within tolerance);2026-09-27T16:00:00Z;;;JB01;;VERIFIED;CLEAR;2026-09-27T16:00:00Z;0;0;0;SYNTHETIC B6 test invoice, MCO, 24-26 Sep 2026. Three-way matched within tolerance and auto-approved. Not yet posted.;;false;;2026-09-27T15:00:00Z;SEED_B6_ADSB;2026-09-27T16:00:00Z;SEED_B6_ADSB;;;;;;2026-09-27;;;;WITHIN
a2220226-74f7-564e-be87-87306f37265d;BPA-MDW-260927-08;INV-BPA-20260927-008;c71bcd6b-2e4b-57e0-8347-9b433d6540bf;2026-09-27;;2026-10-27;2026-09-27;USD;6912.77;62.11;6974.88;6912.77;6974.88;1;NET30;;;MATCHED;0.00;0.00;0.00;APPROVED;false;SYSTEM (auto-approved: three-way matched within tolerance);2026-09-27T16:00:00Z;SYSTEM (auto-approved: three-way matched within tolerance);2026-09-27T16:00:00Z;;;JB01;;VERIFIED;CLEAR;2026-09-27T16:00:00Z;0;0;0;SYNTHETIC B6 test invoice, MDW, 24-26 Sep 2026. Three-way matched within tolerance and auto-approved. Not yet posted.;;false;;2026-09-27T15:00:00Z;SEED_B6_ADSB;2026-09-27T16:00:00Z;SEED_B6_ADSB;;;;;;2026-09-27;;;;WITHIN
5a07f84e-8f18-5671-9b43-e8c23017d25e;AVF-MEM-260927-07;INV-AVF-20260927-007;16f32e0a-4b0f-5ca7-911e-f5511a88fec9;2026-09-27;;2026-10-27;2026-09-27;USD;15541.97;142.87;15684.84;15541.97;15684.84;1;NET30;;;MATCHED;0.00;0.00;0.00;APPROVED;false;SYSTEM (auto-approved: three-way matched within tolerance);2026-09-27T16:00:00Z;SYSTEM (auto-approved: three-way matched within tolerance);2026-09-27T16:00:00Z;;;JB01;;VERIFIED;CLEAR;2026-09-27T16:00:00Z;0;0;0;SYNTHETIC B6 test invoice, MEM, 24-26 Sep 2026. Three-way matched within tolerance and auto-approved. Not yet posted.;;false;;2026-09-27T15:00:00Z;SEED_B6_ADSB;2026-09-27T16:00:00Z;SEED_B6_ADSB;;;;;;2026-09-27;;;;WITHIN
1c0bb293-4333-53c6-86ba-825260dab245;BPA-MKE-260927-09;INV-BPA-20260927-009;c71bcd6b-2e4b-57e0-8347-9b433d6540bf;2026-09-27;;2026-10-27;2026-09-27;USD;22968.15;208.97;23177.12;22968.15;23177.12;3;NET30;;;MATCHED;0.00;0.00;0.00;APPROVED;false;SYSTEM (auto-approved: three-way matched within tolerance);2026-09-27T16:00:00Z;SYSTEM (auto-approved: three-way matched within tolerance);2026-09-27T16:00:00Z;;;JB01;;VERIFIED;CLEAR;2026-09-27T16:00:00Z;0;0;0;SYNTHETIC B6 test invoice, MKE, 24-26 Sep 2026. Three-way matched within tolerance and auto-approved. Not yet posted.;;false;;2026-09-27T15:00:00Z;SEED_B6_ADSB;2026-09-27T16:00:00Z;SEED_B6_ADSB;;;;;;2026-09-27;;;;WITHIN
7205cccb-8b9a-5390-9f0c-793c8c48b0df;CGA-MSY-260927-09;INV-CGA-20260927-009;91e228e1-8277-533a-9d05-e4a828f1eb9a;2026-09-27;;2026-10-27;2026-09-27;USD;71559.99;665.43;72225.42;71559.99;72225.42;11;NET30;;;MATCHED;0.00;0.00;0.00;APPROVED;false;SYSTEM (auto-approved: three-way matched within tolerance);2026-09-27T16:00:00Z;SYSTEM (auto-approved: three-way matched within tolerance);2026-09-27T16:00:00Z;;;JB01;;VERIFIED;CLEAR;2026-09-27T16:00:00Z;0;0;0;SYNTHETIC B6 test invoice, MSY, 24-26 Sep 2026. Three-way matched within tolerance and auto-approved. Not yet posted.;;false;;2026-09-27T15:00:00Z;SEED_B6_ADSB;2026-09-27T16:00:00Z;SEED_B6_ADSB;;;;;;2026-09-27;;;;WITHIN
82a59c9a-7a8e-54d8-8a7c-11d06c6650a1;ENI-MXP-260927-01;INV-ENI-20260927-001;92159baf-781b-5587-b5e8-e00ea05bfd55;2026-09-27;;2026-10-27;2026-09-27;USD;91329.81;0.00;91329.81;91329.81;91329.81;3;NET30;;;MATCHED;0.00;0.00;0.00;APPROVED;false;SYSTEM (auto-approved: three-way matched within tolerance);2026-09-27T16:00:00Z;SYSTEM (auto-approved: three-way matched within tolerance);2026-09-27T16:00:00Z;;;JB01;;VERIFIED;CLEAR;2026-09-27T16:00:00Z;0;0;0;SYNTHETIC B6 test invoice, MXP, 24-26 Sep 2026. Three-way matched within tolerance and auto-approved. Not yet posted.;;false;;2026-09-27T15:00:00Z;SEED_B6_ADSB;2026-09-27T16:00:00Z;SEED_B6_ADSB;;;;;;2026-09-27;;;;WITHIN
ebce71d7-9c5c-59e0-8b3b-5e67ccfbbdad;CGA-ONT-260927-10;INV-CGA-20260927-010;91e228e1-8277-533a-9d05-e4a828f1eb9a;2026-09-27;;2026-10-27;2026-09-27;USD;48112.94;419.15;48532.09;48112.94;48532.09;3;NET30;;;MATCHED;0.00;0.00;0.00;APPROVED;false;SYSTEM (auto-approved: three-way matched within tolerance);2026-09-27T16:00:00Z;SYSTEM (auto-approved: three-way matched within tolerance);2026-09-27T16:00:00Z;;;JB01;;VERIFIED;CLEAR;2026-09-27T16:00:00Z;0;0;0;SYNTHETIC B6 test invoice, ONT, 24-26 Sep 2026. Three-way matched within tolerance and auto-approved. Not yet posted.;;false;;2026-09-27T15:00:00Z;SEED_B6_ADSB;2026-09-27T16:00:00Z;SEED_B6_ADSB;;;;;;2026-09-27;;;;WITHIN
3666227c-db23-5677-854d-6fa47986c566;BPA-ORD-260927-10;INV-BPA-20260927-010;c71bcd6b-2e4b-57e0-8347-9b433d6540bf;2026-09-27;;2026-10-27;2026-09-27;USD;120215.79;1123.98;121339.77;120215.79;121339.77;15;NET30;;;MATCHED;0.00;0.00;0.00;APPROVED;false;SYSTEM (auto-approved: three-way matched within tolerance);2026-09-27T16:00:00Z;SYSTEM (auto-approved: three-way matched within tolerance);2026-09-27T16:00:00Z;;;JB01;;VERIFIED;CLEAR;2026-09-27T16:00:00Z;0;0;0;SYNTHETIC B6 test invoice, ORD, 24-26 Sep 2026. Three-way matched within tolerance and auto-approved. Not yet posted.;;false;;2026-09-27T15:00:00Z;SEED_B6_ADSB;2026-09-27T16:00:00Z;SEED_B6_ADSB;;;;;;2026-09-27;;;;WITHIN
64cabb9b-2f56-54b9-b322-52f89b331391;BPA-ORF-260927-11;INV-BPA-20260927-011;c71bcd6b-2e4b-57e0-8347-9b433d6540bf;2026-09-27;;2026-10-27;2026-09-27;USD;19493.34;166.72;19660.06;19493.34;19660.06;3;NET30;;;MATCHED;0.00;0.00;0.00;APPROVED;false;SYSTEM (auto-approved: three-way matched within tolerance);2026-09-27T16:00:00Z;SYSTEM (auto-approved: three-way matched within tolerance);2026-09-27T16:00:00Z;;;JB01;;VERIFIED;CLEAR;2026-09-27T16:00:00Z;0;0;0;SYNTHETIC B6 test invoice, ORF, 24-26 Sep 2026. Three-way matched within tolerance and auto-approved. Not yet posted.;;false;;2026-09-27T15:00:00Z;SEED_B6_ADSB;2026-09-27T16:00:00Z;SEED_B6_ADSB;;;;;;2026-09-27;;;;WITHIN
be323bdb-c8ef-53d8-abb4-10f35a269d42;WFS-ORH-260927-16;INV-WFS-20260927-016;b3426936-fb7a-59e0-adae-13e8ff46692f;2026-09-27;;2026-10-27;2026-09-27;USD;65300.42;553.54;65853.96;65300.42;65853.96;6;NET30;;;MATCHED;0.00;0.00;0.00;APPROVED;false;SYSTEM (auto-approved: three-way matched within tolerance);2026-09-27T16:00:00Z;SYSTEM (auto-approved: three-way matched within tolerance);2026-09-27T16:00:00Z;;;JB01;;VERIFIED;CLEAR;2026-09-27T16:00:00Z;0;0;0;SYNTHETIC B6 test invoice, ORH, 24-26 Sep 2026. Three-way matched within tolerance and auto-approved. Not yet posted.;;false;;2026-09-27T15:00:00Z;SEED_B6_ADSB;2026-09-27T16:00:00Z;SEED_B6_ADSB;;;;;;2026-09-27;;;;WITHIN
474dec3a-ad5a-586d-b4e1-ae5348e57c61;SHL-PBI-260927-05;INV-SHL-20260927-005;9cbcf4a4-d850-50e3-92d0-466e0759850c;2026-09-27;;2026-10-27;2026-09-27;USD;399123.18;3651.89;402775.07;399123.18;402775.07;42;NET30;;;MATCHED;0.00;0.00;0.00;APPROVED;false;SYSTEM (auto-approved: three-way matched within tolerance);2026-09-27T16:00:00Z;SYSTEM (auto-approved: three-way matched within tolerance);2026-09-27T16:00:00Z;;;JB01;;VERIFIED;CLEAR;2026-09-27T16:00:00Z;0;0;0;SYNTHETIC B6 test invoice, PBI, 24-26 Sep 2026. Three-way matched within tolerance and auto-approved. Not yet posted.;;false;;2026-09-27T15:00:00Z;SEED_B6_ADSB;2026-09-27T16:00:00Z;SEED_B6_ADSB;;;;;;2026-09-27;;;;WITHIN
c81dcd1b-fb5c-506b-92fe-cfc4400ced0e;BPA-PHL-260927-12;INV-BPA-20260927-012;c71bcd6b-2e4b-57e0-8347-9b433d6540bf;2026-09-27;;2026-10-27;2026-09-27;USD;124958.25;1095.80;126054.05;124958.25;126054.05;20;NET30;;;MATCHED;0.00;0.00;0.00;APPROVED;false;SYSTEM (auto-approved: three-way matched within tolerance);2026-09-27T16:00:00Z;SYSTEM (auto-approved: three-way matched within tolerance);2026-09-27T16:00:00Z;;;JB01;;VERIFIED;CLEAR;2026-09-27T16:00:00Z;0;0;0;SYNTHETIC B6 test invoice, PHL, 24-26 Sep 2026. Three-way matched within tolerance and auto-approved. Not yet posted.;;false;;2026-09-27T15:00:00Z;SEED_B6_ADSB;2026-09-27T16:00:00Z;SEED_B6_ADSB;;;;;;2026-09-27;;;;WITHIN
66ee9835-bfae-5b81-a6b1-093b34e237a7;CGA-PHX-260927-11;INV-CGA-20260927-011;91e228e1-8277-533a-9d05-e4a828f1eb9a;2026-09-27;;2026-10-27;2026-09-27;USD;38670.18;339.64;39009.82;38670.18;39009.82;2;NET30;;;MATCHED;0.00;0.00;0.00;APPROVED;false;SYSTEM (auto-approved: three-way matched within tolerance);2026-09-27T16:00:00Z;SYSTEM (auto-approved: three-way matched within tolerance);2026-09-27T16:00:00Z;;;JB01;;VERIFIED;CLEAR;2026-09-27T16:00:00Z;0;0;0;SYNTHETIC B6 test invoice, PHX, 24-26 Sep 2026. Three-way matched within tolerance and auto-approved. Not yet posted.;;false;;2026-09-27T15:00:00Z;SEED_B6_ADSB;2026-09-27T16:00:00Z;SEED_B6_ADSB;;;;;;2026-09-27;;;;WITHIN
de5b7598-9c84-5631-9ce4-2e312f393c2f;BPA-PIT-260927-13;INV-BPA-20260927-013;c71bcd6b-2e4b-57e0-8347-9b433d6540bf;2026-09-27;;2026-10-27;2026-09-27;USD;94898.08;819.56;95717.64;94898.08;95717.64;17;NET30;;;EXCEPTION;0.00;0.00;0.00;PENDING;false;;;;;;;JB01;;SUBMITTED;GATED;2026-09-27T16:00:00Z;1;0;0;SYNTHETIC B6 test invoice, PIT, 24-26 Sep 2026. Seeded exception: 1 line cites a ticket that does not exist. Not approved, not posted.;;false;;2026-09-27T15:00:00Z;SEED_B6_ADSB;2026-09-27T16:00:00Z;SEED_B6_ADSB;;;;;;2026-09-27;;;;EXCEEDED
24361494-6805-5cb5-a29b-70ed32f806c5;SOL-POS-260927-03;INV-SOL-20260927-003;05940ddf-01dc-5d65-ad59-debc77d2b585;2026-09-27;;2026-10-27;2026-09-27;USD;35547.45;0.00;35547.45;35547.45;35547.45;2;NET30;;;MATCHED;0.00;0.00;0.00;APPROVED;false;SYSTEM (auto-approved: three-way matched within tolerance);2026-09-27T16:00:00Z;SYSTEM (auto-approved: three-way matched within tolerance);2026-09-27T16:00:00Z;;;JB01;;VERIFIED;CLEAR;2026-09-27T16:00:00Z;0;0;0;SYNTHETIC B6 test invoice, POS, 24-26 Sep 2026. Three-way matched within tolerance and auto-approved. Not yet posted.;;false;;2026-09-27T15:00:00Z;SEED_B6_ADSB;2026-09-27T16:00:00Z;SEED_B6_ADSB;;;;;;2026-09-27;;;;WITHIN
04e31ee3-4f52-5540-a4a8-0d825767306f;WFS-PVD-260927-17;INV-WFS-20260927-017;b3426936-fb7a-59e0-adae-13e8ff46692f;2026-09-27;;2026-10-27;2026-09-27;USD;111637.93;955.55;112593.48;111637.93;112593.48;12;NET30;;;MATCHED;0.00;0.00;0.00;APPROVED;false;SYSTEM (auto-approved: three-way matched within tolerance);2026-09-27T16:00:00Z;SYSTEM (auto-approved: three-way matched within tolerance);2026-09-27T16:00:00Z;;;JB01;;VERIFIED;CLEAR;2026-09-27T16:00:00Z;0;0;0;SYNTHETIC B6 test invoice, PVD, 24-26 Sep 2026. Three-way matched within tolerance and auto-approved. Not yet posted.;;false;;2026-09-27T15:00:00Z;SEED_B6_ADSB;2026-09-27T16:00:00Z;SEED_B6_ADSB;;;;;;2026-09-27;;;;WITHIN
e0f07201-34eb-58e5-aebc-e506490c3222;WFS-PWM-260927-18;INV-WFS-20260927-018;b3426936-fb7a-59e0-adae-13e8ff46692f;2026-09-27;;2026-10-27;2026-09-27;USD;13880.46;120.49;14000.95;13880.46;14000.95;3;NET30;;;EXCEPTION;0.00;0.00;0.00;PENDING;false;;;;;;;JB01;;SUBMITTED;GATED;2026-09-27T16:00:00Z;1;0;0;SYNTHETIC B6 test invoice, PWM, 24-26 Sep 2026. Seeded exception: holds the original line of a ticket re-billed on WFS-ACK. Not approved, not posted.;;false;;2026-09-27T15:00:00Z;SEED_B6_ADSB;2026-09-27T16:00:00Z;SEED_B6_ADSB;;;;;;2026-09-27;;;;EXCEEDED
0fbf9d53-c3cb-50f7-b354-adde67f4312f;WFS-RDU-260927-19;INV-WFS-20260927-019;b3426936-fb7a-59e0-adae-13e8ff46692f;2026-09-27;;2026-10-27;2026-09-27;USD;141835.93;1287.16;143123.09;141835.93;143123.09;26;NET30;;;MATCHED;0.00;0.00;0.00;APPROVED;false;SYSTEM (auto-approved: three-way matched within tolerance);2026-09-27T16:00:00Z;SYSTEM (auto-approved: three-way matched within tolerance);2026-09-27T16:00:00Z;;;JB01;;VERIFIED;CLEAR;2026-09-27T16:00:00Z;0;0;0;SYNTHETIC B6 test invoice, RDU, 24-26 Sep 2026. Three-way matched within tolerance and auto-approved. Not yet posted.;;false;;2026-09-27T15:00:00Z;SEED_B6_ADSB;2026-09-27T16:00:00Z;SEED_B6_ADSB;;;;;;2026-09-27;;;;WITHIN
b8f97d8e-5b19-5af5-b497-80fc08fc8b86;BPA-RIC-260927-14;INV-BPA-20260927-014;c71bcd6b-2e4b-57e0-8347-9b433d6540bf;2026-09-27;;2026-10-27;2026-09-27;USD;94602.67;801.39;95404.06;94602.67;95404.06;15;NET30;;;MATCHED;0.00;0.00;0.00;APPROVED;false;SYSTEM (auto-approved: three-way matched within tolerance);2026-09-27T16:00:00Z;SYSTEM (auto-approved: three-way matched within tolerance);2026-09-27T16:00:00Z;;;JB01;;VERIFIED;CLEAR;2026-09-27T16:00:00Z;0;0;0;SYNTHETIC B6 test invoice, RIC, 24-26 Sep 2026. Three-way matched within tolerance and auto-approved. Not yet posted.;;false;;2026-09-27T15:00:00Z;SEED_B6_ADSB;2026-09-27T16:00:00Z;SEED_B6_ADSB;;;;;;2026-09-27;;;;WITHIN
09593bf3-b758-5be4-b0b4-51c94f0641f5;WFS-ROC-260927-20;INV-WFS-20260927-020;b3426936-fb7a-59e0-adae-13e8ff46692f;2026-09-27;;2026-10-27;2026-09-27;USD;38025.68;329.80;38355.48;38025.68;38355.48;6;NET30;;;MATCHED;0.00;0.00;0.00;APPROVED;false;SYSTEM (auto-approved: three-way matched within tolerance);2026-09-27T16:00:00Z;SYSTEM (auto-approved: three-way matched within tolerance);2026-09-27T16:00:00Z;;;JB01;;VERIFIED;CLEAR;2026-09-27T16:00:00Z;0;0;0;SYNTHETIC B6 test invoice, ROC, 24-26 Sep 2026. Three-way matched within tolerance and auto-approved. Not yet posted.;;false;;2026-09-27T15:00:00Z;SEED_B6_ADSB;2026-09-27T16:00:00Z;SEED_B6_ADSB;;;;;;2026-09-27;;;;WITHIN
2cd65a6a-01dd-5375-b7a5-839533071e4a;AVF-RSW-260927-08;INV-AVF-20260927-008;16f32e0a-4b0f-5ca7-911e-f5511a88fec9;2026-09-27;;2026-10-27;2026-09-27;USD;134171.38;1219.16;135390.54;134171.38;135390.54;13;NET30;;;MATCHED;0.00;0.00;0.00;APPROVED;false;SYSTEM (auto-approved: three-way matched within tolerance);2026-09-27T16:00:00Z;SYSTEM (auto-approved: three-way matched within tolerance);2026-09-27T16:00:00Z;;;JB01;;VERIFIED;CLEAR;2026-09-27T16:00:00Z;0;0;0;SYNTHETIC B6 test invoice, RSW, 24-26 Sep 2026. Three-way matched within tolerance and auto-approved. Not yet posted.;;false;;2026-09-27T15:00:00Z;SEED_B6_ADSB;2026-09-27T16:00:00Z;SEED_B6_ADSB;;;;;;2026-09-27;;;;WITHIN
a9e4104b-d7c5-52c6-8feb-83f1bcf17815;CGA-SAN-260927-12;INV-CGA-20260927-012;91e228e1-8277-533a-9d05-e4a828f1eb9a;2026-09-27;;2026-10-27;2026-09-27;USD;230728.35;2056.54;232784.89;230728.35;232784.89;11;NET30;;;MATCHED;0.00;0.00;0.00;APPROVED;false;SYSTEM (auto-approved: three-way matched within tolerance);2026-09-27T16:00:00Z;SYSTEM (auto-approved: three-way matched within tolerance);2026-09-27T16:00:00Z;;;JB01;;VERIFIED;CLEAR;2026-09-27T16:00:00Z;0;0;0;SYNTHETIC B6 test invoice, SAN, 24-26 Sep 2026. Three-way matched within tolerance and auto-approved. Not yet posted.;;false;;2026-09-27T15:00:00Z;SEED_B6_ADSB;2026-09-27T16:00:00Z;SEED_B6_ADSB;;;;;;2026-09-27;;;;WITHIN
013d185c-b91e-58a4-8fa1-dae8e4f1fef6;AVF-SAV-260927-09;INV-AVF-20260927-009;16f32e0a-4b0f-5ca7-911e-f5511a88fec9;2026-09-27;;2026-10-27;2026-09-27;USD;33930.66;313.73;34244.39;33930.66;34244.39;6;NET30;;;MATCHED;0.00;0.00;0.00;APPROVED;false;SYSTEM (auto-approved: three-way matched within tolerance);2026-09-27T16:00:00Z;SYSTEM (auto-approved: three-way matched within tolerance);2026-09-27T16:00:00Z;;;JB01;;VERIFIED;CLEAR;2026-09-27T16:00:00Z;0;0;0;SYNTHETIC B6 test invoice, SAV, 24-26 Sep 2026. Three-way matched within tolerance and auto-approved. Not yet posted.;;false;;2026-09-27T15:00:00Z;SEED_B6_ADSB;2026-09-27T16:00:00Z;SEED_B6_ADSB;;;;;;2026-09-27;;;;WITHIN
099eed93-c73f-51b0-b345-59c96c4fd558;AVF-SDF-260927-10;INV-AVF-20260927-010;16f32e0a-4b0f-5ca7-911e-f5511a88fec9;2026-09-27;;2026-10-27;2026-09-27;USD;2220.43;19.88;2240.31;2220.43;2240.31;1;NET30;;;MATCHED;0.00;0.00;0.00;APPROVED;false;SYSTEM (auto-approved: three-way matched within tolerance);2026-09-27T16:00:00Z;SYSTEM (auto-approved: three-way matched within tolerance);2026-09-27T16:00:00Z;;;JB01;;VERIFIED;CLEAR;2026-09-27T16:00:00Z;0;0;0;SYNTHETIC B6 test invoice, SDF, 24-26 Sep 2026. Three-way matched within tolerance and auto-approved. Not yet posted.;;false;;2026-09-27T15:00:00Z;SEED_B6_ADSB;2026-09-27T16:00:00Z;SEED_B6_ADSB;;;;;;2026-09-27;;;;WITHIN
f691ed3c-e670-56b4-a7f3-cf0563eff5d0;CGA-SEA-260927-13;INV-CGA-20260927-013;91e228e1-8277-533a-9d05-e4a828f1eb9a;2026-09-27;;2026-10-27;2026-09-27;USD;125267.87;1107.67;126375.54;125267.87;126375.54;6;NET30;;;MATCHED;0.00;0.00;0.00;APPROVED;false;SYSTEM (auto-approved: three-way matched within tolerance);2026-09-27T16:00:00Z;SYSTEM (auto-approved: three-way matched within tolerance);2026-09-27T16:00:00Z;;;JB01;;VERIFIED;CLEAR;2026-09-27T16:00:00Z;0;0;0;SYNTHETIC B6 test invoice, SEA, 24-26 Sep 2026. Three-way matched within tolerance and auto-approved. Not yet posted.;;false;;2026-09-27T15:00:00Z;SEED_B6_ADSB;2026-09-27T16:00:00Z;SEED_B6_ADSB;;;;;;2026-09-27;;;;WITHIN
f39607f7-015e-58a1-9257-907a10e0947f;CGA-SFO-260927-14;INV-CGA-20260927-014;91e228e1-8277-533a-9d05-e4a828f1eb9a;2026-09-27;;2026-10-27;2026-09-27;USD;805482.26;7081.57;812563.83;805482.26;812563.83;34;NET30;;;MATCHED;0.00;0.00;0.00;APPROVED;false;SYSTEM (auto-approved: three-way matched within tolerance);2026-09-27T16:00:00Z;SYSTEM (auto-approved: three-way matched within tolerance);2026-09-27T16:00:00Z;;;JB01;;VERIFIED;CLEAR;2026-09-27T16:00:00Z;0;0;0;SYNTHETIC B6 test invoice, SFO, 24-26 Sep 2026. Three-way matched within tolerance and auto-approved. Not yet posted.;;false;;2026-09-27T15:00:00Z;SEED_B6_ADSB;2026-09-27T16:00:00Z;SEED_B6_ADSB;;;;;;2026-09-27;;;;WITHIN
80f6a1e8-6319-5032-9e05-bd8a5ee84bf2;PMA-SJU-260927-01;INV-PMA-20260927-001;10eec694-2215-5ab7-b190-82c6f6d19e32;2026-09-27;;2026-10-27;2026-09-27;USD;723738.15;0.00;723738.15;723738.15;723738.15;51;NET30;;;MATCHED;0.00;0.00;0.00;APPROVED;false;SYSTEM (auto-approved: three-way matched within tolerance);2026-09-27T16:00:00Z;SYSTEM (auto-approved: three-way matched within tolerance);2026-09-27T16:00:00Z;;;JB01;;VERIFIED;CLEAR;2026-09-27T16:00:00Z;0;0;0;SYNTHETIC B6 test invoice, SJU, 24-26 Sep 2026. Three-way matched within tolerance and auto-approved. Not yet posted.;;false;;2026-09-27T15:00:00Z;SEED_B6_ADSB;2026-09-27T16:00:00Z;SEED_B6_ADSB;;;;;;2026-09-27;;;;WITHIN
3a787a97-9283-51ce-afac-8e9de7ec53ef;CGA-SLC-260927-15;INV-CGA-20260927-015;91e228e1-8277-533a-9d05-e4a828f1eb9a;2026-09-27;;2026-10-27;2026-09-27;USD;48257.72;437.83;48695.55;48257.72;48695.55;4;NET30;;;MATCHED;0.00;0.00;0.00;APPROVED;false;SYSTEM (auto-approved: three-way matched within tolerance);2026-09-27T16:00:00Z;SYSTEM (auto-approved: three-way matched within tolerance);2026-09-27T16:00:00Z;;;JB01;;VERIFIED;CLEAR;2026-09-27T16:00:00Z;0;0;0;SYNTHETIC B6 test invoice, SLC, 24-26 Sep 2026. Three-way matched within tolerance and auto-approved. Not yet posted.;;false;;2026-09-27T15:00:00Z;SEED_B6_ADSB;2026-09-27T16:00:00Z;SEED_B6_ADSB;;;;;;2026-09-27;;;;WITHIN
9b963cc2-6cb0-5663-b06e-6bb4f4fc8b3c;CGA-SMF-260927-16;INV-CGA-20260927-016;91e228e1-8277-533a-9d05-e4a828f1eb9a;2026-09-27;;2026-10-27;2026-09-27;USD;73331.12;629.01;73960.13;73331.12;73960.13;3;NET30;;;MATCHED;0.00;0.00;0.00;APPROVED;false;SYSTEM (auto-approved: three-way matched within tolerance);2026-09-27T16:00:00Z;SYSTEM (auto-approved: three-way matched within tolerance);2026-09-27T16:00:00Z;;;JB01;;VERIFIED;CLEAR;2026-09-27T16:00:00Z;0;0;0;SYNTHETIC B6 test invoice, SMF, 24-26 Sep 2026. Three-way matched within tolerance and auto-approved. Not yet posted.;;false;;2026-09-27T15:00:00Z;SEED_B6_ADSB;2026-09-27T16:00:00Z;SEED_B6_ADSB;;;;;;2026-09-27;;;;WITHIN
fa734093-00f7-5e56-afa1-1d1cf0f8bae3;AVF-SRQ-260927-11;INV-AVF-20260927-011;16f32e0a-4b0f-5ca7-911e-f5511a88fec9;2026-09-27;;2026-10-27;2026-09-27;USD;9930.71;90.77;10021.48;9930.71;10021.48;1;NET30;;;MATCHED;0.00;0.00;0.00;APPROVED;false;SYSTEM (auto-approved: three-way matched within tolerance);2026-09-27T16:00:00Z;SYSTEM (auto-approved: three-way matched within tolerance);2026-09-27T16:00:00Z;;;JB01;;VERIFIED;CLEAR;2026-09-27T16:00:00Z;0;0;0;SYNTHETIC B6 test invoice, SRQ, 24-26 Sep 2026. Three-way matched within tolerance and auto-approved. Not yet posted.;;false;;2026-09-27T15:00:00Z;SEED_B6_ADSB;2026-09-27T16:00:00Z;SEED_B6_ADSB;;;;;;2026-09-27;;;;WITHIN
c993241b-5107-54e0-a641-c6ba0527c1db;WFS-SYR-260927-21;INV-WFS-20260927-021;b3426936-fb7a-59e0-adae-13e8ff46692f;2026-09-27;;2026-10-27;2026-09-27;USD;57126.43;487.42;57613.85;57126.43;57613.85;10;NET30;;;MATCHED;0.00;0.00;0.00;APPROVED;false;SYSTEM (auto-approved: three-way matched within tolerance);2026-09-27T16:00:00Z;SYSTEM (auto-approved: three-way matched within tolerance);2026-09-27T16:00:00Z;;;JB01;;VERIFIED;CLEAR;2026-09-27T16:00:00Z;0;0;0;SYNTHETIC B6 test invoice, SYR, 24-26 Sep 2026. Three-way matched within tolerance and auto-approved. Not yet posted.;;false;;2026-09-27T15:00:00Z;SEED_B6_ADSB;2026-09-27T16:00:00Z;SEED_B6_ADSB;;;;;;2026-09-27;;;;WITHIN
034cee1b-2547-5624-8216-41d12a3252de;BPA-TPA-260927-15;INV-BPA-20260927-015;c71bcd6b-2e4b-57e0-8347-9b433d6540bf;2026-09-27;;2026-10-27;2026-09-27;USD;227965.03;2153.87;230118.90;227965.03;230118.90;26;NET30;;;MATCHED;0.00;0.00;0.00;APPROVED;false;SYSTEM (auto-approved: three-way matched within tolerance);2026-09-27T16:00:00Z;SYSTEM (auto-approved: three-way matched within tolerance);2026-09-27T16:00:00Z;;;JB01;;VERIFIED;CLEAR;2026-09-27T16:00:00Z;0;0;0;SYNTHETIC B6 test invoice, TPA, 24-26 Sep 2026. Three-way matched within tolerance and auto-approved. Not yet posted.;;false;;2026-09-27T15:00:00Z;SEED_B6_ADSB;2026-09-27T16:00:00Z;SEED_B6_ADSB;;;;;;2026-09-27;;;;WITHIN
c05665ae-29e8-5adb-bdf5-ffd48a4420cc;WFC-YVR-260927-01;INV-WFC-20260927-001;b2c3d4e5-2222-4000-8000-00000000A001;2026-09-27;;2026-10-27;2026-09-27;USD;70332.70;0.00;70332.70;70332.70;70332.70;3;NET30;;;MATCHED;0.00;0.00;0.00;APPROVED;false;SYSTEM (auto-approved: three-way matched within tolerance);2026-09-27T16:00:00Z;SYSTEM (auto-approved: three-way matched within tolerance);2026-09-27T16:00:00Z;;;JB01;;VERIFIED;CLEAR;2026-09-27T16:00:00Z;0;0;0;SYNTHETIC B6 test invoice, YVR, 24-26 Sep 2026. Three-way matched within tolerance and auto-approved. Not yet posted.;;false;;2026-09-27T15:00:00Z;SEED_B6_ADSB;2026-09-27T16:00:00Z;SEED_B6_ADSB;;;;;;2026-09-27;;;;WITHIN
