ID;flight_number;station_code;carrier_code;supplier_ID;supplier_contract_ID;supplier_performs_uplift;into_plane_agent_ID;into_plane_contract_ID;designation_type;valid_from;valid_to;priority;is_active;notes;created_at;created_by;modified_at;modified_by
d51c0000-0000-4000-8000-000000000001;AC410;YYZ;AC;b2c3d4e5-2222-4000-8000-00000000A001;d4e5f6a7-4444-4000-8000-00000000A001;false;b2c3d4e5-2222-4000-8000-00000000A002;d4e5f6a7-4444-4000-8000-00000000A005;PRIMARY;2026-01-01;;10;true;Flight-level designation. The supplier does not perform the uplift, so the uplift contact belongs to the agent and invoicing stays with the supplier.;2026-09-01T00:00:00Z;WP_D_SEED;2026-09-01T00:00:00Z;WP_D_SEED
d51c0000-0000-4000-8000-000000000002;;YYZ;AC;b2c3d4e5-2222-4000-8000-00000000A001;d4e5f6a7-4444-4000-8000-00000000A001;false;b2c3d4e5-2222-4000-8000-00000000A002;d4e5f6a7-4444-4000-8000-00000000A005;PRIMARY;2026-01-01;;100;true;Station default. Reached only when no flight-level row matches - rung 2 of the cascade.;2026-09-01T00:00:00Z;WP_D_SEED;2026-09-01T00:00:00Z;WP_D_SEED
d51c0000-0000-4000-8000-000000000003;;LHR;AC;b2c3d4e5-2222-4000-8000-00000000A003;d4e5f6a7-4444-4000-8000-00000000A003;true;;;PRIMARY;2026-01-01;;100;true;supplier_performs_uplift TRUE: BP fuels its own product at LHR, so the agent fields are EMPTY BY DESIGN rather than unknown. The fee sits inside the fuel contract.;2026-09-01T00:00:00Z;WP_D_SEED;2026-09-01T00:00:00Z;WP_D_SEED
d51c0000-0000-4000-8000-000000000004;AC102;LHR;AC;b2c3d4e5-2222-4000-8000-00000000A004;d4e5f6a7-4444-4000-8000-00000000A004;true;;;PRIMARY;2026-01-01;;900;true;PRIORITY 900 against the LHR station row at 100. The flight axis is query order, not a number, so this wins on the AXIS and not on priority. AC102 and not AC101: AC101 departs YYZ, so a designation for it AT LHR could never resolve - caught by the flight screen, not by reading.;2026-09-01T00:00:00Z;WP_D_SEED;2026-09-01T00:00:00Z;WP_D_SEED
d51c0000-0000-4000-8000-000000000005;;CDG;AC;b2c3d4e5-2222-4000-8000-00000000A004;d4e5f6a7-4444-4000-8000-00000000A004;true;;;PRIMARY;2025-01-01;2026-03-31;100;true;CLOSED 31 March 2026. A CDG order dated April resolves to NOTHING and is created with an empty supplier - rung 3, and the point of it.;2026-09-01T00:00:00Z;WP_D_SEED;2026-09-01T00:00:00Z;WP_D_SEED
09d34195-696c-580e-8ccf-7344d4b13f03;;ABQ;B6;91e228e1-8277-533a-9d05-e4a828f1eb9a;a759301a-5824-54a0-8aed-373fe5a84b07;true;;;PRIMARY;2026-01-01;;100;true;Station default for B6. The supplier fuels its own product, so no into-plane agent.;2026-09-23T00:00:00Z;SEED_B6_ADSB;2026-09-23T00:00:00Z;SEED_B6_ADSB
91075aa0-1c96-510a-a000-96fd8a4f5673;;ACK;B6;b3426936-fb7a-59e0-adae-13e8ff46692f;b47cfca3-de3e-54c7-9f86-2d35396a23b9;true;;;PRIMARY;2026-01-01;;100;true;Station default for B6. The supplier fuels its own product, so no into-plane agent.;2026-09-23T00:00:00Z;SEED_B6_ADSB;2026-09-23T00:00:00Z;SEED_B6_ADSB
291ff0fb-ff15-5ddc-a874-937f48beafbe;;ALB;B6;b3426936-fb7a-59e0-adae-13e8ff46692f;b47cfca3-de3e-54c7-9f86-2d35396a23b9;true;;;PRIMARY;2026-01-01;;100;true;Station default for B6. The supplier fuels its own product, so no into-plane agent.;2026-09-23T00:00:00Z;SEED_B6_ADSB;2026-09-23T00:00:00Z;SEED_B6_ADSB
5360890e-4cc4-56d9-bbb4-851997866079;;AMS;B6;e8419364-5a26-5c6d-82db-0f65e849db45;ea9cdcb5-6368-5d98-9045-af7b0d53dcf9;true;;;PRIMARY;2026-01-01;;100;true;Station default for B6. The supplier fuels its own product, so no into-plane agent.;2026-09-23T00:00:00Z;SEED_B6_ADSB;2026-09-23T00:00:00Z;SEED_B6_ADSB
bd034bb9-e85a-569f-a57a-695e4c83c73f;;ATL;B6;b3426936-fb7a-59e0-adae-13e8ff46692f;b47cfca3-de3e-54c7-9f86-2d35396a23b9;true;;;PRIMARY;2026-01-01;;100;true;Station default for B6. The supplier fuels its own product, so no into-plane agent.;2026-09-23T00:00:00Z;SEED_B6_ADSB;2026-09-23T00:00:00Z;SEED_B6_ADSB
2aa7fc00-373b-5755-99b8-6cd541b49c09;;AUS;B6;91e228e1-8277-533a-9d05-e4a828f1eb9a;a759301a-5824-54a0-8aed-373fe5a84b07;true;;;PRIMARY;2026-01-01;;100;true;Station default for B6. The supplier fuels its own product, so no into-plane agent.;2026-09-23T00:00:00Z;SEED_B6_ADSB;2026-09-23T00:00:00Z;SEED_B6_ADSB
9d9cb654-f47b-537f-ae1b-00dd31a1165f;;BCN;B6;bb7e30f3-e06d-55b5-9aed-505a4782d39c;50898968-4450-5b53-b38a-f70c60700d78;true;;;PRIMARY;2026-01-01;;100;true;Station default for B6. The supplier fuels its own product, so no into-plane agent.;2026-09-23T00:00:00Z;SEED_B6_ADSB;2026-09-23T00:00:00Z;SEED_B6_ADSB
b807ba49-e5fd-53f8-ba5c-a2575135cabd;;BDA;B6;05940ddf-01dc-5d65-ad59-debc77d2b585;990a9d01-9d97-5e4d-9d74-d1751909a090;true;;;PRIMARY;2026-01-01;;100;true;Station default for B6. The supplier fuels its own product, so no into-plane agent.;2026-09-23T00:00:00Z;SEED_B6_ADSB;2026-09-23T00:00:00Z;SEED_B6_ADSB
699cdc23-92e5-5845-81ce-f7eb8f119c3d;;BDL;B6;b3426936-fb7a-59e0-adae-13e8ff46692f;b47cfca3-de3e-54c7-9f86-2d35396a23b9;true;;;PRIMARY;2026-01-01;;100;true;Station default for B6. The supplier fuels its own product, so no into-plane agent.;2026-09-23T00:00:00Z;SEED_B6_ADSB;2026-09-23T00:00:00Z;SEED_B6_ADSB
9c884f0f-788a-5c08-963b-2c0ce98fc708;;BHM;B6;16f32e0a-4b0f-5ca7-911e-f5511a88fec9;792a6ba1-b667-5cf8-9c70-5744b46387f0;true;;;PRIMARY;2026-01-01;;100;true;Station default for B6. The supplier fuels its own product, so no into-plane agent.;2026-09-23T00:00:00Z;SEED_B6_ADSB;2026-09-23T00:00:00Z;SEED_B6_ADSB
98ebffce-8c0c-547c-b45c-b349f318728f;;BNA;B6;b3426936-fb7a-59e0-adae-13e8ff46692f;b47cfca3-de3e-54c7-9f86-2d35396a23b9;true;;;PRIMARY;2026-01-01;;100;true;Station default for B6. The supplier fuels its own product, so no into-plane agent.;2026-09-23T00:00:00Z;SEED_B6_ADSB;2026-09-23T00:00:00Z;SEED_B6_ADSB
62b29012-0633-51f1-a092-529dc1dd5f72;;BOS;B6;b3426936-fb7a-59e0-adae-13e8ff46692f;b47cfca3-de3e-54c7-9f86-2d35396a23b9;true;;;PRIMARY;2026-01-01;;100;true;Station default for B6. The supplier fuels its own product, so no into-plane agent.;2026-09-23T00:00:00Z;SEED_B6_ADSB;2026-09-23T00:00:00Z;SEED_B6_ADSB
99ac1c16-4302-5e15-8f92-54354738947c;;BUF;B6;b3426936-fb7a-59e0-adae-13e8ff46692f;b47cfca3-de3e-54c7-9f86-2d35396a23b9;true;;;PRIMARY;2026-01-01;;100;true;Station default for B6. The supplier fuels its own product, so no into-plane agent.;2026-09-23T00:00:00Z;SEED_B6_ADSB;2026-09-23T00:00:00Z;SEED_B6_ADSB
2e8c114f-6d5c-5618-9280-07f60a4bd7a0;;BUR;B6;91e228e1-8277-533a-9d05-e4a828f1eb9a;a759301a-5824-54a0-8aed-373fe5a84b07;true;;;PRIMARY;2026-01-01;;100;true;Station default for B6. The supplier fuels its own product, so no into-plane agent.;2026-09-23T00:00:00Z;SEED_B6_ADSB;2026-09-23T00:00:00Z;SEED_B6_ADSB
caa58ee4-d559-56f7-ab4d-f258118db409;;BWI;B6;c71bcd6b-2e4b-57e0-8347-9b433d6540bf;9b46c120-d3ef-5f30-98c1-c5faa73ab1a0;true;;;PRIMARY;2026-01-01;;100;true;Station default for B6. The supplier fuels its own product, so no into-plane agent.;2026-09-23T00:00:00Z;SEED_B6_ADSB;2026-09-23T00:00:00Z;SEED_B6_ADSB
c783f20d-2256-5445-93e8-5e8e59c228b1;;CDG;B6;b2c3d4e5-2222-4000-8000-00000000A004;e49a7f1e-2f5e-5334-814a-1f0a6b73d93f;true;;;PRIMARY;2026-01-01;;100;true;Station default for B6. The supplier fuels its own product, so no into-plane agent.;2026-09-23T00:00:00Z;SEED_B6_ADSB;2026-09-23T00:00:00Z;SEED_B6_ADSB
fe6456f5-cd14-5a15-8564-a7dd65bfa1c6;;CHS;B6;16f32e0a-4b0f-5ca7-911e-f5511a88fec9;792a6ba1-b667-5cf8-9c70-5744b46387f0;true;;;PRIMARY;2026-01-01;;100;true;Station default for B6. The supplier fuels its own product, so no into-plane agent.;2026-09-23T00:00:00Z;SEED_B6_ADSB;2026-09-23T00:00:00Z;SEED_B6_ADSB
4219a7aa-ac12-561d-91ab-c728d1c9e5ef;;CLE;B6;c71bcd6b-2e4b-57e0-8347-9b433d6540bf;9b46c120-d3ef-5f30-98c1-c5faa73ab1a0;true;;;PRIMARY;2026-01-01;;100;true;Station default for B6. The supplier fuels its own product, so no into-plane agent.;2026-09-23T00:00:00Z;SEED_B6_ADSB;2026-09-23T00:00:00Z;SEED_B6_ADSB
3b10dae8-6191-5cf3-90e7-ffff90381725;;CLT;B6;b3426936-fb7a-59e0-adae-13e8ff46692f;b47cfca3-de3e-54c7-9f86-2d35396a23b9;true;;;PRIMARY;2026-01-01;;100;true;Station default for B6. The supplier fuels its own product, so no into-plane agent.;2026-09-23T00:00:00Z;SEED_B6_ADSB;2026-09-23T00:00:00Z;SEED_B6_ADSB
8624c699-8ccc-519a-8e6f-9b45c75d6b01;;CUN;B6;5e3bfbd6-666f-54bb-970e-5910f4839ae6;f2256ffc-21e1-54f2-b423-66fab7b5cb80;true;;;PRIMARY;2026-01-01;;100;true;Station default for B6. The supplier fuels its own product, so no into-plane agent.;2026-09-23T00:00:00Z;SEED_B6_ADSB;2026-09-23T00:00:00Z;SEED_B6_ADSB
9b69836d-fb01-5bdd-bf0e-3b07aff306c2;;DCA;B6;c71bcd6b-2e4b-57e0-8347-9b433d6540bf;9b46c120-d3ef-5f30-98c1-c5faa73ab1a0;true;;;PRIMARY;2026-01-01;;100;true;Station default for B6. The supplier fuels its own product, so no into-plane agent.;2026-09-23T00:00:00Z;SEED_B6_ADSB;2026-09-23T00:00:00Z;SEED_B6_ADSB
6413aa38-9597-5653-8a99-daedaf425631;;DEN;B6;91e228e1-8277-533a-9d05-e4a828f1eb9a;a759301a-5824-54a0-8aed-373fe5a84b07;true;;;PRIMARY;2026-01-01;;100;true;Station default for B6. The supplier fuels its own product, so no into-plane agent.;2026-09-23T00:00:00Z;SEED_B6_ADSB;2026-09-23T00:00:00Z;SEED_B6_ADSB
25acc84f-f9c1-55ee-914d-cef40ae63946;;DFW;B6;91e228e1-8277-533a-9d05-e4a828f1eb9a;a759301a-5824-54a0-8aed-373fe5a84b07;true;;;PRIMARY;2026-01-01;;100;true;Station default for B6. The supplier fuels its own product, so no into-plane agent.;2026-09-23T00:00:00Z;SEED_B6_ADSB;2026-09-23T00:00:00Z;SEED_B6_ADSB
57a8a750-7dde-5e57-b689-2b5f8939c14e;;DTW;B6;c71bcd6b-2e4b-57e0-8347-9b433d6540bf;9b46c120-d3ef-5f30-98c1-c5faa73ab1a0;true;;;PRIMARY;2026-01-01;;100;true;Station default for B6. The supplier fuels its own product, so no into-plane agent.;2026-09-23T00:00:00Z;SEED_B6_ADSB;2026-09-23T00:00:00Z;SEED_B6_ADSB
032a184d-ef74-5b58-9fc6-66f9c427bda0;;DUB;B6;b2c3d4e5-2222-4000-8000-00000000A003;49010efb-7c9c-5f11-a657-98aca9eca5c4;true;;;PRIMARY;2026-01-01;;100;true;Station default for B6. The supplier fuels its own product, so no into-plane agent.;2026-09-23T00:00:00Z;SEED_B6_ADSB;2026-09-23T00:00:00Z;SEED_B6_ADSB
ae11bf4f-b982-5789-81c3-dcea8b7099ec;;EDI;B6;b2c3d4e5-2222-4000-8000-00000000A003;49010efb-7c9c-5f11-a657-98aca9eca5c4;true;;;PRIMARY;2026-01-01;;100;true;Station default for B6. The supplier fuels its own product, so no into-plane agent.;2026-09-23T00:00:00Z;SEED_B6_ADSB;2026-09-23T00:00:00Z;SEED_B6_ADSB
1a52d248-d518-523f-85d2-f3ad0b2b107d;;EWR;B6;b3426936-fb7a-59e0-adae-13e8ff46692f;b47cfca3-de3e-54c7-9f86-2d35396a23b9;true;;;PRIMARY;2026-01-01;;100;true;Station default for B6. The supplier fuels its own product, so no into-plane agent.;2026-09-23T00:00:00Z;SEED_B6_ADSB;2026-09-23T00:00:00Z;SEED_B6_ADSB
e4cc8364-f555-5d13-9509-127eeb40f8d2;;FLL;B6;9cbcf4a4-d850-50e3-92d0-466e0759850c;e92af3b9-8f34-532b-9338-f7e8fde211dc;true;;;PRIMARY;2026-01-01;;100;true;Station default for B6. The supplier fuels its own product, so no into-plane agent.;2026-09-23T00:00:00Z;SEED_B6_ADSB;2026-09-23T00:00:00Z;SEED_B6_ADSB
ca1a7df8-1cbc-5b17-83a4-6692ed4819c3;;GSO;B6;16f32e0a-4b0f-5ca7-911e-f5511a88fec9;792a6ba1-b667-5cf8-9c70-5744b46387f0;true;;;PRIMARY;2026-01-01;;100;true;Station default for B6. The supplier fuels its own product, so no into-plane agent.;2026-09-23T00:00:00Z;SEED_B6_ADSB;2026-09-23T00:00:00Z;SEED_B6_ADSB
54a0e455-1557-5376-a669-6ad2248c7d90;;GSP;B6;16f32e0a-4b0f-5ca7-911e-f5511a88fec9;792a6ba1-b667-5cf8-9c70-5744b46387f0;true;;;PRIMARY;2026-01-01;;100;true;Station default for B6. The supplier fuels its own product, so no into-plane agent.;2026-09-23T00:00:00Z;SEED_B6_ADSB;2026-09-23T00:00:00Z;SEED_B6_ADSB
9b576ec9-4ddb-56ef-adbd-e54067007026;;HPN;B6;b3426936-fb7a-59e0-adae-13e8ff46692f;b47cfca3-de3e-54c7-9f86-2d35396a23b9;true;;;PRIMARY;2026-01-01;;100;true;Station default for B6. The supplier fuels its own product, so no into-plane agent.;2026-09-23T00:00:00Z;SEED_B6_ADSB;2026-09-23T00:00:00Z;SEED_B6_ADSB
d2e2772f-71ac-540e-aa96-44cdf6f25edb;;IAD;B6;c71bcd6b-2e4b-57e0-8347-9b433d6540bf;9b46c120-d3ef-5f30-98c1-c5faa73ab1a0;true;;;PRIMARY;2026-01-01;;100;true;Station default for B6. The supplier fuels its own product, so no into-plane agent.;2026-09-23T00:00:00Z;SEED_B6_ADSB;2026-09-23T00:00:00Z;SEED_B6_ADSB
4cecc498-74f2-5d79-bfb3-8b53ca46fbe9;;IAH;B6;91e228e1-8277-533a-9d05-e4a828f1eb9a;a759301a-5824-54a0-8aed-373fe5a84b07;true;;;PRIMARY;2026-01-01;;100;true;Station default for B6. The supplier fuels its own product, so no into-plane agent.;2026-09-23T00:00:00Z;SEED_B6_ADSB;2026-09-23T00:00:00Z;SEED_B6_ADSB
0fcecc9d-7336-5faf-8f7d-3c95fa9d8a81;;ILM;B6;16f32e0a-4b0f-5ca7-911e-f5511a88fec9;792a6ba1-b667-5cf8-9c70-5744b46387f0;true;;;PRIMARY;2026-01-01;;100;true;Station default for B6. The supplier fuels its own product, so no into-plane agent.;2026-09-23T00:00:00Z;SEED_B6_ADSB;2026-09-23T00:00:00Z;SEED_B6_ADSB
d10f0db3-dccb-5e6f-9b33-299c8e0f19cd;;ISP;B6;b3426936-fb7a-59e0-adae-13e8ff46692f;b47cfca3-de3e-54c7-9f86-2d35396a23b9;true;;;PRIMARY;2026-01-01;;100;true;Station default for B6. The supplier fuels its own product, so no into-plane agent.;2026-09-23T00:00:00Z;SEED_B6_ADSB;2026-09-23T00:00:00Z;SEED_B6_ADSB
d50de35c-a624-58f2-843f-d340bd17142d;;JAX;B6;16f32e0a-4b0f-5ca7-911e-f5511a88fec9;792a6ba1-b667-5cf8-9c70-5744b46387f0;true;;;PRIMARY;2026-01-01;;100;true;Station default for B6. The supplier fuels its own product, so no into-plane agent.;2026-09-23T00:00:00Z;SEED_B6_ADSB;2026-09-23T00:00:00Z;SEED_B6_ADSB
02485e17-7c2a-5ceb-9b24-cab5ae802f31;;JFK;B6;b3426936-fb7a-59e0-adae-13e8ff46692f;b47cfca3-de3e-54c7-9f86-2d35396a23b9;true;;;PRIMARY;2026-01-01;;100;true;Station default for B6. The supplier fuels its own product, so no into-plane agent.;2026-09-23T00:00:00Z;SEED_B6_ADSB;2026-09-23T00:00:00Z;SEED_B6_ADSB
28bb728c-6ba4-5af7-99e3-d28392389707;;KIN;B6;05940ddf-01dc-5d65-ad59-debc77d2b585;990a9d01-9d97-5e4d-9d74-d1751909a090;true;;;PRIMARY;2026-01-01;;100;true;Station default for B6. The supplier fuels its own product, so no into-plane agent.;2026-09-23T00:00:00Z;SEED_B6_ADSB;2026-09-23T00:00:00Z;SEED_B6_ADSB
70f5ee39-6e39-5e17-bf2b-6f2b75b911e8;;LAS;B6;91e228e1-8277-533a-9d05-e4a828f1eb9a;a759301a-5824-54a0-8aed-373fe5a84b07;true;;;PRIMARY;2026-01-01;;100;true;Station default for B6. The supplier fuels its own product, so no into-plane agent.;2026-09-23T00:00:00Z;SEED_B6_ADSB;2026-09-23T00:00:00Z;SEED_B6_ADSB
56efa504-bda0-547e-97e8-fcbe618622c8;;LAX;B6;91e228e1-8277-533a-9d05-e4a828f1eb9a;a759301a-5824-54a0-8aed-373fe5a84b07;true;;;PRIMARY;2026-01-01;;100;true;Station default for B6. The supplier fuels its own product, so no into-plane agent.;2026-09-23T00:00:00Z;SEED_B6_ADSB;2026-09-23T00:00:00Z;SEED_B6_ADSB
b8849bd5-922c-53ba-9411-8cf4ea48d938;;LGA;B6;b3426936-fb7a-59e0-adae-13e8ff46692f;b47cfca3-de3e-54c7-9f86-2d35396a23b9;true;;;PRIMARY;2026-01-01;;100;true;Station default for B6. The supplier fuels its own product, so no into-plane agent.;2026-09-23T00:00:00Z;SEED_B6_ADSB;2026-09-23T00:00:00Z;SEED_B6_ADSB
cdfb78e8-fad4-5015-b6fd-968f4e1a7165;;LHR;B6;b2c3d4e5-2222-4000-8000-00000000A003;49010efb-7c9c-5f11-a657-98aca9eca5c4;true;;;PRIMARY;2026-01-01;;100;true;Station default for B6. The supplier fuels its own product, so no into-plane agent.;2026-09-23T00:00:00Z;SEED_B6_ADSB;2026-09-23T00:00:00Z;SEED_B6_ADSB
26753deb-3a3d-5097-a748-da8840891be4;;MAD;B6;bb7e30f3-e06d-55b5-9aed-505a4782d39c;50898968-4450-5b53-b38a-f70c60700d78;true;;;PRIMARY;2026-01-01;;100;true;Station default for B6. The supplier fuels its own product, so no into-plane agent.;2026-09-23T00:00:00Z;SEED_B6_ADSB;2026-09-23T00:00:00Z;SEED_B6_ADSB
24431441-62b4-58d4-908b-cf2311e399f5;;MCO;B6;c71bcd6b-2e4b-57e0-8347-9b433d6540bf;9b46c120-d3ef-5f30-98c1-c5faa73ab1a0;true;;;PRIMARY;2026-01-01;;100;true;Station default for B6. The supplier fuels its own product, so no into-plane agent.;2026-09-23T00:00:00Z;SEED_B6_ADSB;2026-09-23T00:00:00Z;SEED_B6_ADSB
6acb1baa-b230-5eb1-8d36-4126aed56887;;MDW;B6;c71bcd6b-2e4b-57e0-8347-9b433d6540bf;9b46c120-d3ef-5f30-98c1-c5faa73ab1a0;true;;;PRIMARY;2026-01-01;;100;true;Station default for B6. The supplier fuels its own product, so no into-plane agent.;2026-09-23T00:00:00Z;SEED_B6_ADSB;2026-09-23T00:00:00Z;SEED_B6_ADSB
0c6f3614-62c6-5930-a2be-d869a71eebdb;;MEM;B6;16f32e0a-4b0f-5ca7-911e-f5511a88fec9;792a6ba1-b667-5cf8-9c70-5744b46387f0;true;;;PRIMARY;2026-01-01;;100;true;Station default for B6. The supplier fuels its own product, so no into-plane agent.;2026-09-23T00:00:00Z;SEED_B6_ADSB;2026-09-23T00:00:00Z;SEED_B6_ADSB
b1b72681-02ac-50a4-8aad-2d4054789730;;MKE;B6;c71bcd6b-2e4b-57e0-8347-9b433d6540bf;9b46c120-d3ef-5f30-98c1-c5faa73ab1a0;true;;;PRIMARY;2026-01-01;;100;true;Station default for B6. The supplier fuels its own product, so no into-plane agent.;2026-09-23T00:00:00Z;SEED_B6_ADSB;2026-09-23T00:00:00Z;SEED_B6_ADSB
35725c3e-e51f-53ad-af3a-72af4cf29305;;MSY;B6;91e228e1-8277-533a-9d05-e4a828f1eb9a;a759301a-5824-54a0-8aed-373fe5a84b07;true;;;PRIMARY;2026-01-01;;100;true;Station default for B6. The supplier fuels its own product, so no into-plane agent.;2026-09-23T00:00:00Z;SEED_B6_ADSB;2026-09-23T00:00:00Z;SEED_B6_ADSB
f11d902f-22a2-5ff8-991a-d3683daecadc;;MXP;B6;92159baf-781b-5587-b5e8-e00ea05bfd55;a7972b10-79c6-55ed-9c8c-1b21b5aa5f83;true;;;PRIMARY;2026-01-01;;100;true;Station default for B6. The supplier fuels its own product, so no into-plane agent.;2026-09-23T00:00:00Z;SEED_B6_ADSB;2026-09-23T00:00:00Z;SEED_B6_ADSB
9f04f1c1-9875-5488-b769-2898436fe0d2;;ONT;B6;91e228e1-8277-533a-9d05-e4a828f1eb9a;a759301a-5824-54a0-8aed-373fe5a84b07;true;;;PRIMARY;2026-01-01;;100;true;Station default for B6. The supplier fuels its own product, so no into-plane agent.;2026-09-23T00:00:00Z;SEED_B6_ADSB;2026-09-23T00:00:00Z;SEED_B6_ADSB
d02be5b4-f7d5-59be-a80b-b1a2956bc103;;ORD;B6;c71bcd6b-2e4b-57e0-8347-9b433d6540bf;9b46c120-d3ef-5f30-98c1-c5faa73ab1a0;true;;;PRIMARY;2026-01-01;;100;true;Station default for B6. The supplier fuels its own product, so no into-plane agent.;2026-09-23T00:00:00Z;SEED_B6_ADSB;2026-09-23T00:00:00Z;SEED_B6_ADSB
05b267ad-34de-5a3f-bb2a-b0b2dcf6bb88;;ORF;B6;c71bcd6b-2e4b-57e0-8347-9b433d6540bf;9b46c120-d3ef-5f30-98c1-c5faa73ab1a0;true;;;PRIMARY;2026-01-01;;100;true;Station default for B6. The supplier fuels its own product, so no into-plane agent.;2026-09-23T00:00:00Z;SEED_B6_ADSB;2026-09-23T00:00:00Z;SEED_B6_ADSB
d0fe04a1-0458-5cdc-b1d7-05025c8c7c27;;ORH;B6;b3426936-fb7a-59e0-adae-13e8ff46692f;b47cfca3-de3e-54c7-9f86-2d35396a23b9;true;;;PRIMARY;2026-01-01;;100;true;Station default for B6. The supplier fuels its own product, so no into-plane agent.;2026-09-23T00:00:00Z;SEED_B6_ADSB;2026-09-23T00:00:00Z;SEED_B6_ADSB
b6b0a1b4-7bd6-5e1b-87bd-825687927da0;;PBI;B6;9cbcf4a4-d850-50e3-92d0-466e0759850c;e92af3b9-8f34-532b-9338-f7e8fde211dc;true;;;PRIMARY;2026-01-01;;100;true;Station default for B6. The supplier fuels its own product, so no into-plane agent.;2026-09-23T00:00:00Z;SEED_B6_ADSB;2026-09-23T00:00:00Z;SEED_B6_ADSB
405ec391-74c2-54c1-9e0a-1e4cb51e05d6;;PHL;B6;c71bcd6b-2e4b-57e0-8347-9b433d6540bf;9b46c120-d3ef-5f30-98c1-c5faa73ab1a0;true;;;PRIMARY;2026-01-01;;100;true;Station default for B6. The supplier fuels its own product, so no into-plane agent.;2026-09-23T00:00:00Z;SEED_B6_ADSB;2026-09-23T00:00:00Z;SEED_B6_ADSB
62df5e36-2c7a-505f-bee2-c6fba9e69cc3;;PHX;B6;91e228e1-8277-533a-9d05-e4a828f1eb9a;a759301a-5824-54a0-8aed-373fe5a84b07;true;;;PRIMARY;2026-01-01;;100;true;Station default for B6. The supplier fuels its own product, so no into-plane agent.;2026-09-23T00:00:00Z;SEED_B6_ADSB;2026-09-23T00:00:00Z;SEED_B6_ADSB
5314ed76-5ee0-54ec-b832-7112a31e8714;;PIT;B6;c71bcd6b-2e4b-57e0-8347-9b433d6540bf;9b46c120-d3ef-5f30-98c1-c5faa73ab1a0;true;;;PRIMARY;2026-01-01;;100;true;Station default for B6. The supplier fuels its own product, so no into-plane agent.;2026-09-23T00:00:00Z;SEED_B6_ADSB;2026-09-23T00:00:00Z;SEED_B6_ADSB
f4472d25-7126-58f5-9de2-2e513551048d;;POS;B6;05940ddf-01dc-5d65-ad59-debc77d2b585;990a9d01-9d97-5e4d-9d74-d1751909a090;true;;;PRIMARY;2026-01-01;;100;true;Station default for B6. The supplier fuels its own product, so no into-plane agent.;2026-09-23T00:00:00Z;SEED_B6_ADSB;2026-09-23T00:00:00Z;SEED_B6_ADSB
5fba557c-46d5-5192-936d-693dff0d57cd;;PVD;B6;b3426936-fb7a-59e0-adae-13e8ff46692f;b47cfca3-de3e-54c7-9f86-2d35396a23b9;true;;;PRIMARY;2026-01-01;;100;true;Station default for B6. The supplier fuels its own product, so no into-plane agent.;2026-09-23T00:00:00Z;SEED_B6_ADSB;2026-09-23T00:00:00Z;SEED_B6_ADSB
5bf3144d-59a8-5c98-9050-b726504b2a9d;;PWM;B6;b3426936-fb7a-59e0-adae-13e8ff46692f;b47cfca3-de3e-54c7-9f86-2d35396a23b9;true;;;PRIMARY;2026-01-01;;100;true;Station default for B6. The supplier fuels its own product, so no into-plane agent.;2026-09-23T00:00:00Z;SEED_B6_ADSB;2026-09-23T00:00:00Z;SEED_B6_ADSB
cc508eac-671a-5e34-a032-e7b21394601d;;RDU;B6;b3426936-fb7a-59e0-adae-13e8ff46692f;b47cfca3-de3e-54c7-9f86-2d35396a23b9;true;;;PRIMARY;2026-01-01;;100;true;Station default for B6. The supplier fuels its own product, so no into-plane agent.;2026-09-23T00:00:00Z;SEED_B6_ADSB;2026-09-23T00:00:00Z;SEED_B6_ADSB
b15e98a0-0ea4-5ce3-ab80-f1e21fa58a45;;RIC;B6;c71bcd6b-2e4b-57e0-8347-9b433d6540bf;9b46c120-d3ef-5f30-98c1-c5faa73ab1a0;true;;;PRIMARY;2026-01-01;;100;true;Station default for B6. The supplier fuels its own product, so no into-plane agent.;2026-09-23T00:00:00Z;SEED_B6_ADSB;2026-09-23T00:00:00Z;SEED_B6_ADSB
46d3b256-007e-5263-9b25-eb5c0ea815f6;;ROC;B6;b3426936-fb7a-59e0-adae-13e8ff46692f;b47cfca3-de3e-54c7-9f86-2d35396a23b9;true;;;PRIMARY;2026-01-01;;100;true;Station default for B6. The supplier fuels its own product, so no into-plane agent.;2026-09-23T00:00:00Z;SEED_B6_ADSB;2026-09-23T00:00:00Z;SEED_B6_ADSB
ed16f560-2cc5-5658-a0f2-58d9115941b4;;RSW;B6;16f32e0a-4b0f-5ca7-911e-f5511a88fec9;792a6ba1-b667-5cf8-9c70-5744b46387f0;true;;;PRIMARY;2026-01-01;;100;true;Station default for B6. The supplier fuels its own product, so no into-plane agent.;2026-09-23T00:00:00Z;SEED_B6_ADSB;2026-09-23T00:00:00Z;SEED_B6_ADSB
9124269e-ca03-5d50-a593-3c10b3a64f83;;SAN;B6;91e228e1-8277-533a-9d05-e4a828f1eb9a;a759301a-5824-54a0-8aed-373fe5a84b07;true;;;PRIMARY;2026-01-01;;100;true;Station default for B6. The supplier fuels its own product, so no into-plane agent.;2026-09-23T00:00:00Z;SEED_B6_ADSB;2026-09-23T00:00:00Z;SEED_B6_ADSB
21cb5527-2693-50ec-9ad3-78dd9ade6db1;;SAV;B6;16f32e0a-4b0f-5ca7-911e-f5511a88fec9;792a6ba1-b667-5cf8-9c70-5744b46387f0;true;;;PRIMARY;2026-01-01;;100;true;Station default for B6. The supplier fuels its own product, so no into-plane agent.;2026-09-23T00:00:00Z;SEED_B6_ADSB;2026-09-23T00:00:00Z;SEED_B6_ADSB
4c2846d2-2092-54c9-929d-7de2ef9a59f4;;SDF;B6;16f32e0a-4b0f-5ca7-911e-f5511a88fec9;792a6ba1-b667-5cf8-9c70-5744b46387f0;true;;;PRIMARY;2026-01-01;;100;true;Station default for B6. The supplier fuels its own product, so no into-plane agent.;2026-09-23T00:00:00Z;SEED_B6_ADSB;2026-09-23T00:00:00Z;SEED_B6_ADSB
03215e29-3796-55f0-83a5-c06516a35161;;SEA;B6;91e228e1-8277-533a-9d05-e4a828f1eb9a;a759301a-5824-54a0-8aed-373fe5a84b07;true;;;PRIMARY;2026-01-01;;100;true;Station default for B6. The supplier fuels its own product, so no into-plane agent.;2026-09-23T00:00:00Z;SEED_B6_ADSB;2026-09-23T00:00:00Z;SEED_B6_ADSB
cd4f822b-5e7f-5bf2-9633-56fd9b72f553;;SFO;B6;91e228e1-8277-533a-9d05-e4a828f1eb9a;a759301a-5824-54a0-8aed-373fe5a84b07;true;;;PRIMARY;2026-01-01;;100;true;Station default for B6. The supplier fuels its own product, so no into-plane agent.;2026-09-23T00:00:00Z;SEED_B6_ADSB;2026-09-23T00:00:00Z;SEED_B6_ADSB
a8220762-5e90-5a0e-9164-1a3537d0e94f;;SJU;B6;10eec694-2215-5ab7-b190-82c6f6d19e32;6555079a-68fb-59df-984a-6f72a9610634;true;;;PRIMARY;2026-01-01;;100;true;Station default for B6. The supplier fuels its own product, so no into-plane agent.;2026-09-23T00:00:00Z;SEED_B6_ADSB;2026-09-23T00:00:00Z;SEED_B6_ADSB
1adb912a-a09c-5d2e-b4cf-74bbeb63233b;;SLC;B6;91e228e1-8277-533a-9d05-e4a828f1eb9a;a759301a-5824-54a0-8aed-373fe5a84b07;true;;;PRIMARY;2026-01-01;;100;true;Station default for B6. The supplier fuels its own product, so no into-plane agent.;2026-09-23T00:00:00Z;SEED_B6_ADSB;2026-09-23T00:00:00Z;SEED_B6_ADSB
91104524-2395-57d8-945e-347a7e216e6f;;SMF;B6;91e228e1-8277-533a-9d05-e4a828f1eb9a;a759301a-5824-54a0-8aed-373fe5a84b07;true;;;PRIMARY;2026-01-01;;100;true;Station default for B6. The supplier fuels its own product, so no into-plane agent.;2026-09-23T00:00:00Z;SEED_B6_ADSB;2026-09-23T00:00:00Z;SEED_B6_ADSB
7782aaf3-3d84-5f55-bee5-9b655c9f71ba;;SRQ;B6;16f32e0a-4b0f-5ca7-911e-f5511a88fec9;792a6ba1-b667-5cf8-9c70-5744b46387f0;true;;;PRIMARY;2026-01-01;;100;true;Station default for B6. The supplier fuels its own product, so no into-plane agent.;2026-09-23T00:00:00Z;SEED_B6_ADSB;2026-09-23T00:00:00Z;SEED_B6_ADSB
2c77444c-2877-51cd-9ec0-e7082d14e9b5;;SYR;B6;b3426936-fb7a-59e0-adae-13e8ff46692f;b47cfca3-de3e-54c7-9f86-2d35396a23b9;true;;;PRIMARY;2026-01-01;;100;true;Station default for B6. The supplier fuels its own product, so no into-plane agent.;2026-09-23T00:00:00Z;SEED_B6_ADSB;2026-09-23T00:00:00Z;SEED_B6_ADSB
cb832bca-1037-5256-8c3c-5e8d20fc5d74;;TPA;B6;c71bcd6b-2e4b-57e0-8347-9b433d6540bf;9b46c120-d3ef-5f30-98c1-c5faa73ab1a0;true;;;PRIMARY;2026-01-01;;100;true;Station default for B6. The supplier fuels its own product, so no into-plane agent.;2026-09-23T00:00:00Z;SEED_B6_ADSB;2026-09-23T00:00:00Z;SEED_B6_ADSB
d1502daa-67f8-5f16-9a10-dd5413d456eb;;YVR;B6;b2c3d4e5-2222-4000-8000-00000000A001;2b6afdc9-da40-52df-9ab2-adefc26750e6;true;;;PRIMARY;2026-01-01;;100;true;Station default for B6. The supplier fuels its own product, so no into-plane agent.;2026-09-23T00:00:00Z;SEED_B6_ADSB;2026-09-23T00:00:00Z;SEED_B6_ADSB
06316704-bb44-5648-a10c-427070f4faaa;B61055;BOS;B6;9cbcf4a4-d850-50e3-92d0-466e0759850c;e92af3b9-8f34-532b-9338-f7e8fde211dc;true;;;PRIMARY;2026-01-01;;100;true;Flight-level: B61055 at BOS is fuelled by the second supplier.;2026-09-23T00:00:00Z;SEED_B6_ADSB;2026-09-23T00:00:00Z;SEED_B6_ADSB
497cf352-f33d-5419-9fde-f7d72bf946d5;B61079;BOS;B6;9cbcf4a4-d850-50e3-92d0-466e0759850c;e92af3b9-8f34-532b-9338-f7e8fde211dc;true;;;PRIMARY;2026-01-01;;100;true;Flight-level: B61079 at BOS is fuelled by the second supplier.;2026-09-23T00:00:00Z;SEED_B6_ADSB;2026-09-23T00:00:00Z;SEED_B6_ADSB
a790124a-85d9-526f-95e4-6535d972bdb4;B6109;BOS;B6;9cbcf4a4-d850-50e3-92d0-466e0759850c;e92af3b9-8f34-532b-9338-f7e8fde211dc;true;;;PRIMARY;2026-01-01;;100;true;Flight-level: B6109 at BOS is fuelled by the second supplier.;2026-09-23T00:00:00Z;SEED_B6_ADSB;2026-09-23T00:00:00Z;SEED_B6_ADSB
e117bda7-c60e-5d5c-a05c-eff7d28e8bc1;B61097;BOS;B6;9cbcf4a4-d850-50e3-92d0-466e0759850c;e92af3b9-8f34-532b-9338-f7e8fde211dc;true;;;PRIMARY;2026-01-01;;100;true;Flight-level: B61097 at BOS is fuelled by the second supplier.;2026-09-23T00:00:00Z;SEED_B6_ADSB;2026-09-23T00:00:00Z;SEED_B6_ADSB
28244080-4d61-5874-9032-221ebde0eef9;B61237;BOS;B6;9cbcf4a4-d850-50e3-92d0-466e0759850c;e92af3b9-8f34-532b-9338-f7e8fde211dc;true;;;PRIMARY;2026-01-01;;100;true;Flight-level: B61237 at BOS is fuelled by the second supplier.;2026-09-23T00:00:00Z;SEED_B6_ADSB;2026-09-23T00:00:00Z;SEED_B6_ADSB
fd28bc3c-7a37-553b-8c87-d2b05ba5391f;B61281;BOS;B6;9cbcf4a4-d850-50e3-92d0-466e0759850c;e92af3b9-8f34-532b-9338-f7e8fde211dc;true;;;PRIMARY;2026-01-01;;100;true;Flight-level: B61281 at BOS is fuelled by the second supplier.;2026-09-23T00:00:00Z;SEED_B6_ADSB;2026-09-23T00:00:00Z;SEED_B6_ADSB
c767cd10-7709-5b7e-853f-46ecff14789a;B61293;BOS;B6;9cbcf4a4-d850-50e3-92d0-466e0759850c;e92af3b9-8f34-532b-9338-f7e8fde211dc;true;;;PRIMARY;2026-01-01;;100;true;Flight-level: B61293 at BOS is fuelled by the second supplier.;2026-09-23T00:00:00Z;SEED_B6_ADSB;2026-09-23T00:00:00Z;SEED_B6_ADSB
a52e88b8-0537-537f-bf32-0085eabbec89;B61337;BOS;B6;9cbcf4a4-d850-50e3-92d0-466e0759850c;e92af3b9-8f34-532b-9338-f7e8fde211dc;true;;;PRIMARY;2026-01-01;;100;true;Flight-level: B61337 at BOS is fuelled by the second supplier.;2026-09-23T00:00:00Z;SEED_B6_ADSB;2026-09-23T00:00:00Z;SEED_B6_ADSB
af2860e0-125c-5754-9bf9-ae2878f7d4be;B61397;BOS;B6;9cbcf4a4-d850-50e3-92d0-466e0759850c;e92af3b9-8f34-532b-9338-f7e8fde211dc;true;;;PRIMARY;2026-01-01;;100;true;Flight-level: B61397 at BOS is fuelled by the second supplier.;2026-09-23T00:00:00Z;SEED_B6_ADSB;2026-09-23T00:00:00Z;SEED_B6_ADSB
7231af4a-6b16-56e9-8423-fbe39a40d59a;B61439;BOS;B6;9cbcf4a4-d850-50e3-92d0-466e0759850c;e92af3b9-8f34-532b-9338-f7e8fde211dc;true;;;PRIMARY;2026-01-01;;100;true;Flight-level: B61439 at BOS is fuelled by the second supplier.;2026-09-23T00:00:00Z;SEED_B6_ADSB;2026-09-23T00:00:00Z;SEED_B6_ADSB
0e79257e-d370-595d-9be4-6a1f3df891b1;B61577;BOS;B6;9cbcf4a4-d850-50e3-92d0-466e0759850c;e92af3b9-8f34-532b-9338-f7e8fde211dc;true;;;PRIMARY;2026-01-01;;100;true;Flight-level: B61577 at BOS is fuelled by the second supplier.;2026-09-23T00:00:00Z;SEED_B6_ADSB;2026-09-23T00:00:00Z;SEED_B6_ADSB
f6083cc1-0f98-5018-aff7-68f546cc28d2;B6177;BOS;B6;9cbcf4a4-d850-50e3-92d0-466e0759850c;e92af3b9-8f34-532b-9338-f7e8fde211dc;true;;;PRIMARY;2026-01-01;;100;true;Flight-level: B6177 at BOS is fuelled by the second supplier.;2026-09-23T00:00:00Z;SEED_B6_ADSB;2026-09-23T00:00:00Z;SEED_B6_ADSB
7699874e-6b98-52fe-9425-ad7513343b14;B61859;BOS;B6;9cbcf4a4-d850-50e3-92d0-466e0759850c;e92af3b9-8f34-532b-9338-f7e8fde211dc;true;;;PRIMARY;2026-01-01;;100;true;Flight-level: B61859 at BOS is fuelled by the second supplier.;2026-09-23T00:00:00Z;SEED_B6_ADSB;2026-09-23T00:00:00Z;SEED_B6_ADSB
4a329d6f-5c3a-5ffa-a70e-f031dab1a99b;B61897;BOS;B6;9cbcf4a4-d850-50e3-92d0-466e0759850c;e92af3b9-8f34-532b-9338-f7e8fde211dc;true;;;PRIMARY;2026-01-01;;100;true;Flight-level: B61897 at BOS is fuelled by the second supplier.;2026-09-23T00:00:00Z;SEED_B6_ADSB;2026-09-23T00:00:00Z;SEED_B6_ADSB
96a29931-0689-50ed-a2c8-46a8a11b6f27;B6203;BOS;B6;9cbcf4a4-d850-50e3-92d0-466e0759850c;e92af3b9-8f34-532b-9338-f7e8fde211dc;true;;;PRIMARY;2026-01-01;;100;true;Flight-level: B6203 at BOS is fuelled by the second supplier.;2026-09-23T00:00:00Z;SEED_B6_ADSB;2026-09-23T00:00:00Z;SEED_B6_ADSB
9b29adba-d43b-5d7a-91e8-190a0119dd1a;B62041;BOS;B6;9cbcf4a4-d850-50e3-92d0-466e0759850c;e92af3b9-8f34-532b-9338-f7e8fde211dc;true;;;PRIMARY;2026-01-01;;100;true;Flight-level: B62041 at BOS is fuelled by the second supplier.;2026-09-23T00:00:00Z;SEED_B6_ADSB;2026-09-23T00:00:00Z;SEED_B6_ADSB
f159b685-b992-5e76-86dd-dea32bb0d6d2;B62065;BOS;B6;9cbcf4a4-d850-50e3-92d0-466e0759850c;e92af3b9-8f34-532b-9338-f7e8fde211dc;true;;;PRIMARY;2026-01-01;;100;true;Flight-level: B62065 at BOS is fuelled by the second supplier.;2026-09-23T00:00:00Z;SEED_B6_ADSB;2026-09-23T00:00:00Z;SEED_B6_ADSB
0cb0601f-90db-530b-ba72-58a400143d87;B621;BOS;B6;9cbcf4a4-d850-50e3-92d0-466e0759850c;e92af3b9-8f34-532b-9338-f7e8fde211dc;true;;;PRIMARY;2026-01-01;;100;true;Flight-level: B621 at BOS is fuelled by the second supplier.;2026-09-23T00:00:00Z;SEED_B6_ADSB;2026-09-23T00:00:00Z;SEED_B6_ADSB
11837f5f-be77-5fdb-9170-b24e8261ebb1;B6219;BOS;B6;9cbcf4a4-d850-50e3-92d0-466e0759850c;e92af3b9-8f34-532b-9338-f7e8fde211dc;true;;;PRIMARY;2026-01-01;;100;true;Flight-level: B6219 at BOS is fuelled by the second supplier.;2026-09-23T00:00:00Z;SEED_B6_ADSB;2026-09-23T00:00:00Z;SEED_B6_ADSB
6d48df7a-4784-5a69-8375-50f7afb20f97;B62251;BOS;B6;9cbcf4a4-d850-50e3-92d0-466e0759850c;e92af3b9-8f34-532b-9338-f7e8fde211dc;true;;;PRIMARY;2026-01-01;;100;true;Flight-level: B62251 at BOS is fuelled by the second supplier.;2026-09-23T00:00:00Z;SEED_B6_ADSB;2026-09-23T00:00:00Z;SEED_B6_ADSB
6e786082-271f-5a67-8046-4b3bacdd83d6;B62261;BOS;B6;9cbcf4a4-d850-50e3-92d0-466e0759850c;e92af3b9-8f34-532b-9338-f7e8fde211dc;true;;;PRIMARY;2026-01-01;;100;true;Flight-level: B62261 at BOS is fuelled by the second supplier.;2026-09-23T00:00:00Z;SEED_B6_ADSB;2026-09-23T00:00:00Z;SEED_B6_ADSB
168b081f-304d-5930-a3e3-b493672ad9ce;B62283;BOS;B6;9cbcf4a4-d850-50e3-92d0-466e0759850c;e92af3b9-8f34-532b-9338-f7e8fde211dc;true;;;PRIMARY;2026-01-01;;100;true;Flight-level: B62283 at BOS is fuelled by the second supplier.;2026-09-23T00:00:00Z;SEED_B6_ADSB;2026-09-23T00:00:00Z;SEED_B6_ADSB
06361edf-e699-52b2-9a56-a49fd746531b;B62383;BOS;B6;9cbcf4a4-d850-50e3-92d0-466e0759850c;e92af3b9-8f34-532b-9338-f7e8fde211dc;true;;;PRIMARY;2026-01-01;;100;true;Flight-level: B62383 at BOS is fuelled by the second supplier.;2026-09-23T00:00:00Z;SEED_B6_ADSB;2026-09-23T00:00:00Z;SEED_B6_ADSB
9d82df87-7793-5c15-893d-55d861171cee;B62459;BOS;B6;9cbcf4a4-d850-50e3-92d0-466e0759850c;e92af3b9-8f34-532b-9338-f7e8fde211dc;true;;;PRIMARY;2026-01-01;;100;true;Flight-level: B62459 at BOS is fuelled by the second supplier.;2026-09-23T00:00:00Z;SEED_B6_ADSB;2026-09-23T00:00:00Z;SEED_B6_ADSB
373bd8b3-0ffa-5f18-9b45-5c8792cd9d9e;B6287;BOS;B6;9cbcf4a4-d850-50e3-92d0-466e0759850c;e92af3b9-8f34-532b-9338-f7e8fde211dc;true;;;PRIMARY;2026-01-01;;100;true;Flight-level: B6287 at BOS is fuelled by the second supplier.;2026-09-23T00:00:00Z;SEED_B6_ADSB;2026-09-23T00:00:00Z;SEED_B6_ADSB
1e8728ae-3a53-5c94-8365-15719a013ebc;B6351;BOS;B6;9cbcf4a4-d850-50e3-92d0-466e0759850c;e92af3b9-8f34-532b-9338-f7e8fde211dc;true;;;PRIMARY;2026-01-01;;100;true;Flight-level: B6351 at BOS is fuelled by the second supplier.;2026-09-23T00:00:00Z;SEED_B6_ADSB;2026-09-23T00:00:00Z;SEED_B6_ADSB
9cd65818-4178-57fe-b5a6-923a184c70d7;B6385;BOS;B6;9cbcf4a4-d850-50e3-92d0-466e0759850c;e92af3b9-8f34-532b-9338-f7e8fde211dc;true;;;PRIMARY;2026-01-01;;100;true;Flight-level: B6385 at BOS is fuelled by the second supplier.;2026-09-23T00:00:00Z;SEED_B6_ADSB;2026-09-23T00:00:00Z;SEED_B6_ADSB
35bd7132-0af7-5ee8-a5ac-68123b826c36;B6387;BOS;B6;9cbcf4a4-d850-50e3-92d0-466e0759850c;e92af3b9-8f34-532b-9338-f7e8fde211dc;true;;;PRIMARY;2026-01-01;;100;true;Flight-level: B6387 at BOS is fuelled by the second supplier.;2026-09-23T00:00:00Z;SEED_B6_ADSB;2026-09-23T00:00:00Z;SEED_B6_ADSB
d5903bf6-3078-5d5b-b339-3bc2ec9e79ea;B6397;BOS;B6;9cbcf4a4-d850-50e3-92d0-466e0759850c;e92af3b9-8f34-532b-9338-f7e8fde211dc;true;;;PRIMARY;2026-01-01;;100;true;Flight-level: B6397 at BOS is fuelled by the second supplier.;2026-09-23T00:00:00Z;SEED_B6_ADSB;2026-09-23T00:00:00Z;SEED_B6_ADSB
a0c16a64-24f9-5983-9159-9eb88b8a4082;B6451;BOS;B6;9cbcf4a4-d850-50e3-92d0-466e0759850c;e92af3b9-8f34-532b-9338-f7e8fde211dc;true;;;PRIMARY;2026-01-01;;100;true;Flight-level: B6451 at BOS is fuelled by the second supplier.;2026-09-23T00:00:00Z;SEED_B6_ADSB;2026-09-23T00:00:00Z;SEED_B6_ADSB
9e87704e-cc69-59a1-aa0d-fa3ac99d4dce;B6455;BOS;B6;9cbcf4a4-d850-50e3-92d0-466e0759850c;e92af3b9-8f34-532b-9338-f7e8fde211dc;true;;;PRIMARY;2026-01-01;;100;true;Flight-level: B6455 at BOS is fuelled by the second supplier.;2026-09-23T00:00:00Z;SEED_B6_ADSB;2026-09-23T00:00:00Z;SEED_B6_ADSB
f133416a-c577-536a-a349-3aeb186eab03;B6591;BOS;B6;9cbcf4a4-d850-50e3-92d0-466e0759850c;e92af3b9-8f34-532b-9338-f7e8fde211dc;true;;;PRIMARY;2026-01-01;;100;true;Flight-level: B6591 at BOS is fuelled by the second supplier.;2026-09-23T00:00:00Z;SEED_B6_ADSB;2026-09-23T00:00:00Z;SEED_B6_ADSB
4f4e3b94-d7d9-57c5-b1ef-fb625eed51bd;B6651;BOS;B6;9cbcf4a4-d850-50e3-92d0-466e0759850c;e92af3b9-8f34-532b-9338-f7e8fde211dc;true;;;PRIMARY;2026-01-01;;100;true;Flight-level: B6651 at BOS is fuelled by the second supplier.;2026-09-23T00:00:00Z;SEED_B6_ADSB;2026-09-23T00:00:00Z;SEED_B6_ADSB
0034bee7-61a2-5ea0-af9e-fc845af57f16;B6691;BOS;B6;9cbcf4a4-d850-50e3-92d0-466e0759850c;e92af3b9-8f34-532b-9338-f7e8fde211dc;true;;;PRIMARY;2026-01-01;;100;true;Flight-level: B6691 at BOS is fuelled by the second supplier.;2026-09-23T00:00:00Z;SEED_B6_ADSB;2026-09-23T00:00:00Z;SEED_B6_ADSB
d347180a-641e-5b60-bd34-b8c21407351f;B6715;BOS;B6;9cbcf4a4-d850-50e3-92d0-466e0759850c;e92af3b9-8f34-532b-9338-f7e8fde211dc;true;;;PRIMARY;2026-01-01;;100;true;Flight-level: B6715 at BOS is fuelled by the second supplier.;2026-09-23T00:00:00Z;SEED_B6_ADSB;2026-09-23T00:00:00Z;SEED_B6_ADSB
5830b42d-68d1-5437-b1e6-02e000a22d64;B6771;BOS;B6;9cbcf4a4-d850-50e3-92d0-466e0759850c;e92af3b9-8f34-532b-9338-f7e8fde211dc;true;;;PRIMARY;2026-01-01;;100;true;Flight-level: B6771 at BOS is fuelled by the second supplier.;2026-09-23T00:00:00Z;SEED_B6_ADSB;2026-09-23T00:00:00Z;SEED_B6_ADSB
63400bb3-30da-58b3-9343-44321cdbab5f;B6777;BOS;B6;9cbcf4a4-d850-50e3-92d0-466e0759850c;e92af3b9-8f34-532b-9338-f7e8fde211dc;true;;;PRIMARY;2026-01-01;;100;true;Flight-level: B6777 at BOS is fuelled by the second supplier.;2026-09-23T00:00:00Z;SEED_B6_ADSB;2026-09-23T00:00:00Z;SEED_B6_ADSB
50d73d2d-771c-501d-bb8b-edb089d76f03;B6817;BOS;B6;9cbcf4a4-d850-50e3-92d0-466e0759850c;e92af3b9-8f34-532b-9338-f7e8fde211dc;true;;;PRIMARY;2026-01-01;;100;true;Flight-level: B6817 at BOS is fuelled by the second supplier.;2026-09-23T00:00:00Z;SEED_B6_ADSB;2026-09-23T00:00:00Z;SEED_B6_ADSB
d438bfe3-c3d7-5062-8986-92765b3763e7;B6833;BOS;B6;9cbcf4a4-d850-50e3-92d0-466e0759850c;e92af3b9-8f34-532b-9338-f7e8fde211dc;true;;;PRIMARY;2026-01-01;;100;true;Flight-level: B6833 at BOS is fuelled by the second supplier.;2026-09-23T00:00:00Z;SEED_B6_ADSB;2026-09-23T00:00:00Z;SEED_B6_ADSB
3a463403-77a1-5b97-a5bf-6ed27d0a9d54;B6837;BOS;B6;9cbcf4a4-d850-50e3-92d0-466e0759850c;e92af3b9-8f34-532b-9338-f7e8fde211dc;true;;;PRIMARY;2026-01-01;;100;true;Flight-level: B6837 at BOS is fuelled by the second supplier.;2026-09-23T00:00:00Z;SEED_B6_ADSB;2026-09-23T00:00:00Z;SEED_B6_ADSB
c0ba4660-82f4-5635-b2c1-f55f82ccd47b;B6845;BOS;B6;9cbcf4a4-d850-50e3-92d0-466e0759850c;e92af3b9-8f34-532b-9338-f7e8fde211dc;true;;;PRIMARY;2026-01-01;;100;true;Flight-level: B6845 at BOS is fuelled by the second supplier.;2026-09-23T00:00:00Z;SEED_B6_ADSB;2026-09-23T00:00:00Z;SEED_B6_ADSB
1d6715bc-9f82-5682-a408-c24ff5baac7b;B68501;BOS;B6;9cbcf4a4-d850-50e3-92d0-466e0759850c;e92af3b9-8f34-532b-9338-f7e8fde211dc;true;;;PRIMARY;2026-01-01;;100;true;Flight-level: B68501 at BOS is fuelled by the second supplier.;2026-09-23T00:00:00Z;SEED_B6_ADSB;2026-09-23T00:00:00Z;SEED_B6_ADSB
ff918cad-d672-5a27-9472-5c85f396a1c9;B6855;BOS;B6;9cbcf4a4-d850-50e3-92d0-466e0759850c;e92af3b9-8f34-532b-9338-f7e8fde211dc;true;;;PRIMARY;2026-01-01;;100;true;Flight-level: B6855 at BOS is fuelled by the second supplier.;2026-09-23T00:00:00Z;SEED_B6_ADSB;2026-09-23T00:00:00Z;SEED_B6_ADSB
b79acd00-1349-592f-86e9-7854755ecf70;B6907;BOS;B6;9cbcf4a4-d850-50e3-92d0-466e0759850c;e92af3b9-8f34-532b-9338-f7e8fde211dc;true;;;PRIMARY;2026-01-01;;100;true;Flight-level: B6907 at BOS is fuelled by the second supplier.;2026-09-23T00:00:00Z;SEED_B6_ADSB;2026-09-23T00:00:00Z;SEED_B6_ADSB
b83fd09e-459a-5297-b118-7cbf60450ed9;B6915;BOS;B6;9cbcf4a4-d850-50e3-92d0-466e0759850c;e92af3b9-8f34-532b-9338-f7e8fde211dc;true;;;PRIMARY;2026-01-01;;100;true;Flight-level: B6915 at BOS is fuelled by the second supplier.;2026-09-23T00:00:00Z;SEED_B6_ADSB;2026-09-23T00:00:00Z;SEED_B6_ADSB
6d41807d-d23c-5e78-8c17-cc11fc5c4a92;B6105;EWR;B6;c71bcd6b-2e4b-57e0-8347-9b433d6540bf;9b46c120-d3ef-5f30-98c1-c5faa73ab1a0;true;;;PRIMARY;2026-01-01;;100;true;Flight-level: B6105 at EWR is fuelled by the second supplier.;2026-09-23T00:00:00Z;SEED_B6_ADSB;2026-09-23T00:00:00Z;SEED_B6_ADSB
fdd3f1a2-8d1d-5365-b4db-68fb9c714d29;B6127;EWR;B6;c71bcd6b-2e4b-57e0-8347-9b433d6540bf;9b46c120-d3ef-5f30-98c1-c5faa73ab1a0;true;;;PRIMARY;2026-01-01;;100;true;Flight-level: B6127 at EWR is fuelled by the second supplier.;2026-09-23T00:00:00Z;SEED_B6_ADSB;2026-09-23T00:00:00Z;SEED_B6_ADSB
84df43ba-45f4-59c4-92a5-11c109143dba;B62143;EWR;B6;c71bcd6b-2e4b-57e0-8347-9b433d6540bf;9b46c120-d3ef-5f30-98c1-c5faa73ab1a0;true;;;PRIMARY;2026-01-01;;100;true;Flight-level: B62143 at EWR is fuelled by the second supplier.;2026-09-23T00:00:00Z;SEED_B6_ADSB;2026-09-23T00:00:00Z;SEED_B6_ADSB
8f8bf265-8ca5-5065-ace7-fed602d5355f;B6685;EWR;B6;c71bcd6b-2e4b-57e0-8347-9b433d6540bf;9b46c120-d3ef-5f30-98c1-c5faa73ab1a0;true;;;PRIMARY;2026-01-01;;100;true;Flight-level: B6685 at EWR is fuelled by the second supplier.;2026-09-23T00:00:00Z;SEED_B6_ADSB;2026-09-23T00:00:00Z;SEED_B6_ADSB
6d500a0f-0068-5aa1-a010-c9ba262542b6;B6106;FLL;B6;b3426936-fb7a-59e0-adae-13e8ff46692f;b47cfca3-de3e-54c7-9f86-2d35396a23b9;true;;;PRIMARY;2026-01-01;;100;true;Flight-level: B6106 at FLL is fuelled by the second supplier.;2026-09-23T00:00:00Z;SEED_B6_ADSB;2026-09-23T00:00:00Z;SEED_B6_ADSB
dc11f340-3e22-5545-8dca-688e948569ec;B61078;FLL;B6;b3426936-fb7a-59e0-adae-13e8ff46692f;b47cfca3-de3e-54c7-9f86-2d35396a23b9;true;;;PRIMARY;2026-01-01;;100;true;Flight-level: B61078 at FLL is fuelled by the second supplier.;2026-09-23T00:00:00Z;SEED_B6_ADSB;2026-09-23T00:00:00Z;SEED_B6_ADSB
56bb0f58-c454-5bdd-b5e7-6c40acb7946f;B61146;FLL;B6;b3426936-fb7a-59e0-adae-13e8ff46692f;b47cfca3-de3e-54c7-9f86-2d35396a23b9;true;;;PRIMARY;2026-01-01;;100;true;Flight-level: B61146 at FLL is fuelled by the second supplier.;2026-09-23T00:00:00Z;SEED_B6_ADSB;2026-09-23T00:00:00Z;SEED_B6_ADSB
e4b2f9cf-45b2-51a0-930c-1d4c6a29031d;B61375;FLL;B6;b3426936-fb7a-59e0-adae-13e8ff46692f;b47cfca3-de3e-54c7-9f86-2d35396a23b9;true;;;PRIMARY;2026-01-01;;100;true;Flight-level: B61375 at FLL is fuelled by the second supplier.;2026-09-23T00:00:00Z;SEED_B6_ADSB;2026-09-23T00:00:00Z;SEED_B6_ADSB
514a81ac-6bac-5ad7-ab6f-629fc2376148;B61553;FLL;B6;b3426936-fb7a-59e0-adae-13e8ff46692f;b47cfca3-de3e-54c7-9f86-2d35396a23b9;true;;;PRIMARY;2026-01-01;;100;true;Flight-level: B61553 at FLL is fuelled by the second supplier.;2026-09-23T00:00:00Z;SEED_B6_ADSB;2026-09-23T00:00:00Z;SEED_B6_ADSB
1009cd37-4daf-571f-a8fc-5ccbd63a44a0;B61590;FLL;B6;b3426936-fb7a-59e0-adae-13e8ff46692f;b47cfca3-de3e-54c7-9f86-2d35396a23b9;true;;;PRIMARY;2026-01-01;;100;true;Flight-level: B61590 at FLL is fuelled by the second supplier.;2026-09-23T00:00:00Z;SEED_B6_ADSB;2026-09-23T00:00:00Z;SEED_B6_ADSB
2e6a4de1-cc16-5187-950c-24122896ec60;B61626;FLL;B6;b3426936-fb7a-59e0-adae-13e8ff46692f;b47cfca3-de3e-54c7-9f86-2d35396a23b9;true;;;PRIMARY;2026-01-01;;100;true;Flight-level: B61626 at FLL is fuelled by the second supplier.;2026-09-23T00:00:00Z;SEED_B6_ADSB;2026-09-23T00:00:00Z;SEED_B6_ADSB
085339fc-08d9-5b64-8fbf-5c290d91df57;B61823;FLL;B6;b3426936-fb7a-59e0-adae-13e8ff46692f;b47cfca3-de3e-54c7-9f86-2d35396a23b9;true;;;PRIMARY;2026-01-01;;100;true;Flight-level: B61823 at FLL is fuelled by the second supplier.;2026-09-23T00:00:00Z;SEED_B6_ADSB;2026-09-23T00:00:00Z;SEED_B6_ADSB
cb97de83-32e5-5bc4-b920-c69cec99d724;B61905;FLL;B6;b3426936-fb7a-59e0-adae-13e8ff46692f;b47cfca3-de3e-54c7-9f86-2d35396a23b9;true;;;PRIMARY;2026-01-01;;100;true;Flight-level: B61905 at FLL is fuelled by the second supplier.;2026-09-23T00:00:00Z;SEED_B6_ADSB;2026-09-23T00:00:00Z;SEED_B6_ADSB
38a9a358-7306-5b88-ac4c-27847a24aea4;B62080;FLL;B6;b3426936-fb7a-59e0-adae-13e8ff46692f;b47cfca3-de3e-54c7-9f86-2d35396a23b9;true;;;PRIMARY;2026-01-01;;100;true;Flight-level: B62080 at FLL is fuelled by the second supplier.;2026-09-23T00:00:00Z;SEED_B6_ADSB;2026-09-23T00:00:00Z;SEED_B6_ADSB
5c822479-f87e-5d23-b9f4-ddf1d416623e;B62118;FLL;B6;b3426936-fb7a-59e0-adae-13e8ff46692f;b47cfca3-de3e-54c7-9f86-2d35396a23b9;true;;;PRIMARY;2026-01-01;;100;true;Flight-level: B62118 at FLL is fuelled by the second supplier.;2026-09-23T00:00:00Z;SEED_B6_ADSB;2026-09-23T00:00:00Z;SEED_B6_ADSB
2a1715d9-b667-5b40-aba8-ee04bfdb29c8;B62182;FLL;B6;b3426936-fb7a-59e0-adae-13e8ff46692f;b47cfca3-de3e-54c7-9f86-2d35396a23b9;true;;;PRIMARY;2026-01-01;;100;true;Flight-level: B62182 at FLL is fuelled by the second supplier.;2026-09-23T00:00:00Z;SEED_B6_ADSB;2026-09-23T00:00:00Z;SEED_B6_ADSB
5bf81f27-46c7-527a-bb95-d4480e7f9d6c;B62276;FLL;B6;b3426936-fb7a-59e0-adae-13e8ff46692f;b47cfca3-de3e-54c7-9f86-2d35396a23b9;true;;;PRIMARY;2026-01-01;;100;true;Flight-level: B62276 at FLL is fuelled by the second supplier.;2026-09-23T00:00:00Z;SEED_B6_ADSB;2026-09-23T00:00:00Z;SEED_B6_ADSB
062a71d8-4009-5b24-bdf3-7d12f1be08d6;B62279;FLL;B6;b3426936-fb7a-59e0-adae-13e8ff46692f;b47cfca3-de3e-54c7-9f86-2d35396a23b9;true;;;PRIMARY;2026-01-01;;100;true;Flight-level: B62279 at FLL is fuelled by the second supplier.;2026-09-23T00:00:00Z;SEED_B6_ADSB;2026-09-23T00:00:00Z;SEED_B6_ADSB
f5948a7e-dc73-55da-9df0-85b2c810fabe;B62290;FLL;B6;b3426936-fb7a-59e0-adae-13e8ff46692f;b47cfca3-de3e-54c7-9f86-2d35396a23b9;true;;;PRIMARY;2026-01-01;;100;true;Flight-level: B62290 at FLL is fuelled by the second supplier.;2026-09-23T00:00:00Z;SEED_B6_ADSB;2026-09-23T00:00:00Z;SEED_B6_ADSB
9fc7380c-74ca-5b37-af35-4cd9b9486c40;B62371;FLL;B6;b3426936-fb7a-59e0-adae-13e8ff46692f;b47cfca3-de3e-54c7-9f86-2d35396a23b9;true;;;PRIMARY;2026-01-01;;100;true;Flight-level: B62371 at FLL is fuelled by the second supplier.;2026-09-23T00:00:00Z;SEED_B6_ADSB;2026-09-23T00:00:00Z;SEED_B6_ADSB
63fc0c27-923a-5164-ad13-d36a94b6f699;B62626;FLL;B6;b3426936-fb7a-59e0-adae-13e8ff46692f;b47cfca3-de3e-54c7-9f86-2d35396a23b9;true;;;PRIMARY;2026-01-01;;100;true;Flight-level: B62626 at FLL is fuelled by the second supplier.;2026-09-23T00:00:00Z;SEED_B6_ADSB;2026-09-23T00:00:00Z;SEED_B6_ADSB
a04828b1-9266-5015-9073-5188deb10f97;B6272;FLL;B6;b3426936-fb7a-59e0-adae-13e8ff46692f;b47cfca3-de3e-54c7-9f86-2d35396a23b9;true;;;PRIMARY;2026-01-01;;100;true;Flight-level: B6272 at FLL is fuelled by the second supplier.;2026-09-23T00:00:00Z;SEED_B6_ADSB;2026-09-23T00:00:00Z;SEED_B6_ADSB
6a34a645-0b55-5d75-b45f-22cab3de17d4;B62779;FLL;B6;b3426936-fb7a-59e0-adae-13e8ff46692f;b47cfca3-de3e-54c7-9f86-2d35396a23b9;true;;;PRIMARY;2026-01-01;;100;true;Flight-level: B62779 at FLL is fuelled by the second supplier.;2026-09-23T00:00:00Z;SEED_B6_ADSB;2026-09-23T00:00:00Z;SEED_B6_ADSB
e8d0a9c7-b566-52e6-abf0-0cf69a050d07;B62823;FLL;B6;b3426936-fb7a-59e0-adae-13e8ff46692f;b47cfca3-de3e-54c7-9f86-2d35396a23b9;true;;;PRIMARY;2026-01-01;;100;true;Flight-level: B62823 at FLL is fuelled by the second supplier.;2026-09-23T00:00:00Z;SEED_B6_ADSB;2026-09-23T00:00:00Z;SEED_B6_ADSB
4e1cf866-3586-56d9-9334-51bfbe52826a;B6380;FLL;B6;b3426936-fb7a-59e0-adae-13e8ff46692f;b47cfca3-de3e-54c7-9f86-2d35396a23b9;true;;;PRIMARY;2026-01-01;;100;true;Flight-level: B6380 at FLL is fuelled by the second supplier.;2026-09-23T00:00:00Z;SEED_B6_ADSB;2026-09-23T00:00:00Z;SEED_B6_ADSB
b590fae3-a01a-5d92-82da-c3872ee85a97;B639;FLL;B6;b3426936-fb7a-59e0-adae-13e8ff46692f;b47cfca3-de3e-54c7-9f86-2d35396a23b9;true;;;PRIMARY;2026-01-01;;100;true;Flight-level: B639 at FLL is fuelled by the second supplier.;2026-09-23T00:00:00Z;SEED_B6_ADSB;2026-09-23T00:00:00Z;SEED_B6_ADSB
62932d82-200c-533f-a7e6-cda085be7504;B6514;FLL;B6;b3426936-fb7a-59e0-adae-13e8ff46692f;b47cfca3-de3e-54c7-9f86-2d35396a23b9;true;;;PRIMARY;2026-01-01;;100;true;Flight-level: B6514 at FLL is fuelled by the second supplier.;2026-09-23T00:00:00Z;SEED_B6_ADSB;2026-09-23T00:00:00Z;SEED_B6_ADSB
526b5077-6c56-52ef-ad59-ba039a10f0e0;B6607;FLL;B6;b3426936-fb7a-59e0-adae-13e8ff46692f;b47cfca3-de3e-54c7-9f86-2d35396a23b9;true;;;PRIMARY;2026-01-01;;100;true;Flight-level: B6607 at FLL is fuelled by the second supplier.;2026-09-23T00:00:00Z;SEED_B6_ADSB;2026-09-23T00:00:00Z;SEED_B6_ADSB
d55ebdf4-0692-5512-9342-3beaeba072ec;B670;FLL;B6;b3426936-fb7a-59e0-adae-13e8ff46692f;b47cfca3-de3e-54c7-9f86-2d35396a23b9;true;;;PRIMARY;2026-01-01;;100;true;Flight-level: B670 at FLL is fuelled by the second supplier.;2026-09-23T00:00:00Z;SEED_B6_ADSB;2026-09-23T00:00:00Z;SEED_B6_ADSB
da567e4c-e1cb-5adf-9a3d-7cf02bf88eba;B6814;FLL;B6;b3426936-fb7a-59e0-adae-13e8ff46692f;b47cfca3-de3e-54c7-9f86-2d35396a23b9;true;;;PRIMARY;2026-01-01;;100;true;Flight-level: B6814 at FLL is fuelled by the second supplier.;2026-09-23T00:00:00Z;SEED_B6_ADSB;2026-09-23T00:00:00Z;SEED_B6_ADSB
fbf2fd41-edcd-5198-89c3-5b66bfbf32df;B68575;FLL;B6;b3426936-fb7a-59e0-adae-13e8ff46692f;b47cfca3-de3e-54c7-9f86-2d35396a23b9;true;;;PRIMARY;2026-01-01;;100;true;Flight-level: B68575 at FLL is fuelled by the second supplier.;2026-09-23T00:00:00Z;SEED_B6_ADSB;2026-09-23T00:00:00Z;SEED_B6_ADSB
c22d11f5-1600-59d6-bd7e-70aa9fad74b4;B6872;FLL;B6;b3426936-fb7a-59e0-adae-13e8ff46692f;b47cfca3-de3e-54c7-9f86-2d35396a23b9;true;;;PRIMARY;2026-01-01;;100;true;Flight-level: B6872 at FLL is fuelled by the second supplier.;2026-09-23T00:00:00Z;SEED_B6_ADSB;2026-09-23T00:00:00Z;SEED_B6_ADSB
048c2b7d-3093-54e8-9dd9-c4de40d187a5;B61018;JFK;B6;9cbcf4a4-d850-50e3-92d0-466e0759850c;e92af3b9-8f34-532b-9338-f7e8fde211dc;true;;;PRIMARY;2026-01-01;;100;true;Flight-level: B61018 at JFK is fuelled by the second supplier.;2026-09-23T00:00:00Z;SEED_B6_ADSB;2026-09-23T00:00:00Z;SEED_B6_ADSB
934d7d3d-d169-53c3-8346-6bd6bd7d1247;B61023;JFK;B6;9cbcf4a4-d850-50e3-92d0-466e0759850c;e92af3b9-8f34-532b-9338-f7e8fde211dc;true;;;PRIMARY;2026-01-01;;100;true;Flight-level: B61023 at JFK is fuelled by the second supplier.;2026-09-23T00:00:00Z;SEED_B6_ADSB;2026-09-23T00:00:00Z;SEED_B6_ADSB
d3fdce82-1c9f-50cf-9591-9405fa216a6a;B61059;JFK;B6;9cbcf4a4-d850-50e3-92d0-466e0759850c;e92af3b9-8f34-532b-9338-f7e8fde211dc;true;;;PRIMARY;2026-01-01;;100;true;Flight-level: B61059 at JFK is fuelled by the second supplier.;2026-09-23T00:00:00Z;SEED_B6_ADSB;2026-09-23T00:00:00Z;SEED_B6_ADSB
e499ec97-63b1-542c-a39b-93fc5051f7ef;B61118;JFK;B6;9cbcf4a4-d850-50e3-92d0-466e0759850c;e92af3b9-8f34-532b-9338-f7e8fde211dc;true;;;PRIMARY;2026-01-01;;100;true;Flight-level: B61118 at JFK is fuelled by the second supplier.;2026-09-23T00:00:00Z;SEED_B6_ADSB;2026-09-23T00:00:00Z;SEED_B6_ADSB
273e2ce6-aadd-570f-8d14-3c423ad3b51e;B6115;JFK;B6;9cbcf4a4-d850-50e3-92d0-466e0759850c;e92af3b9-8f34-532b-9338-f7e8fde211dc;true;;;PRIMARY;2026-01-01;;100;true;Flight-level: B6115 at JFK is fuelled by the second supplier.;2026-09-23T00:00:00Z;SEED_B6_ADSB;2026-09-23T00:00:00Z;SEED_B6_ADSB
16b6f48c-5746-56e3-94c7-a47ab328378b;B61186;JFK;B6;9cbcf4a4-d850-50e3-92d0-466e0759850c;e92af3b9-8f34-532b-9338-f7e8fde211dc;true;;;PRIMARY;2026-01-01;;100;true;Flight-level: B61186 at JFK is fuelled by the second supplier.;2026-09-23T00:00:00Z;SEED_B6_ADSB;2026-09-23T00:00:00Z;SEED_B6_ADSB
c8373a23-d0f3-5c4a-8db9-3104994489c6;B6119;JFK;B6;9cbcf4a4-d850-50e3-92d0-466e0759850c;e92af3b9-8f34-532b-9338-f7e8fde211dc;true;;;PRIMARY;2026-01-01;;100;true;Flight-level: B6119 at JFK is fuelled by the second supplier.;2026-09-23T00:00:00Z;SEED_B6_ADSB;2026-09-23T00:00:00Z;SEED_B6_ADSB
f4640d02-fefd-52f8-860d-509b049e4071;B6121;JFK;B6;9cbcf4a4-d850-50e3-92d0-466e0759850c;e92af3b9-8f34-532b-9338-f7e8fde211dc;true;;;PRIMARY;2026-01-01;;100;true;Flight-level: B6121 at JFK is fuelled by the second supplier.;2026-09-23T00:00:00Z;SEED_B6_ADSB;2026-09-23T00:00:00Z;SEED_B6_ADSB
09242831-44a6-5257-916a-0964fb2f1775;B6123;JFK;B6;9cbcf4a4-d850-50e3-92d0-466e0759850c;e92af3b9-8f34-532b-9338-f7e8fde211dc;true;;;PRIMARY;2026-01-01;;100;true;Flight-level: B6123 at JFK is fuelled by the second supplier.;2026-09-23T00:00:00Z;SEED_B6_ADSB;2026-09-23T00:00:00Z;SEED_B6_ADSB
5be044c1-cf0b-5ac1-ae36-44e68b24e939;B61318;JFK;B6;9cbcf4a4-d850-50e3-92d0-466e0759850c;e92af3b9-8f34-532b-9338-f7e8fde211dc;true;;;PRIMARY;2026-01-01;;100;true;Flight-level: B61318 at JFK is fuelled by the second supplier.;2026-09-23T00:00:00Z;SEED_B6_ADSB;2026-09-23T00:00:00Z;SEED_B6_ADSB
ddebff77-4a51-5339-b933-5f490167a8f8;B6135;JFK;B6;9cbcf4a4-d850-50e3-92d0-466e0759850c;e92af3b9-8f34-532b-9338-f7e8fde211dc;true;;;PRIMARY;2026-01-01;;100;true;Flight-level: B6135 at JFK is fuelled by the second supplier.;2026-09-23T00:00:00Z;SEED_B6_ADSB;2026-09-23T00:00:00Z;SEED_B6_ADSB
f02cca35-7e7e-559d-bb85-0fd16cdaefa2;B61407;JFK;B6;9cbcf4a4-d850-50e3-92d0-466e0759850c;e92af3b9-8f34-532b-9338-f7e8fde211dc;true;;;PRIMARY;2026-01-01;;100;true;Flight-level: B61407 at JFK is fuelled by the second supplier.;2026-09-23T00:00:00Z;SEED_B6_ADSB;2026-09-23T00:00:00Z;SEED_B6_ADSB
46ca77ee-76de-567f-8d83-bc34f31cdc5c;B61485;JFK;B6;9cbcf4a4-d850-50e3-92d0-466e0759850c;e92af3b9-8f34-532b-9338-f7e8fde211dc;true;;;PRIMARY;2026-01-01;;100;true;Flight-level: B61485 at JFK is fuelled by the second supplier.;2026-09-23T00:00:00Z;SEED_B6_ADSB;2026-09-23T00:00:00Z;SEED_B6_ADSB
3765d05d-b6dd-5f60-a24a-1966054edbca;B61497;JFK;B6;9cbcf4a4-d850-50e3-92d0-466e0759850c;e92af3b9-8f34-532b-9338-f7e8fde211dc;true;;;PRIMARY;2026-01-01;;100;true;Flight-level: B61497 at JFK is fuelled by the second supplier.;2026-09-23T00:00:00Z;SEED_B6_ADSB;2026-09-23T00:00:00Z;SEED_B6_ADSB
ee6cad4c-bcce-5e1d-a7c6-8c029487ec0a;B615;JFK;B6;9cbcf4a4-d850-50e3-92d0-466e0759850c;e92af3b9-8f34-532b-9338-f7e8fde211dc;true;;;PRIMARY;2026-01-01;;100;true;Flight-level: B615 at JFK is fuelled by the second supplier.;2026-09-23T00:00:00Z;SEED_B6_ADSB;2026-09-23T00:00:00Z;SEED_B6_ADSB
222ed04a-0cd9-5e91-9fa8-8a119355bc3f;B61523;JFK;B6;9cbcf4a4-d850-50e3-92d0-466e0759850c;e92af3b9-8f34-532b-9338-f7e8fde211dc;true;;;PRIMARY;2026-01-01;;100;true;Flight-level: B61523 at JFK is fuelled by the second supplier.;2026-09-23T00:00:00Z;SEED_B6_ADSB;2026-09-23T00:00:00Z;SEED_B6_ADSB
58c58941-ddf2-57e1-9ee2-ad170d161a72;B61793;JFK;B6;9cbcf4a4-d850-50e3-92d0-466e0759850c;e92af3b9-8f34-532b-9338-f7e8fde211dc;true;;;PRIMARY;2026-01-01;;100;true;Flight-level: B61793 at JFK is fuelled by the second supplier.;2026-09-23T00:00:00Z;SEED_B6_ADSB;2026-09-23T00:00:00Z;SEED_B6_ADSB
094c1887-9be9-5844-9aec-ea6d85e8e313;B6215;JFK;B6;9cbcf4a4-d850-50e3-92d0-466e0759850c;e92af3b9-8f34-532b-9338-f7e8fde211dc;true;;;PRIMARY;2026-01-01;;100;true;Flight-level: B6215 at JFK is fuelled by the second supplier.;2026-09-23T00:00:00Z;SEED_B6_ADSB;2026-09-23T00:00:00Z;SEED_B6_ADSB
6b374429-b4c2-5a8b-94d1-041a6b6e87bd;B62201;JFK;B6;9cbcf4a4-d850-50e3-92d0-466e0759850c;e92af3b9-8f34-532b-9338-f7e8fde211dc;true;;;PRIMARY;2026-01-01;;100;true;Flight-level: B62201 at JFK is fuelled by the second supplier.;2026-09-23T00:00:00Z;SEED_B6_ADSB;2026-09-23T00:00:00Z;SEED_B6_ADSB
5fca1c8c-dbdc-529e-af1e-082cb33fa97a;B62285;JFK;B6;9cbcf4a4-d850-50e3-92d0-466e0759850c;e92af3b9-8f34-532b-9338-f7e8fde211dc;true;;;PRIMARY;2026-01-01;;100;true;Flight-level: B62285 at JFK is fuelled by the second supplier.;2026-09-23T00:00:00Z;SEED_B6_ADSB;2026-09-23T00:00:00Z;SEED_B6_ADSB
e36018e6-2f8c-565c-b86c-9ad57bd52036;B6273;JFK;B6;9cbcf4a4-d850-50e3-92d0-466e0759850c;e92af3b9-8f34-532b-9338-f7e8fde211dc;true;;;PRIMARY;2026-01-01;;100;true;Flight-level: B6273 at JFK is fuelled by the second supplier.;2026-09-23T00:00:00Z;SEED_B6_ADSB;2026-09-23T00:00:00Z;SEED_B6_ADSB
4527821a-d7b6-5d38-b8d0-06faaf76ec8c;B6281;JFK;B6;9cbcf4a4-d850-50e3-92d0-466e0759850c;e92af3b9-8f34-532b-9338-f7e8fde211dc;true;;;PRIMARY;2026-01-01;;100;true;Flight-level: B6281 at JFK is fuelled by the second supplier.;2026-09-23T00:00:00Z;SEED_B6_ADSB;2026-09-23T00:00:00Z;SEED_B6_ADSB
f553f177-9fdd-59b3-83e4-33d2b7fcac8e;B6283;JFK;B6;9cbcf4a4-d850-50e3-92d0-466e0759850c;e92af3b9-8f34-532b-9338-f7e8fde211dc;true;;;PRIMARY;2026-01-01;;100;true;Flight-level: B6283 at JFK is fuelled by the second supplier.;2026-09-23T00:00:00Z;SEED_B6_ADSB;2026-09-23T00:00:00Z;SEED_B6_ADSB
3125761a-2ad8-5718-a8d9-50b7a7545d96;B62902;JFK;B6;9cbcf4a4-d850-50e3-92d0-466e0759850c;e92af3b9-8f34-532b-9338-f7e8fde211dc;true;;;PRIMARY;2026-01-01;;100;true;Flight-level: B62902 at JFK is fuelled by the second supplier.;2026-09-23T00:00:00Z;SEED_B6_ADSB;2026-09-23T00:00:00Z;SEED_B6_ADSB
8b6df5fb-c59e-51ea-9cdf-e2e2720960f2;B62918;JFK;B6;9cbcf4a4-d850-50e3-92d0-466e0759850c;e92af3b9-8f34-532b-9338-f7e8fde211dc;true;;;PRIMARY;2026-01-01;;100;true;Flight-level: B62918 at JFK is fuelled by the second supplier.;2026-09-23T00:00:00Z;SEED_B6_ADSB;2026-09-23T00:00:00Z;SEED_B6_ADSB
9ef580e6-ff99-5399-a213-142bb305340c;B6308;JFK;B6;9cbcf4a4-d850-50e3-92d0-466e0759850c;e92af3b9-8f34-532b-9338-f7e8fde211dc;true;;;PRIMARY;2026-01-01;;100;true;Flight-level: B6308 at JFK is fuelled by the second supplier.;2026-09-23T00:00:00Z;SEED_B6_ADSB;2026-09-23T00:00:00Z;SEED_B6_ADSB
838dda03-7bdb-5722-a536-98cf07e1c64a;B6341;JFK;B6;9cbcf4a4-d850-50e3-92d0-466e0759850c;e92af3b9-8f34-532b-9338-f7e8fde211dc;true;;;PRIMARY;2026-01-01;;100;true;Flight-level: B6341 at JFK is fuelled by the second supplier.;2026-09-23T00:00:00Z;SEED_B6_ADSB;2026-09-23T00:00:00Z;SEED_B6_ADSB
207c5a7d-8ddf-567e-9ad2-0858f8a9a9ec;B6358;JFK;B6;9cbcf4a4-d850-50e3-92d0-466e0759850c;e92af3b9-8f34-532b-9338-f7e8fde211dc;true;;;PRIMARY;2026-01-01;;100;true;Flight-level: B6358 at JFK is fuelled by the second supplier.;2026-09-23T00:00:00Z;SEED_B6_ADSB;2026-09-23T00:00:00Z;SEED_B6_ADSB
032a3c41-749f-5acc-a635-eac6b580617c;B6415;JFK;B6;9cbcf4a4-d850-50e3-92d0-466e0759850c;e92af3b9-8f34-532b-9338-f7e8fde211dc;true;;;PRIMARY;2026-01-01;;100;true;Flight-level: B6415 at JFK is fuelled by the second supplier.;2026-09-23T00:00:00Z;SEED_B6_ADSB;2026-09-23T00:00:00Z;SEED_B6_ADSB
06e7b68f-93dc-5f02-af56-7eada7bf6c25;B6615;JFK;B6;9cbcf4a4-d850-50e3-92d0-466e0759850c;e92af3b9-8f34-532b-9338-f7e8fde211dc;true;;;PRIMARY;2026-01-01;;100;true;Flight-level: B6615 at JFK is fuelled by the second supplier.;2026-09-23T00:00:00Z;SEED_B6_ADSB;2026-09-23T00:00:00Z;SEED_B6_ADSB
eb7860e0-72ef-53ed-820c-b32dffd63437;B6618;JFK;B6;9cbcf4a4-d850-50e3-92d0-466e0759850c;e92af3b9-8f34-532b-9338-f7e8fde211dc;true;;;PRIMARY;2026-01-01;;100;true;Flight-level: B6618 at JFK is fuelled by the second supplier.;2026-09-23T00:00:00Z;SEED_B6_ADSB;2026-09-23T00:00:00Z;SEED_B6_ADSB
5c375a1a-672c-52d2-85e9-2a0aa9094adb;B6675;JFK;B6;9cbcf4a4-d850-50e3-92d0-466e0759850c;e92af3b9-8f34-532b-9338-f7e8fde211dc;true;;;PRIMARY;2026-01-01;;100;true;Flight-level: B6675 at JFK is fuelled by the second supplier.;2026-09-23T00:00:00Z;SEED_B6_ADSB;2026-09-23T00:00:00Z;SEED_B6_ADSB
57689c9a-87e7-5658-b5c2-0c5346becef6;B6677;JFK;B6;9cbcf4a4-d850-50e3-92d0-466e0759850c;e92af3b9-8f34-532b-9338-f7e8fde211dc;true;;;PRIMARY;2026-01-01;;100;true;Flight-level: B6677 at JFK is fuelled by the second supplier.;2026-09-23T00:00:00Z;SEED_B6_ADSB;2026-09-23T00:00:00Z;SEED_B6_ADSB
1c669835-b07e-5123-af7f-ce6002bc3b60;B67;JFK;B6;9cbcf4a4-d850-50e3-92d0-466e0759850c;e92af3b9-8f34-532b-9338-f7e8fde211dc;true;;;PRIMARY;2026-01-01;;100;true;Flight-level: B67 at JFK is fuelled by the second supplier.;2026-09-23T00:00:00Z;SEED_B6_ADSB;2026-09-23T00:00:00Z;SEED_B6_ADSB
2ec8fabb-5bcb-5d86-9667-8cb8e31760ee;B671;JFK;B6;9cbcf4a4-d850-50e3-92d0-466e0759850c;e92af3b9-8f34-532b-9338-f7e8fde211dc;true;;;PRIMARY;2026-01-01;;100;true;Flight-level: B671 at JFK is fuelled by the second supplier.;2026-09-23T00:00:00Z;SEED_B6_ADSB;2026-09-23T00:00:00Z;SEED_B6_ADSB
c40af350-4947-5839-bf19-11db95cb5490;B6719;JFK;B6;9cbcf4a4-d850-50e3-92d0-466e0759850c;e92af3b9-8f34-532b-9338-f7e8fde211dc;true;;;PRIMARY;2026-01-01;;100;true;Flight-level: B6719 at JFK is fuelled by the second supplier.;2026-09-23T00:00:00Z;SEED_B6_ADSB;2026-09-23T00:00:00Z;SEED_B6_ADSB
42772448-f969-5e2b-bc38-2fc28e822d0e;B675;JFK;B6;9cbcf4a4-d850-50e3-92d0-466e0759850c;e92af3b9-8f34-532b-9338-f7e8fde211dc;true;;;PRIMARY;2026-01-01;;100;true;Flight-level: B675 at JFK is fuelled by the second supplier.;2026-09-23T00:00:00Z;SEED_B6_ADSB;2026-09-23T00:00:00Z;SEED_B6_ADSB
a73ffd7c-ecd2-56ce-a0a1-cbf587a67989;B68358;JFK;B6;9cbcf4a4-d850-50e3-92d0-466e0759850c;e92af3b9-8f34-532b-9338-f7e8fde211dc;true;;;PRIMARY;2026-01-01;;100;true;Flight-level: B68358 at JFK is fuelled by the second supplier.;2026-09-23T00:00:00Z;SEED_B6_ADSB;2026-09-23T00:00:00Z;SEED_B6_ADSB
fba34593-2c25-5074-a1b8-105f747839f7;B6841;JFK;B6;9cbcf4a4-d850-50e3-92d0-466e0759850c;e92af3b9-8f34-532b-9338-f7e8fde211dc;true;;;PRIMARY;2026-01-01;;100;true;Flight-level: B6841 at JFK is fuelled by the second supplier.;2026-09-23T00:00:00Z;SEED_B6_ADSB;2026-09-23T00:00:00Z;SEED_B6_ADSB
9edad44a-31c3-5483-9ff7-72693face6d4;B68418;JFK;B6;9cbcf4a4-d850-50e3-92d0-466e0759850c;e92af3b9-8f34-532b-9338-f7e8fde211dc;true;;;PRIMARY;2026-01-01;;100;true;Flight-level: B68418 at JFK is fuelled by the second supplier.;2026-09-23T00:00:00Z;SEED_B6_ADSB;2026-09-23T00:00:00Z;SEED_B6_ADSB
4e9eb74a-725a-5e98-b1f1-108b0827c1cb;B6883;JFK;B6;9cbcf4a4-d850-50e3-92d0-466e0759850c;e92af3b9-8f34-532b-9338-f7e8fde211dc;true;;;PRIMARY;2026-01-01;;100;true;Flight-level: B6883 at JFK is fuelled by the second supplier.;2026-09-23T00:00:00Z;SEED_B6_ADSB;2026-09-23T00:00:00Z;SEED_B6_ADSB
ac91dd6f-b2f5-5af7-a21b-59372c0f3c2d;B6920;JFK;B6;9cbcf4a4-d850-50e3-92d0-466e0759850c;e92af3b9-8f34-532b-9338-f7e8fde211dc;true;;;PRIMARY;2026-01-01;;100;true;Flight-level: B6920 at JFK is fuelled by the second supplier.;2026-09-23T00:00:00Z;SEED_B6_ADSB;2026-09-23T00:00:00Z;SEED_B6_ADSB
9405ba8b-efbd-5a92-956c-33f9bb86a398;B6953;JFK;B6;9cbcf4a4-d850-50e3-92d0-466e0759850c;e92af3b9-8f34-532b-9338-f7e8fde211dc;true;;;PRIMARY;2026-01-01;;100;true;Flight-level: B6953 at JFK is fuelled by the second supplier.;2026-09-23T00:00:00Z;SEED_B6_ADSB;2026-09-23T00:00:00Z;SEED_B6_ADSB
a1611239-b6de-5e10-aaf4-87888bebf9f0;B61024;LAX;B6;b3426936-fb7a-59e0-adae-13e8ff46692f;b47cfca3-de3e-54c7-9f86-2d35396a23b9;true;;;PRIMARY;2026-01-01;;100;true;Flight-level: B61024 at LAX is fuelled by the second supplier.;2026-09-23T00:00:00Z;SEED_B6_ADSB;2026-09-23T00:00:00Z;SEED_B6_ADSB
b33ae19a-9f04-5142-a571-b83f0290e52e;B61200;LAX;B6;b3426936-fb7a-59e0-adae-13e8ff46692f;b47cfca3-de3e-54c7-9f86-2d35396a23b9;true;;;PRIMARY;2026-01-01;;100;true;Flight-level: B61200 at LAX is fuelled by the second supplier.;2026-09-23T00:00:00Z;SEED_B6_ADSB;2026-09-23T00:00:00Z;SEED_B6_ADSB
3f063e83-c05a-531d-83c7-2173613414df;B61224;LAX;B6;b3426936-fb7a-59e0-adae-13e8ff46692f;b47cfca3-de3e-54c7-9f86-2d35396a23b9;true;;;PRIMARY;2026-01-01;;100;true;Flight-level: B61224 at LAX is fuelled by the second supplier.;2026-09-23T00:00:00Z;SEED_B6_ADSB;2026-09-23T00:00:00Z;SEED_B6_ADSB
ba32c806-083f-5118-912e-1483319b0172;B61574;LAX;B6;b3426936-fb7a-59e0-adae-13e8ff46692f;b47cfca3-de3e-54c7-9f86-2d35396a23b9;true;;;PRIMARY;2026-01-01;;100;true;Flight-level: B61574 at LAX is fuelled by the second supplier.;2026-09-23T00:00:00Z;SEED_B6_ADSB;2026-09-23T00:00:00Z;SEED_B6_ADSB
4cf32702-a2dc-51fa-9f1e-5833ffd9ab7b;B62088;LAX;B6;b3426936-fb7a-59e0-adae-13e8ff46692f;b47cfca3-de3e-54c7-9f86-2d35396a23b9;true;;;PRIMARY;2026-01-01;;100;true;Flight-level: B62088 at LAX is fuelled by the second supplier.;2026-09-23T00:00:00Z;SEED_B6_ADSB;2026-09-23T00:00:00Z;SEED_B6_ADSB
9ddd6f56-c8ed-5ef9-9a6c-b6608651a7a9;B6288;LAX;B6;b3426936-fb7a-59e0-adae-13e8ff46692f;b47cfca3-de3e-54c7-9f86-2d35396a23b9;true;;;PRIMARY;2026-01-01;;100;true;Flight-level: B6288 at LAX is fuelled by the second supplier.;2026-09-23T00:00:00Z;SEED_B6_ADSB;2026-09-23T00:00:00Z;SEED_B6_ADSB
2fef6af2-248b-5a6a-a600-a9c8ca35b7dc;B6424;LAX;B6;b3426936-fb7a-59e0-adae-13e8ff46692f;b47cfca3-de3e-54c7-9f86-2d35396a23b9;true;;;PRIMARY;2026-01-01;;100;true;Flight-level: B6424 at LAX is fuelled by the second supplier.;2026-09-23T00:00:00Z;SEED_B6_ADSB;2026-09-23T00:00:00Z;SEED_B6_ADSB
b3d1cb61-4ce4-5d12-a66f-e07124b4b689;B6988;LAX;B6;b3426936-fb7a-59e0-adae-13e8ff46692f;b47cfca3-de3e-54c7-9f86-2d35396a23b9;true;;;PRIMARY;2026-01-01;;100;true;Flight-level: B6988 at LAX is fuelled by the second supplier.;2026-09-23T00:00:00Z;SEED_B6_ADSB;2026-09-23T00:00:00Z;SEED_B6_ADSB
e531c5e0-52ef-5f9e-86f9-ee3af42e5a38;B61042;MCO;B6;9cbcf4a4-d850-50e3-92d0-466e0759850c;e92af3b9-8f34-532b-9338-f7e8fde211dc;true;;;PRIMARY;2026-01-01;;100;true;Flight-level: B61042 at MCO is fuelled by the second supplier.;2026-09-23T00:00:00Z;SEED_B6_ADSB;2026-09-23T00:00:00Z;SEED_B6_ADSB
c0490ec9-ae15-5116-90ac-9ac360cadb85;B61075;MCO;B6;9cbcf4a4-d850-50e3-92d0-466e0759850c;e92af3b9-8f34-532b-9338-f7e8fde211dc;true;;;PRIMARY;2026-01-01;;100;true;Flight-level: B61075 at MCO is fuelled by the second supplier.;2026-09-23T00:00:00Z;SEED_B6_ADSB;2026-09-23T00:00:00Z;SEED_B6_ADSB
fb34aa64-cb37-58ef-b3c7-c56b5c7548b3;B61098;MCO;B6;9cbcf4a4-d850-50e3-92d0-466e0759850c;e92af3b9-8f34-532b-9338-f7e8fde211dc;true;;;PRIMARY;2026-01-01;;100;true;Flight-level: B61098 at MCO is fuelled by the second supplier.;2026-09-23T00:00:00Z;SEED_B6_ADSB;2026-09-23T00:00:00Z;SEED_B6_ADSB
53df506f-9915-513e-905f-da48b432b512;B61133;MCO;B6;9cbcf4a4-d850-50e3-92d0-466e0759850c;e92af3b9-8f34-532b-9338-f7e8fde211dc;true;;;PRIMARY;2026-01-01;;100;true;Flight-level: B61133 at MCO is fuelled by the second supplier.;2026-09-23T00:00:00Z;SEED_B6_ADSB;2026-09-23T00:00:00Z;SEED_B6_ADSB
555c8019-25ab-59f0-b5b2-328238be99b2;B61184;MCO;B6;9cbcf4a4-d850-50e3-92d0-466e0759850c;e92af3b9-8f34-532b-9338-f7e8fde211dc;true;;;PRIMARY;2026-01-01;;100;true;Flight-level: B61184 at MCO is fuelled by the second supplier.;2026-09-23T00:00:00Z;SEED_B6_ADSB;2026-09-23T00:00:00Z;SEED_B6_ADSB
aa95182f-2e2f-5e26-87e3-c9ceda890f36;B6133;MCO;B6;9cbcf4a4-d850-50e3-92d0-466e0759850c;e92af3b9-8f34-532b-9338-f7e8fde211dc;true;;;PRIMARY;2026-01-01;;100;true;Flight-level: B6133 at MCO is fuelled by the second supplier.;2026-09-23T00:00:00Z;SEED_B6_ADSB;2026-09-23T00:00:00Z;SEED_B6_ADSB
1e6ba5d7-e989-58e1-bbc0-dab91576e0ac;B61333;MCO;B6;9cbcf4a4-d850-50e3-92d0-466e0759850c;e92af3b9-8f34-532b-9338-f7e8fde211dc;true;;;PRIMARY;2026-01-01;;100;true;Flight-level: B61333 at MCO is fuelled by the second supplier.;2026-09-23T00:00:00Z;SEED_B6_ADSB;2026-09-23T00:00:00Z;SEED_B6_ADSB
ff84a4a1-3331-581f-960f-33107ef5b71a;B61728;MCO;B6;9cbcf4a4-d850-50e3-92d0-466e0759850c;e92af3b9-8f34-532b-9338-f7e8fde211dc;true;;;PRIMARY;2026-01-01;;100;true;Flight-level: B61728 at MCO is fuelled by the second supplier.;2026-09-23T00:00:00Z;SEED_B6_ADSB;2026-09-23T00:00:00Z;SEED_B6_ADSB
771fc0c7-10d8-5f90-a8be-0d6824fc318e;B61947;MCO;B6;9cbcf4a4-d850-50e3-92d0-466e0759850c;e92af3b9-8f34-532b-9338-f7e8fde211dc;true;;;PRIMARY;2026-01-01;;100;true;Flight-level: B61947 at MCO is fuelled by the second supplier.;2026-09-23T00:00:00Z;SEED_B6_ADSB;2026-09-23T00:00:00Z;SEED_B6_ADSB
576b4b1c-9fce-5150-8a3d-c4554185a460;B62128;MCO;B6;9cbcf4a4-d850-50e3-92d0-466e0759850c;e92af3b9-8f34-532b-9338-f7e8fde211dc;true;;;PRIMARY;2026-01-01;;100;true;Flight-level: B62128 at MCO is fuelled by the second supplier.;2026-09-23T00:00:00Z;SEED_B6_ADSB;2026-09-23T00:00:00Z;SEED_B6_ADSB
08fbbcdf-a512-5b96-bf0d-4c7134deb94d;B62424;MCO;B6;9cbcf4a4-d850-50e3-92d0-466e0759850c;e92af3b9-8f34-532b-9338-f7e8fde211dc;true;;;PRIMARY;2026-01-01;;100;true;Flight-level: B62424 at MCO is fuelled by the second supplier.;2026-09-23T00:00:00Z;SEED_B6_ADSB;2026-09-23T00:00:00Z;SEED_B6_ADSB
c6856d33-6308-5275-bb24-da944c14633a;B62547;MCO;B6;9cbcf4a4-d850-50e3-92d0-466e0759850c;e92af3b9-8f34-532b-9338-f7e8fde211dc;true;;;PRIMARY;2026-01-01;;100;true;Flight-level: B62547 at MCO is fuelled by the second supplier.;2026-09-23T00:00:00Z;SEED_B6_ADSB;2026-09-23T00:00:00Z;SEED_B6_ADSB
da0c0a6a-971d-5513-a667-7717d48c5c6b;B62919;MCO;B6;9cbcf4a4-d850-50e3-92d0-466e0759850c;e92af3b9-8f34-532b-9338-f7e8fde211dc;true;;;PRIMARY;2026-01-01;;100;true;Flight-level: B62919 at MCO is fuelled by the second supplier.;2026-09-23T00:00:00Z;SEED_B6_ADSB;2026-09-23T00:00:00Z;SEED_B6_ADSB
f382b4c4-7a11-5f62-a8b0-aec2bc5a7a07;B62984;MCO;B6;9cbcf4a4-d850-50e3-92d0-466e0759850c;e92af3b9-8f34-532b-9338-f7e8fde211dc;true;;;PRIMARY;2026-01-01;;100;true;Flight-level: B62984 at MCO is fuelled by the second supplier.;2026-09-23T00:00:00Z;SEED_B6_ADSB;2026-09-23T00:00:00Z;SEED_B6_ADSB
bca91c8d-5167-5310-b484-0cd9d86307e6;B6552;MCO;B6;9cbcf4a4-d850-50e3-92d0-466e0759850c;e92af3b9-8f34-532b-9338-f7e8fde211dc;true;;;PRIMARY;2026-01-01;;100;true;Flight-level: B6552 at MCO is fuelled by the second supplier.;2026-09-23T00:00:00Z;SEED_B6_ADSB;2026-09-23T00:00:00Z;SEED_B6_ADSB
d2f7ac78-dfed-5ec8-b6da-69dda8376f12;B6605;MCO;B6;9cbcf4a4-d850-50e3-92d0-466e0759850c;e92af3b9-8f34-532b-9338-f7e8fde211dc;true;;;PRIMARY;2026-01-01;;100;true;Flight-level: B6605 at MCO is fuelled by the second supplier.;2026-09-23T00:00:00Z;SEED_B6_ADSB;2026-09-23T00:00:00Z;SEED_B6_ADSB
6d6780ad-34c6-53c0-a648-c1181a7f4b5b;B6670;MCO;B6;9cbcf4a4-d850-50e3-92d0-466e0759850c;e92af3b9-8f34-532b-9338-f7e8fde211dc;true;;;PRIMARY;2026-01-01;;100;true;Flight-level: B6670 at MCO is fuelled by the second supplier.;2026-09-23T00:00:00Z;SEED_B6_ADSB;2026-09-23T00:00:00Z;SEED_B6_ADSB
c7b08760-2f71-5b8a-b419-1cbaaaa7f454;B68378;MCO;B6;9cbcf4a4-d850-50e3-92d0-466e0759850c;e92af3b9-8f34-532b-9338-f7e8fde211dc;true;;;PRIMARY;2026-01-01;;100;true;Flight-level: B68378 at MCO is fuelled by the second supplier.;2026-09-23T00:00:00Z;SEED_B6_ADSB;2026-09-23T00:00:00Z;SEED_B6_ADSB
007197f0-d271-5447-81fb-c72e21365d93;B694;MCO;B6;9cbcf4a4-d850-50e3-92d0-466e0759850c;e92af3b9-8f34-532b-9338-f7e8fde211dc;true;;;PRIMARY;2026-01-01;;100;true;Flight-level: B694 at MCO is fuelled by the second supplier.;2026-09-23T00:00:00Z;SEED_B6_ADSB;2026-09-23T00:00:00Z;SEED_B6_ADSB
