ID;market_index_ID;effective_date;index_value;previous_value;daily_change;daily_change_pct;high_value;low_value;average_value;import_source;import_batch_id;imported_at;imported_by;verification_status;verified_by;verified_at;verification_notes;is_estimated;is_holiday;is_corrected;correction_reason;is_current;restates_ID;created_at;created_by;modified_at;modified_by
550e8400-e29b-41d4-a716-446655446401;550e8400-e29b-41d4-a716-446655446001;2026-01-17;82.5000;81.7500;0.7500;0.92;;;;PLATTS-SG-20260117;BATCH-20260117-001;2026-01-17T17:00:00Z;index.import@airline.com;VERIFIED;pricing.admin@airline.com;2026-01-17T17:00:00Z;;false;false;false;;true;;2026-01-17T17:00:00Z;index.import@airline.com;2026-01-17T17:00:00Z;index.import@airline.com
550e8400-e29b-41d4-a716-446655446402;550e8400-e29b-41d4-a716-446655446001;2026-01-16;81.7500;83.2500;-1.5000;-1.80;;;;PLATTS-SG-20260116;BATCH-20260116-001;2026-01-16T17:00:00Z;index.import@airline.com;VERIFIED;pricing.admin@airline.com;2026-01-16T17:00:00Z;;false;false;false;;true;;2026-01-16T17:00:00Z;index.import@airline.com;2026-01-16T17:00:00Z;index.import@airline.com
550e8400-e29b-41d4-a716-446655446403;550e8400-e29b-41d4-a716-446655446001;2026-01-15;83.2500;82.0000;1.2500;1.52;;;;PLATTS-SG-20260115;BATCH-20260115-001;2026-01-15T17:00:00Z;index.import@airline.com;VERIFIED;pricing.admin@airline.com;2026-01-15T17:00:00Z;;false;false;false;;true;;2026-01-15T17:00:00Z;index.import@airline.com;2026-01-15T17:00:00Z;index.import@airline.com
550e8400-e29b-41d4-a716-446655446404;550e8400-e29b-41d4-a716-446655446002;2026-01-17;78.3000;77.8500;0.4500;0.58;;;;PLATTS-RT-20260117;BATCH-20260117-002;2026-01-17T17:30:00Z;index.import@airline.com;VERIFIED;pricing.admin@airline.com;2026-01-17T17:30:00Z;;false;false;false;;true;;2026-01-17T17:30:00Z;index.import@airline.com;2026-01-17T17:30:00Z;index.import@airline.com
550e8400-e29b-41d4-a716-446655446405;550e8400-e29b-41d4-a716-446655446002;2026-01-16;77.8500;78.5000;-0.6500;-0.83;;;;PLATTS-RT-20260116;BATCH-20260116-002;2026-01-16T17:30:00Z;index.import@airline.com;VERIFIED;pricing.admin@airline.com;2026-01-16T17:30:00Z;;false;false;false;;true;;2026-01-16T17:30:00Z;index.import@airline.com;2026-01-16T17:30:00Z;index.import@airline.com
550e8400-e29b-41d4-a716-446655446406;550e8400-e29b-41d4-a716-446655446003;2026-01-17;80.1500;79.5000;0.6500;0.82;;;;ARGUS-JP-20260117;BATCH-20260117-003;2026-01-17T16:30:00Z;index.import@airline.com;VERIFIED;pricing.admin@airline.com;2026-01-17T16:30:00Z;;false;false;false;;true;;2026-01-17T16:30:00Z;index.import@airline.com;2026-01-17T16:30:00Z;index.import@airline.com
550e8400-e29b-41d4-a716-446655446411;550e8400-e29b-41d4-a716-446655446001;2026-01-05;79.5000;78.9000;0.6000;0.76;79.8000;79.1000;;PLATTS-SG-20260105;BATCH-20260105-001;2026-01-05T17:00:00Z;index.import@airline.com;VERIFIED;pricing.admin@airline.com;2026-01-05T17:00:00Z;;false;false;false;;true;;2026-01-05T17:00:00Z;index.import@airline.com;2026-01-05T17:00:00Z;index.import@airline.com
550e8400-e29b-41d4-a716-446655446412;550e8400-e29b-41d4-a716-446655446001;2026-01-06;80.2500;79.5000;0.7500;0.94;80.6000;79.4000;;PLATTS-SG-20260106;BATCH-20260106-001;2026-01-06T17:00:00Z;index.import@airline.com;VERIFIED;pricing.admin@airline.com;2026-01-06T17:00:00Z;;false;false;false;;true;;2026-01-06T17:00:00Z;index.import@airline.com;2026-01-06T17:00:00Z;index.import@airline.com
550e8400-e29b-41d4-a716-446655446413;550e8400-e29b-41d4-a716-446655446001;2026-01-07;80.8000;80.2500;0.5500;0.69;81.0000;80.1000;;PLATTS-SG-20260107;BATCH-20260107-001;2026-01-07T17:00:00Z;index.import@airline.com;VERIFIED;pricing.admin@airline.com;2026-01-07T17:00:00Z;;false;false;false;;true;;2026-01-07T17:00:00Z;index.import@airline.com;2026-01-07T17:00:00Z;index.import@airline.com
550e8400-e29b-41d4-a716-446655446414;550e8400-e29b-41d4-a716-446655446001;2026-01-08;81.1000;80.8000;0.3000;0.37;81.4000;80.7000;;PLATTS-SG-20260108;BATCH-20260108-001;2026-01-08T17:00:00Z;index.import@airline.com;VERIFIED;pricing.admin@airline.com;2026-01-08T17:00:00Z;;false;false;false;;true;;2026-01-08T17:00:00Z;index.import@airline.com;2026-01-08T17:00:00Z;index.import@airline.com
550e8400-e29b-41d4-a716-446655446415;550e8400-e29b-41d4-a716-446655446001;2026-01-09;82.0000;81.1000;0.9000;1.11;82.3000;81.0000;;PLATTS-SG-20260109;BATCH-20260109-001;2026-01-09T17:00:00Z;index.import@airline.com;VERIFIED;pricing.admin@airline.com;2026-01-09T17:00:00Z;;false;false;false;;true;;2026-01-09T17:00:00Z;index.import@airline.com;2026-01-09T17:00:00Z;index.import@airline.com
550e8400-e29b-41d4-a716-446655446416;550e8400-e29b-41d4-a716-446655446001;2026-01-12;82.6000;82.0000;0.6000;0.73;82.9000;81.9000;;PLATTS-SG-20260112;BATCH-20260112-001;2026-01-12T17:00:00Z;index.import@airline.com;VERIFIED;pricing.admin@airline.com;2026-01-12T17:00:00Z;;false;false;false;;true;;2026-01-12T17:00:00Z;index.import@airline.com;2026-01-12T17:00:00Z;index.import@airline.com
550e8400-e29b-41d4-a716-446655446417;550e8400-e29b-41d4-a716-446655446001;2026-01-13;83.4000;82.6000;0.8000;0.97;83.7000;82.5000;;PLATTS-SG-20260113;BATCH-20260113-001;2026-01-13T17:00:00Z;index.import@airline.com;VERIFIED;pricing.admin@airline.com;2026-01-13T17:00:00Z;;false;false;false;;true;;2026-01-13T17:00:00Z;index.import@airline.com;2026-01-13T17:00:00Z;index.import@airline.com
550e8400-e29b-41d4-a716-446655446418;550e8400-e29b-41d4-a716-446655446001;2026-01-14;82.0000;83.4000;-1.4000;-1.68;83.5000;81.8000;;PLATTS-SG-20260114;BATCH-20260114-001;2026-01-14T17:00:00Z;index.import@airline.com;VERIFIED;pricing.admin@airline.com;2026-01-14T17:00:00Z;;false;false;false;;true;;2026-01-14T17:00:00Z;index.import@airline.com;2026-01-14T17:00:00Z;index.import@airline.com
550e8400-e29b-41d4-a716-446655446419;550e8400-e29b-41d4-a716-446655446001;2026-01-19;82.5000;82.5000;0.0000;0.00;;;;MARKET-HOLIDAY;BATCH-20260119-001;2026-01-19T17:00:00Z;index.import@airline.com;VERIFIED;pricing.admin@airline.com;2026-01-19T17:00:00Z;Market holiday. No assessment published, the prior close is carried for continuity only and is excluded from price resolution (PRC411).;true;true;false;;true;;2026-01-19T17:00:00Z;index.import@airline.com;2026-01-19T17:00:00Z;index.import@airline.com
550e8400-e29b-41d4-a716-446655446431;550e8400-e29b-41d4-a716-446655446002;2026-01-12;76.9000;76.5000;0.4000;0.52;77.1000;76.4000;;PLATTS-RT-20260112;BATCH-20260112-002;2026-01-12T17:30:00Z;index.import@airline.com;VERIFIED;pricing.admin@airline.com;2026-01-12T17:30:00Z;;false;false;false;;true;;2026-01-12T17:30:00Z;index.import@airline.com;2026-01-12T17:30:00Z;index.import@airline.com
550e8400-e29b-41d4-a716-446655446432;550e8400-e29b-41d4-a716-446655446002;2026-01-13;77.4000;76.9000;0.5000;0.65;77.6000;76.8000;;PLATTS-RT-20260113;BATCH-20260113-002;2026-01-13T17:30:00Z;index.import@airline.com;VERIFIED;pricing.admin@airline.com;2026-01-13T17:30:00Z;;false;false;false;;true;;2026-01-13T17:30:00Z;index.import@airline.com;2026-01-13T17:30:00Z;index.import@airline.com
550e8400-e29b-41d4-a716-446655446433;550e8400-e29b-41d4-a716-446655446002;2026-01-14;78.1000;77.4000;0.7000;0.90;78.3000;77.3000;;PLATTS-RT-20260114;BATCH-20260114-002;2026-01-14T17:30:00Z;index.import@airline.com;VERIFIED;pricing.admin@airline.com;2026-01-14T17:30:00Z;;false;false;false;;true;;2026-01-14T17:30:00Z;index.import@airline.com;2026-01-14T17:30:00Z;index.import@airline.com
550e8400-e29b-41d4-a716-446655446434;550e8400-e29b-41d4-a716-446655446002;2026-01-15;78.5000;78.1000;0.4000;0.51;78.8000;78.0000;;PLATTS-RT-20260115;BATCH-20260115-002;2026-01-15T17:30:00Z;index.import@airline.com;VERIFIED;pricing.admin@airline.com;2026-01-15T17:30:00Z;;false;false;false;;true;;2026-01-15T17:30:00Z;index.import@airline.com;2026-01-15T17:30:00Z;index.import@airline.com
