ID;contract_number;contract_name;supplier_ID;valid_from;valid_to;contract_type;price_type;currency_code;payment_terms;incoterms;min_volume_kg;max_volume_kg;s4_contract_number;is_active;created_at;created_by;modified_at;modified_by
d4e5f6a7-4444-4000-8000-000000000001;PAL-PETAV-2024-001;Petron Aviation Manila Hub Supply Agreement;b2c3d4e5-2222-4000-8000-000000000001;2024-01-01;2025-12-31;TERM;NATIVE;USD;NET30;DAP;5000000.00;50000000.00;4600000001;true;2024-01-01T00:00:00Z;SYSTEM;2024-01-01T00:00:00Z;SYSTEM
d4e5f6a7-4444-4000-8000-000000000002;PAL-PETRON-2024-001;Petron Domestic Network Agreement;b2c3d4e5-2222-4000-8000-000000000003;2024-01-01;2025-12-31;TERM;NATIVE;PHP;NET45;DAP;3000000.00;30000000.00;4600000002;true;2024-01-01T00:00:00Z;SYSTEM;2024-01-01T00:00:00Z;SYSTEM
d4e5f6a7-4444-4000-8000-000000000003;PAL-BP-2024-001;BP Singapore Operations Contract;b2c3d4e5-2222-4000-8000-000000000002;2024-01-01;2025-12-31;TERM;CPE;USD;NET30;FCA;4000000.00;40000000.00;4600000003;true;2024-01-01T00:00:00Z;SYSTEM;2024-01-01T00:00:00Z;SYSTEM
d4e5f6a7-4444-4000-8000-000000000004;PAL-TOTAL-2024-001;TotalEnergies Dubai Supply;b2c3d4e5-2222-4000-8000-000000000004;2024-01-01;2025-12-31;TERM;CPE;USD;NET30;DAP;2000000.00;25000000.00;4600000004;true;2024-01-01T00:00:00Z;SYSTEM;2024-01-01T00:00:00Z;SYSTEM
d4e5f6a7-4444-4000-8000-000000000005;PAL-SINOPEC-2024-001;Sinopec Hong Kong Agreement;b2c3d4e5-2222-4000-8000-000000000005;2024-01-01;2025-12-31;TERM;CPE;USD;NET30;DAP;2500000.00;28000000.00;4600000005;true;2024-01-01T00:00:00Z;SYSTEM;2024-01-01T00:00:00Z;SYSTEM
d4e5f6a7-4444-4000-8000-000000000006;PAL-CALTEX-2024-001;Caltex Australia Supply Agreement;b2c3d4e5-2222-4000-8000-000000000006;2024-01-01;2025-12-31;TERM;NATIVE;AUD;NET45;DAP;1500000.00;18000000.00;4600000006;true;2024-01-01T00:00:00Z;SYSTEM;2024-01-01T00:00:00Z;SYSTEM
d4e5f6a7-4444-4000-8000-00000000A001;AC-WFS-2025-001;World Fuel Services YYZ Hub Agreement;b2c3d4e5-2222-4000-8000-00000000A001;2025-01-01;2026-12-31;TERM;CPE;CAD;NET30;DAP;10000000.00;100000000.00;4600100001;true;2025-01-01T00:00:00Z;SYSTEM;2026-08-25T00:00:00Z;S1_CORRECTION
d4e5f6a7-4444-4000-8000-00000000A002;AC-MENZ-2025-001;Menzies Aviation YVR Supply;b2c3d4e5-2222-4000-8000-00000000A002;2025-01-01;2026-12-31;TERM;CPE;CAD;NET30;DAP;8000000.00;80000000.00;4600100002;true;2025-01-01T00:00:00Z;SYSTEM;2025-01-01T00:00:00Z;SYSTEM
d4e5f6a7-4444-4000-8000-00000000A003;AC-BPUK-2025-001;BP Aviation LHR Supply;b2c3d4e5-2222-4000-8000-00000000A003;2025-01-01;2026-12-31;TERM;CPE;USD;NET30;FCA;12000000.00;120000000.00;4600100003;true;2025-01-01T00:00:00Z;SYSTEM;2025-01-01T00:00:00Z;SYSTEM
d4e5f6a7-4444-4000-8000-00000000A004;AC-TOTAL-2025-001;TotalEnergies CDG Supply;b2c3d4e5-2222-4000-8000-00000000A004;2025-01-01;2026-12-31;TERM;CPE;EUR;NET30;DAP;9000000.00;90000000.00;4600100004;true;2025-01-01T00:00:00Z;SYSTEM;2025-01-01T00:00:00Z;SYSTEM
d4e5f6a7-4444-4000-8000-00000000A005;AC-MENZ-2025-004;Menzies Aviation YYZ Into-Plane Handling;b2c3d4e5-2222-4000-8000-00000000A002;2025-01-01;2026-12-31;TERM;CPE;CAD;NET30;DAP;;;;true;2025-01-01T00:00:00Z;WP_D_SEED;2025-01-01T00:00:00Z;WP_D_SEED
f2256ffc-21e1-54f2-b423-66fab7b5cb80;B6-ASA-2026-001;JetBlue ASA Combustibles into-plane supply 2026;5e3bfbd6-666f-54bb-970e-5910f4839ae6;2026-01-01;2026-12-31;TERM;CPE;USD;NET30;DAP;1000000.00;250000000.00;4600300001;true;2026-09-23T00:00:00Z;SEED_B6_ADSB;2026-09-23T00:00:00Z;SEED_B6_ADSB
e49a7f1e-2f5e-5334-814a-1f0a6b73d93f;B6-ATI-2026-001;JetBlue Air Total International into-plane supply 2026;b2c3d4e5-2222-4000-8000-00000000A004;2026-01-01;2026-12-31;TERM;CPE;USD;NET30;DAP;1000000.00;250000000.00;4600300002;true;2026-09-23T00:00:00Z;SEED_B6_ADSB;2026-09-23T00:00:00Z;SEED_B6_ADSB
792a6ba1-b667-5cf8-9c70-5744b46387f0;B6-AVF-2026-001;JetBlue Avfuel Corporation into-plane supply 2026;16f32e0a-4b0f-5ca7-911e-f5511a88fec9;2026-01-01;2026-12-31;TERM;CPE;USD;NET30;DAP;1000000.00;250000000.00;4600300003;true;2026-09-23T00:00:00Z;SEED_B6_ADSB;2026-09-23T00:00:00Z;SEED_B6_ADSB
49010efb-7c9c-5f11-a657-98aca9eca5c4;B6-BPK-2026-001;JetBlue BP Aviation United Kingdom into-plane supply 2026;b2c3d4e5-2222-4000-8000-00000000A003;2026-01-01;2026-12-31;TERM;CPE;USD;NET30;DAP;1000000.00;250000000.00;4600300004;true;2026-09-23T00:00:00Z;SEED_B6_ADSB;2026-09-23T00:00:00Z;SEED_B6_ADSB
9b46c120-d3ef-5f30-98c1-c5faa73ab1a0;B6-BPA-2026-001;JetBlue BP Air US into-plane supply 2026;c71bcd6b-2e4b-57e0-8347-9b433d6540bf;2026-01-01;2026-12-31;TERM;CPE;USD;NET30;DAP;1000000.00;250000000.00;4600300005;true;2026-09-23T00:00:00Z;SEED_B6_ADSB;2026-09-23T00:00:00Z;SEED_B6_ADSB
a759301a-5824-54a0-8aed-373fe5a84b07;B6-CGA-2026-001;JetBlue Chevron Global Aviation into-plane supply 2026;91e228e1-8277-533a-9d05-e4a828f1eb9a;2026-01-01;2026-12-31;TERM;CPE;USD;NET30;DAP;1000000.00;250000000.00;4600300006;true;2026-09-23T00:00:00Z;SEED_B6_ADSB;2026-09-23T00:00:00Z;SEED_B6_ADSB
a7972b10-79c6-55ed-9c8c-1b21b5aa5f83;B6-ENI-2026-001;JetBlue Eni Aviation into-plane supply 2026;92159baf-781b-5587-b5e8-e00ea05bfd55;2026-01-01;2026-12-31;TERM;CPE;USD;NET30;DAP;1000000.00;250000000.00;4600300007;true;2026-09-23T00:00:00Z;SEED_B6_ADSB;2026-09-23T00:00:00Z;SEED_B6_ADSB
6555079a-68fb-59df-984a-6f72a9610634;B6-PMA-2026-001;JetBlue Puma Energy Caribe into-plane supply 2026;10eec694-2215-5ab7-b190-82c6f6d19e32;2026-01-01;2026-12-31;TERM;CPE;USD;NET30;DAP;1000000.00;250000000.00;4600300008;true;2026-09-23T00:00:00Z;SEED_B6_ADSB;2026-09-23T00:00:00Z;SEED_B6_ADSB
50898968-4450-5b53-b38a-f70c60700d78;B6-REP-2026-001;JetBlue Repsol Aviacion into-plane supply 2026;bb7e30f3-e06d-55b5-9aed-505a4782d39c;2026-01-01;2026-12-31;TERM;CPE;USD;NET30;DAP;1000000.00;250000000.00;4600300009;true;2026-09-23T00:00:00Z;SEED_B6_ADSB;2026-09-23T00:00:00Z;SEED_B6_ADSB
ea9cdcb5-6368-5d98-9045-af7b0d53dcf9;B6-SNL-2026-001;JetBlue Shell Aviation Netherlands into-plane supply 2026;e8419364-5a26-5c6d-82db-0f65e849db45;2026-01-01;2026-12-31;TERM;CPE;USD;NET30;DAP;1000000.00;250000000.00;4600300010;true;2026-09-23T00:00:00Z;SEED_B6_ADSB;2026-09-23T00:00:00Z;SEED_B6_ADSB
e92af3b9-8f34-532b-9338-f7e8fde211dc;B6-SHL-2026-001;JetBlue Shell Aviation LLC into-plane supply 2026;9cbcf4a4-d850-50e3-92d0-466e0759850c;2026-01-01;2026-12-31;TERM;CPE;USD;NET30;DAP;1000000.00;250000000.00;4600300011;true;2026-09-23T00:00:00Z;SEED_B6_ADSB;2026-09-23T00:00:00Z;SEED_B6_ADSB
990a9d01-9d97-5e4d-9d74-d1751909a090;B6-SOL-2026-001;JetBlue Sol Aviation Services into-plane supply 2026;05940ddf-01dc-5d65-ad59-debc77d2b585;2026-01-01;2026-12-31;TERM;CPE;USD;NET30;DAP;1000000.00;250000000.00;4600300012;true;2026-09-23T00:00:00Z;SEED_B6_ADSB;2026-09-23T00:00:00Z;SEED_B6_ADSB
2b6afdc9-da40-52df-9ab2-adefc26750e6;B6-WFC-2026-001;JetBlue World Fuel Services Canada into-plane supply 2026;b2c3d4e5-2222-4000-8000-00000000A001;2026-01-01;2026-12-31;TERM;CPE;USD;NET30;DAP;1000000.00;250000000.00;4600300013;true;2026-09-23T00:00:00Z;SEED_B6_ADSB;2026-09-23T00:00:00Z;SEED_B6_ADSB
b47cfca3-de3e-54c7-9f86-2d35396a23b9;B6-WFS-2026-001;JetBlue World Fuel Services Inc into-plane supply 2026;b3426936-fb7a-59e0-adae-13e8ff46692f;2026-01-01;2026-12-31;TERM;CPE;USD;NET30;DAP;1000000.00;250000000.00;4600300014;true;2026-09-23T00:00:00Z;SEED_B6_ADSB;2026-09-23T00:00:00Z;SEED_B6_ADSB
