land1;landx;landx50;natio;landgr;currcode;spras;is_active
PH;Philippines;Republic of the Philippines;FIL;SEA;PHP;E;true
SG;Singapore;Republic of Singapore;SGP;SEA;SGD;E;true
MY;Malaysia;Malaysia;MYS;SEA;MYR;E;true
AE;United Arab Emirates;United Arab Emirates;UAE;MEA;AED;E;true
JP;Japan;Japan;JPN;NEA;JPY;E;true
US;United States;United States of America;USA;NAM;USD;E;true
AU;Australia;Commonwealth of Australia;AUS;OCE;AUD;E;true
HK;Hong Kong;Hong Kong SAR;HKG;NEA;HKD;E;true
TH;Thailand;Kingdom of Thailand;THA;SEA;THB;E;true
CA;Canada;Canada;CAN;NAM;CAD;E;true
GB;United Kingdom;United Kingdom of Great Britain;GBR;EUR;GBP;E;true
FR;France;French Republic;FRA;EUR;EUR;E;true
BM;Bermuda;Bermuda;BER;NAM;BMD;E;true
CR;Costa Rica;Republic of Costa Rica;COS;LAM;CRC;E;true
ES;Spain;Kingdom of Spain;SPA;EUR;EUR;E;true
IE;Ireland;Ireland;IRI;EUR;EUR;E;true
IT;Italy;Italian Republic;ITA;EUR;EUR;E;true
JM;Jamaica;Jamaica;JAM;LAM;JMD;E;true
MX;Mexico;United Mexican States;MEX;LAM;MXN;E;true
NL;Netherlands;Kingdom of the Netherlands;DUT;EUR;EUR;E;true
PR;Puerto Rico;Commonwealth of Puerto Rico;PUE;NAM;USD;E;true
TT;Trinidad and Tobago;Republic of Trinidad and Tobago;TRI;LAM;TTD;E;true
