ID;supplier_code;supplier_name;supplier_type;country_code;iata_code;icao_code;parent_supplier_ID;payment_terms;s4_vendor_no;is_active;created_at;created_by;modified_at;modified_by
b2c3d4e5-2222-4000-8000-000000000001;PETAV01;Petron Aviation Philippines;EXTERNAL;PH;;;;NT30;1000001;true;2024-01-01T00:00:00Z;SYSTEM;2024-01-01T00:00:00Z;SYSTEM
b2c3d4e5-2222-4000-8000-000000000002;BP001;BP Aviation Services;EXTERNAL;SG;;;;NT30;1000002;true;2024-01-01T00:00:00Z;SYSTEM;2024-01-01T00:00:00Z;SYSTEM
b2c3d4e5-2222-4000-8000-000000000003;PETRON01;Petron Corporation Aviation;EXTERNAL;PH;;;;NT45;1000003;true;2024-01-01T00:00:00Z;SYSTEM;2024-01-01T00:00:00Z;SYSTEM
b2c3d4e5-2222-4000-8000-000000000004;TOTAL001;TotalEnergies Aviation;EXTERNAL;AE;;;;NT30;1000004;true;2024-01-01T00:00:00Z;SYSTEM;2024-01-01T00:00:00Z;SYSTEM
b2c3d4e5-2222-4000-8000-000000000005;SINOP001;Sinopec Fuel Oil;EXTERNAL;HK;;;;NT30;1000005;true;2024-01-01T00:00:00Z;SYSTEM;2024-01-01T00:00:00Z;SYSTEM
b2c3d4e5-2222-4000-8000-000000000006;CALTEX01;Caltex Australia Aviation;EXTERNAL;AU;;;;NT30;1000006;true;2024-01-01T00:00:00Z;SYSTEM;2024-01-01T00:00:00Z;SYSTEM
b2c3d4e5-2222-4000-8000-00000000A001;WFS001;World Fuel Services Canada;EXTERNAL;CA;;;;NT30;2000001;true;2024-01-01T00:00:00Z;SYSTEM;2024-01-01T00:00:00Z;SYSTEM
b2c3d4e5-2222-4000-8000-00000000A002;MENZ001;Menzies Aviation Fueling;EXTERNAL;CA;;;;NT30;2000002;true;2024-01-01T00:00:00Z;SYSTEM;2024-01-01T00:00:00Z;SYSTEM
b2c3d4e5-2222-4000-8000-00000000A003;BPUK001;BP Aviation United Kingdom;EXTERNAL;GB;;;;NT30;2000003;true;2024-01-01T00:00:00Z;SYSTEM;2024-01-01T00:00:00Z;SYSTEM
b2c3d4e5-2222-4000-8000-00000000A004;ATINT01;Air Total International;EXTERNAL;FR;;;;NT30;2000004;true;2024-01-01T00:00:00Z;SYSTEM;2024-01-01T00:00:00Z;SYSTEM
5e3bfbd6-666f-54bb-970e-5910f4839ae6;ASAMX01;ASA Combustibles;EXTERNAL;MX;;;;NET30;0000300100;true;2026-09-23T00:00:00Z;SEED_B6_ADSB;2026-09-23T00:00:00Z;SEED_B6_ADSB
16f32e0a-4b0f-5ca7-911e-f5511a88fec9;AVFUEL01;Avfuel Corporation;EXTERNAL;US;;;;NET30;0000300102;true;2026-09-23T00:00:00Z;SEED_B6_ADSB;2026-09-23T00:00:00Z;SEED_B6_ADSB
c71bcd6b-2e4b-57e0-8347-9b433d6540bf;BPUS01;BP Air US;EXTERNAL;US;;;;NET30;0000300104;true;2026-09-23T00:00:00Z;SEED_B6_ADSB;2026-09-23T00:00:00Z;SEED_B6_ADSB
91e228e1-8277-533a-9d05-e4a828f1eb9a;CHEVUS01;Chevron Global Aviation;EXTERNAL;US;;;;NET30;0000300105;true;2026-09-23T00:00:00Z;SEED_B6_ADSB;2026-09-23T00:00:00Z;SEED_B6_ADSB
92159baf-781b-5587-b5e8-e00ea05bfd55;ENIAV01;Eni Aviation;EXTERNAL;IT;;;;NET30;0000300106;true;2026-09-23T00:00:00Z;SEED_B6_ADSB;2026-09-23T00:00:00Z;SEED_B6_ADSB
10eec694-2215-5ab7-b190-82c6f6d19e32;PUMAPR01;Puma Energy Caribe;EXTERNAL;PR;;;;NET30;0000300107;true;2026-09-23T00:00:00Z;SEED_B6_ADSB;2026-09-23T00:00:00Z;SEED_B6_ADSB
bb7e30f3-e06d-55b5-9aed-505a4782d39c;REPSOL01;Repsol Aviacion;EXTERNAL;ES;;;;NET30;0000300108;true;2026-09-23T00:00:00Z;SEED_B6_ADSB;2026-09-23T00:00:00Z;SEED_B6_ADSB
e8419364-5a26-5c6d-82db-0f65e849db45;SHELLNL01;Shell Aviation Netherlands;EXTERNAL;NL;;;;NET30;0000300109;true;2026-09-23T00:00:00Z;SEED_B6_ADSB;2026-09-23T00:00:00Z;SEED_B6_ADSB
9cbcf4a4-d850-50e3-92d0-466e0759850c;SHELLUS01;Shell Aviation LLC;EXTERNAL;US;;;;NET30;0000300110;true;2026-09-23T00:00:00Z;SEED_B6_ADSB;2026-09-23T00:00:00Z;SEED_B6_ADSB
05940ddf-01dc-5d65-ad59-debc77d2b585;SOLCAR01;Sol Aviation Services;EXTERNAL;JM;;;;NET30;0000300111;true;2026-09-23T00:00:00Z;SEED_B6_ADSB;2026-09-23T00:00:00Z;SEED_B6_ADSB
b3426936-fb7a-59e0-adae-13e8ff46692f;WFSUS01;World Fuel Services Inc;EXTERNAL;US;;;;NET30;0000300113;true;2026-09-23T00:00:00Z;SEED_B6_ADSB;2026-09-23T00:00:00Z;SEED_B6_ADSB
