ID;contract_ID;product_ID;product_premium;min_quantity;max_quantity;is_default;is_active;created_at;created_by;modified_at;modified_by
49d0e1f2-9999-4000-8000-000000000001;d4e5f6a7-4444-4000-8000-000000000001;c3d4e5f6-3333-4000-8000-000000000001;0.0000;500.00;50000.00;true;true;2024-01-01T00:00:00Z;SYSTEM;2024-01-01T00:00:00Z;SYSTEM
49d0e1f2-9999-4000-8000-000000000002;d4e5f6a7-4444-4000-8000-000000000001;c3d4e5f6-3333-4000-8000-000000000002;0.0050;500.00;30000.00;false;true;2024-01-01T00:00:00Z;SYSTEM;2024-01-01T00:00:00Z;SYSTEM
49d0e1f2-9999-4000-8000-000000000003;d4e5f6a7-4444-4000-8000-000000000002;c3d4e5f6-3333-4000-8000-000000000001;0.0000;500.00;40000.00;true;true;2024-01-01T00:00:00Z;SYSTEM;2024-01-01T00:00:00Z;SYSTEM
49d0e1f2-9999-4000-8000-000000000004;d4e5f6a7-4444-4000-8000-000000000003;c3d4e5f6-3333-4000-8000-000000000001;0.0000;1000.00;60000.00;true;true;2024-01-01T00:00:00Z;SYSTEM;2024-01-01T00:00:00Z;SYSTEM
49d0e1f2-9999-4000-8000-000000000005;d4e5f6a7-4444-4000-8000-000000000004;c3d4e5f6-3333-4000-8000-000000000001;0.0000;1000.00;80000.00;true;true;2024-01-01T00:00:00Z;SYSTEM;2024-01-01T00:00:00Z;SYSTEM
49d0e1f2-9999-4000-8000-000000000006;d4e5f6a7-4444-4000-8000-000000000005;c3d4e5f6-3333-4000-8000-000000000001;0.0000;1000.00;70000.00;true;true;2024-01-01T00:00:00Z;SYSTEM;2024-01-01T00:00:00Z;SYSTEM
49d0e1f2-9999-4000-8000-000000000007;d4e5f6a7-4444-4000-8000-000000000006;c3d4e5f6-3333-4000-8000-000000000001;0.0000;1000.00;55000.00;true;true;2024-01-01T00:00:00Z;SYSTEM;2024-01-01T00:00:00Z;SYSTEM
49d0e1f2-9999-4000-8000-000000000008;d4e5f6a7-4444-4000-8000-000000000002;c3d4e5f6-3333-4000-8000-000000000003;0.0100;100.00;5000.00;false;true;2024-01-01T00:00:00Z;SYSTEM;2024-01-01T00:00:00Z;SYSTEM
49d0e1f2-9999-4000-8000-00000000A001;d4e5f6a7-4444-4000-8000-00000000A001;c3d4e5f6-3333-4000-8000-000000000001;0.0000;500.00;120000.00;true;true;2025-01-01T00:00:00Z;WPDEMO02_SEED;2025-01-01T00:00:00Z;WPDEMO02_SEED
49d0e1f2-9999-4000-8000-00000000A002;d4e5f6a7-4444-4000-8000-00000000A002;c3d4e5f6-3333-4000-8000-000000000001;0.0000;500.00;120000.00;true;true;2025-01-01T00:00:00Z;WPDEMO02_SEED;2025-01-01T00:00:00Z;WPDEMO02_SEED
49d0e1f2-9999-4000-8000-00000000A003;d4e5f6a7-4444-4000-8000-00000000A003;c3d4e5f6-3333-4000-8000-000000000001;0.0000;500.00;120000.00;true;true;2025-01-01T00:00:00Z;WPDEMO02_SEED;2025-01-01T00:00:00Z;WPDEMO02_SEED
49d0e1f2-9999-4000-8000-00000000A004;d4e5f6a7-4444-4000-8000-00000000A004;c3d4e5f6-3333-4000-8000-000000000001;0.0000;500.00;120000.00;true;true;2025-01-01T00:00:00Z;WPDEMO02_SEED;2025-01-01T00:00:00Z;WPDEMO02_SEED
805f9bd6-e1e6-5764-a8f8-46427e306cbc;b47cfca3-de3e-54c7-9f86-2d35396a23b9;c3d4e5f6-3333-4000-8000-000000000001;0.0000;500.00;500000.00;true;true;2026-09-24T00:00:00Z;JETBLUE_SEED;2026-09-24T00:00:00Z;JETBLUE_SEED
d86f8efe-e8dc-51bb-8244-3dbcb7e40d48;e92af3b9-8f34-532b-9338-f7e8fde211dc;c3d4e5f6-3333-4000-8000-000000000001;0.0000;500.00;500000.00;true;true;2026-09-24T00:00:00Z;JETBLUE_SEED;2026-09-24T00:00:00Z;JETBLUE_SEED
cbfd504d-a8c0-5fef-967f-0592b3e6e830;9b46c120-d3ef-5f30-98c1-c5faa73ab1a0;c3d4e5f6-3333-4000-8000-000000000001;0.0000;500.00;500000.00;true;true;2026-09-24T00:00:00Z;JETBLUE_SEED;2026-09-24T00:00:00Z;JETBLUE_SEED
924ad3c9-b371-51de-a356-d2c5d609487c;792a6ba1-b667-5cf8-9c70-5744b46387f0;c3d4e5f6-3333-4000-8000-000000000001;0.0000;500.00;500000.00;true;true;2026-09-24T00:00:00Z;JETBLUE_SEED;2026-09-24T00:00:00Z;JETBLUE_SEED
58f78b70-fa41-5aa0-8c50-82fd1d2a6703;a759301a-5824-54a0-8aed-373fe5a84b07;c3d4e5f6-3333-4000-8000-000000000001;0.0000;500.00;500000.00;true;true;2026-09-24T00:00:00Z;JETBLUE_SEED;2026-09-24T00:00:00Z;JETBLUE_SEED
0df78c7a-25d2-58ab-ad1b-424a8b8698b6;2b6afdc9-da40-52df-9ab2-adefc26750e6;c3d4e5f6-3333-4000-8000-000000000001;0.0000;500.00;500000.00;true;true;2026-09-24T00:00:00Z;JETBLUE_SEED;2026-09-24T00:00:00Z;JETBLUE_SEED
181218ec-0e96-54e2-af12-cb9e0d64ed89;49010efb-7c9c-5f11-a657-98aca9eca5c4;c3d4e5f6-3333-4000-8000-000000000001;0.0000;500.00;500000.00;true;true;2026-09-24T00:00:00Z;JETBLUE_SEED;2026-09-24T00:00:00Z;JETBLUE_SEED
83cecee8-ac91-574d-bb55-0af8351c6915;a7972b10-79c6-55ed-9c8c-1b21b5aa5f83;c3d4e5f6-3333-4000-8000-000000000001;0.0000;500.00;500000.00;true;true;2026-09-24T00:00:00Z;JETBLUE_SEED;2026-09-24T00:00:00Z;JETBLUE_SEED
94c17efd-c9b5-55be-975c-842eb103ddf9;e49a7f1e-2f5e-5334-814a-1f0a6b73d93f;c3d4e5f6-3333-4000-8000-000000000001;0.0000;500.00;500000.00;true;true;2026-09-24T00:00:00Z;JETBLUE_SEED;2026-09-24T00:00:00Z;JETBLUE_SEED
aabaa73a-b8a3-5fa2-aff4-30e187d1d967;ea9cdcb5-6368-5d98-9045-af7b0d53dcf9;c3d4e5f6-3333-4000-8000-000000000001;0.0000;500.00;500000.00;true;true;2026-09-24T00:00:00Z;JETBLUE_SEED;2026-09-24T00:00:00Z;JETBLUE_SEED
effe5069-69f2-5d38-9a6e-9adc8c34bd14;6555079a-68fb-59df-984a-6f72a9610634;c3d4e5f6-3333-4000-8000-000000000001;0.0000;500.00;500000.00;true;true;2026-09-24T00:00:00Z;JETBLUE_SEED;2026-09-24T00:00:00Z;JETBLUE_SEED
059cf8f2-8edd-5deb-858f-8fe629c76c3a;50898968-4450-5b53-b38a-f70c60700d78;c3d4e5f6-3333-4000-8000-000000000001;0.0000;500.00;500000.00;true;true;2026-09-24T00:00:00Z;JETBLUE_SEED;2026-09-24T00:00:00Z;JETBLUE_SEED
95e1c828-0f50-510b-b6e2-38c882fcc8ea;990a9d01-9d97-5e4d-9d74-d1751909a090;c3d4e5f6-3333-4000-8000-000000000001;0.0000;500.00;500000.00;true;true;2026-09-24T00:00:00Z;JETBLUE_SEED;2026-09-24T00:00:00Z;JETBLUE_SEED
b3ddeb20-b87d-5bd8-b893-671c33a0b9c3;f2256ffc-21e1-54f2-b423-66fab7b5cb80;c3d4e5f6-3333-4000-8000-000000000001;0.0000;500.00;500000.00;true;true;2026-09-24T00:00:00Z;JETBLUE_SEED;2026-09-24T00:00:00Z;JETBLUE_SEED
