registration;aircraft_type_code;dry_operating_weight_kg;fuel_capacity_kg;apu_burn_rate_kg_hr;apu_rate_source;performance_factor_pct;record_status;provisional_expiry;confirmed_by;confirmed_at;operator_code;on_own_aoc;cost_object_type;cost_object_id;is_active;created_at;created_by;modified_at;modified_by;mlw_kg
C-FITU;B777;160500.00;145000.00;110.00;;101.200;CONFIRMED;;fleet.admin@airline.com;2026-01-15T00:00:00Z;ACA;true;;;true;2026-01-15T00:00:00Z;WP07_SEED;2026-01-15T00:00:00Z;WP07_SEED;251290.00
C-GFAH;A223;38000.00;17200.00;65.00;REGISTER;100.000;CONFIRMED;;fleet.admin@airline.com;2026-01-15T00:00:00Z;ACA;true;;;true;2026-01-15T00:00:00Z;WP07_SEED;2026-01-15T00:00:00Z;WP07_SEED;61000.00
C-GHPQ;DH8D;17900.00;5318.00;;;100.000;CONFIRMED;;fleet.admin@airline.com;2026-01-15T00:00:00Z;ACA;true;;;true;2026-01-15T00:00:00Z;WP07_SEED;2026-01-15T00:00:00Z;WP07_SEED;28009.00
C-GHPX;A321;48500.00;23700.00;110.00;REGISTER;100.000;CONFIRMED;;fleet.admin@airline.com;2026-01-15T00:00:00Z;ACA;true;;;true;2026-01-15T00:00:00Z;WP07_SEED;2026-01-15T00:00:00Z;WP07_SEED;77800.00
C-GROV;A220;35200.00;17600.00;65.00;;98.700;CONFIRMED;;fleet.admin@airline.com;2026-01-15T00:00:00Z;ACA;true;;;true;2026-01-15T00:00:00Z;WP07_SEED;2026-01-15T00:00:00Z;WP07_SEED;50802.00
RP-C8801;A350;142400.00;138000.00;105.00;;100.100;CONFIRMED;;fleet.admin@airline.com;2026-03-01T00:00:00Z;PAL;true;;;true;2026-03-01T00:00:00Z;WP07_SEED;2026-03-01T00:00:00Z;WP07_SEED;207000.00
RP-C8802;A350;142600.00;138000.00;105.00;;101.500;CONFIRMED;;fleet.admin@airline.com;2026-03-01T00:00:00Z;PAL;true;;;true;2026-03-01T00:00:00Z;WP07_SEED;2026-03-01T00:00:00Z;WP07_SEED;207000.00
RP-C8803;;;;;;;PROVISIONAL;2026-05-02;;;PAL;true;;;true;2026-04-02T00:00:00Z;WP07_SEED;2026-04-02T00:00:00Z;WP07_SEED;
RP-C8804;;;;;;;PROVISIONAL;2026-05-04;;;PAL;true;;;true;2026-04-04T00:00:00Z;WP07_SEED;2026-04-04T00:00:00Z;WP07_SEED;
RP-C8805;A320;42600.00;18700.00;70.00;;100.300;PROVISIONAL;2026-05-05;;;PAL;true;;;true;2026-04-05T00:00:00Z;WP07_SEED;2026-04-05T00:00:00Z;WP07_SEED;64500.00
RP-C8888;A320;42500.00;18700.00;70.00;;99.500;PROVISIONAL;2026-05-06;;;PAL;true;;;true;2026-04-06T00:00:00Z;WP07_SEED;2026-04-06T00:00:00Z;WP07_SEED;64500.00
C-FDMO;A320;42800.00;19100.00;105.00;;100.400;CONFIRMED;;fleet.admin@airline.com;2026-01-05T00:00:00Z;ACA;true;;;true;2026-04-10T00:00:00Z;WPDEMO01_SEED;2026-04-10T00:00:00Z;WPDEMO01_SEED;64500.00
C-FDMP;A320;42750.00;19100.00;105.00;;101.100;CONFIRMED;;fleet.admin@airline.com;2026-01-05T00:00:00Z;ACA;true;;;true;2026-04-10T00:00:00Z;WPDEMO01_SEED;2026-04-10T00:00:00Z;WPDEMO01_SEED;64500.00
C-GDMS;A350;145200.00;111000.00;135.00;;99.800;CONFIRMED;;fleet.admin@airline.com;2026-01-05T00:00:00Z;ACA;true;;;true;2026-04-10T00:00:00Z;WPDEMO01_SEED;2026-04-10T00:00:00Z;WPDEMO01_SEED;207000.00
C-GLTA;A321;48500.00;23700.00;110.00;;101.200;PROVISIONAL;2026-04-24;;;ACA;true;;;true;2026-04-08T00:00:00Z;S6_SEED;2026-04-08T00:00:00Z;S6_SEED;77800.00
C-GNBN;A223;38000.00;17700.00;65.00;REGISTER;100.000;CONFIRMED;;;;AC;true;;;true;2026-09-01T00:00:00Z;AUG_SCHEDULE_SEED;2026-09-01T00:00:00Z;AUG_SCHEDULE_SEED;61000.00
C-FSJH;B38M;45500.00;20826.00;100.00;PROPOSED;100.000;CONFIRMED;;;;AC;true;;;true;2026-09-01T00:00:00Z;AUG_SCHEDULE_SEED;2026-09-01T00:00:00Z;AUG_SCHEDULE_SEED;69309.00
C-FSNQ;B38M;45500.00;20826.00;100.00;PROPOSED;100.000;CONFIRMED;;;;AC;true;;;true;2026-09-01T00:00:00Z;AUG_SCHEDULE_SEED;2026-09-01T00:00:00Z;AUG_SCHEDULE_SEED;69309.00
C-GJWO;A321;49000.00;23700.00;110.00;REGISTER;100.000;CONFIRMED;;;;AC;true;;;true;2026-09-01T00:00:00Z;AUG_SCHEDULE_SEED;2026-09-01T00:00:00Z;AUG_SCHEDULE_SEED;77800.00
C-GITY;A321;49000.00;23700.00;110.00;REGISTER;100.000;CONFIRMED;;;;AC;true;;;true;2026-09-01T00:00:00Z;AUG_SCHEDULE_SEED;2026-09-01T00:00:00Z;AUG_SCHEDULE_SEED;77800.00
C-GHKR;A330;130000.00;87000.00;95.00;REGISTER;100.000;CONFIRMED;;;;AC;true;;;true;2026-09-01T00:00:00Z;AUG_SCHEDULE_SEED;2026-09-01T00:00:00Z;AUG_SCHEDULE_SEED;187000.00
C-GJVX;A223;38000.00;17700.00;65.00;REGISTER;100.000;CONFIRMED;;;;AC;true;;;true;2026-09-01T00:00:00Z;AUG_SCHEDULE_SEED;2026-09-01T00:00:00Z;AUG_SCHEDULE_SEED;61000.00
C-GGNY;DH8D;17900.00;5318.00;50.00;PROPOSED;100.000;CONFIRMED;;;;QK;true;;;true;2026-09-01T00:00:00Z;AUG_SCHEDULE_SEED;2026-09-01T00:00:00Z;AUG_SCHEDULE_SEED;28009.00
C-FJJZ;CRJ9;21845.00;8822.00;55.00;PROPOSED;100.000;CONFIRMED;;;;QK;true;;;true;2026-09-01T00:00:00Z;AUG_SCHEDULE_SEED;2026-09-01T00:00:00Z;AUG_SCHEDULE_SEED;33340.00
C-GGOF;DH8D;17900.00;5318.00;50.00;PROPOSED;100.000;CONFIRMED;;;;QK;true;;;true;2026-09-01T00:00:00Z;AUG_SCHEDULE_SEED;2026-09-01T00:00:00Z;AUG_SCHEDULE_SEED;28009.00
C-GJXE;A223;38000.00;17700.00;65.00;REGISTER;100.000;CONFIRMED;;;;AC;true;;;true;2026-09-01T00:00:00Z;AUG_SCHEDULE_SEED;2026-09-01T00:00:00Z;AUG_SCHEDULE_SEED;61000.00
C-FSDB;B38M;45500.00;20826.00;100.00;PROPOSED;100.000;CONFIRMED;;;;AC;true;;;true;2026-09-01T00:00:00Z;AUG_SCHEDULE_SEED;2026-09-01T00:00:00Z;AUG_SCHEDULE_SEED;69309.00
C-GJZR;CRJ9;21845.00;8822.00;55.00;PROPOSED;100.000;CONFIRMED;;;;QK;true;;;true;2026-09-01T00:00:00Z;AUG_SCHEDULE_SEED;2026-09-01T00:00:00Z;AUG_SCHEDULE_SEED;33340.00
C-GJWD;A223;38000.00;17700.00;65.00;REGISTER;100.000;CONFIRMED;;;;AC;true;;;true;2026-09-01T00:00:00Z;AUG_SCHEDULE_SEED;2026-09-01T00:00:00Z;AUG_SCHEDULE_SEED;61000.00
C-GKQA;DH8D;17900.00;5318.00;50.00;PROPOSED;100.000;CONFIRMED;;;;PB;true;;;true;2026-09-01T00:00:00Z;AUG_SCHEDULE_SEED;2026-09-01T00:00:00Z;AUG_SCHEDULE_SEED;28009.00
C-GKQB;A223;38000.00;17700.00;65.00;REGISTER;100.000;CONFIRMED;;;;AC;true;;;true;2026-09-01T00:00:00Z;AUG_SCHEDULE_SEED;2026-09-01T00:00:00Z;AUG_SCHEDULE_SEED;61000.00
