<?xml version="1.0" encoding="utf-8"?>
<edmx:Edmx Version="4.0" xmlns:edmx="http://docs.oasis-open.org/odata/ns/edmx">
  <edmx:Reference Uri="https://oasis-tcs.github.io/odata-vocabularies/vocabularies/Org.OData.Capabilities.V1.xml">
    <edmx:Include Alias="Capabilities" Namespace="Org.OData.Capabilities.V1"/>
  </edmx:Reference>
  <edmx:Reference Uri="https://sap.github.io/odata-vocabularies/vocabularies/Common.xml">
    <edmx:Include Alias="Common" Namespace="com.sap.vocabularies.Common.v1"/>
  </edmx:Reference>
  <edmx:Reference Uri="https://oasis-tcs.github.io/odata-vocabularies/vocabularies/Org.OData.Core.V1.xml">
    <edmx:Include Alias="Core" Namespace="Org.OData.Core.V1"/>
  </edmx:Reference>
  <edmx:Reference Uri="https://sap.github.io/odata-vocabularies/vocabularies/UI.xml">
    <edmx:Include Alias="UI" Namespace="com.sap.vocabularies.UI.v1"/>
  </edmx:Reference>
  <edmx:DataServices>
    <Schema Namespace="AdminService" xmlns="http://docs.oasis-open.org/odata/ns/edm">
      <Annotation Term="Core.Links">
        <Collection>
          <Record>
            <PropertyValue Property="rel" String="author"/>
            <PropertyValue Property="href" String="https://cap.cloud.sap"/>
          </Record>
        </Collection>
      </Annotation>
      <EntityContainer Name="EntityContainer">
        <EntitySet Name="Personas" EntityType="AdminService.Personas"/>
        <EntitySet Name="Tiles" EntityType="AdminService.Tiles"/>
        <EntitySet Name="PersonaTiles" EntityType="AdminService.PersonaTiles">
          <NavigationPropertyBinding Path="persona" Target="Personas"/>
          <NavigationPropertyBinding Path="tile" Target="Tiles"/>
        </EntitySet>
        <EntitySet Name="UserPersonas" EntityType="AdminService.UserPersonas">
          <NavigationPropertyBinding Path="persona" Target="Personas"/>
        </EntitySet>
        <EntitySet Name="ApprovalLimits" EntityType="AdminService.ApprovalLimits">
          <NavigationPropertyBinding Path="persona" Target="Personas"/>
        </EntitySet>
        <EntitySet Name="AuditLog" EntityType="AdminService.AuditLog"/>
        <ActionImport Name="initializeSeedData" Action="AdminService.initializeSeedData"/>
        <ActionImport Name="assignPersonaToUser" Action="AdminService.assignPersonaToUser"/>
        <ActionImport Name="setApprovalLimit" Action="AdminService.setApprovalLimit"/>
        <ActionImport Name="exportAuditLog" Action="AdminService.exportAuditLog"/>
      </EntityContainer>
      <EntityType Name="Personas">
        <Key>
          <PropertyRef Name="ID"/>
        </Key>
        <Property Name="ID" Type="Edm.Guid" Nullable="false"/>
        <Property Name="persona_id" Type="Edm.String" MaxLength="30"/>
        <Property Name="persona_name" Type="Edm.String" MaxLength="100"/>
        <Property Name="description" Type="Edm.String" MaxLength="500"/>
        <Property Name="is_active" Type="Edm.Boolean" DefaultValue="true"/>
      </EntityType>
      <EntityType Name="Tiles">
        <Key>
          <PropertyRef Name="ID"/>
        </Key>
        <Property Name="ID" Type="Edm.Guid" Nullable="false"/>
        <Property Name="tile_id" Type="Edm.String" MaxLength="50"/>
        <Property Name="tile_name" Type="Edm.String" MaxLength="100"/>
        <Property Name="tile_group" Type="Edm.String" MaxLength="50"/>
        <Property Name="target_url" Type="Edm.String" MaxLength="500"/>
        <Property Name="icon" Type="Edm.String" MaxLength="100"/>
        <Property Name="is_active" Type="Edm.Boolean" DefaultValue="true"/>
      </EntityType>
      <EntityType Name="PersonaTiles">
        <Key>
          <PropertyRef Name="ID"/>
        </Key>
        <Property Name="ID" Type="Edm.Guid" Nullable="false"/>
        <NavigationProperty Name="persona" Type="AdminService.Personas">
          <ReferentialConstraint Property="persona_ID" ReferencedProperty="ID"/>
        </NavigationProperty>
        <Property Name="persona_ID" Type="Edm.Guid"/>
        <NavigationProperty Name="tile" Type="AdminService.Tiles">
          <ReferentialConstraint Property="tile_ID" ReferencedProperty="ID"/>
        </NavigationProperty>
        <Property Name="tile_ID" Type="Edm.Guid"/>
        <Property Name="access_level" Type="Edm.String" MaxLength="10" DefaultValue="VIEW"/>
        <Property Name="is_active" Type="Edm.Boolean" DefaultValue="true"/>
      </EntityType>
      <EntityType Name="UserPersonas">
        <Key>
          <PropertyRef Name="ID"/>
        </Key>
        <Property Name="ID" Type="Edm.Guid" Nullable="false"/>
        <Property Name="createdAt" Type="Edm.DateTimeOffset" Precision="7"/>
        <Property Name="createdBy" Type="Edm.String" MaxLength="255"/>
        <Property Name="modifiedAt" Type="Edm.DateTimeOffset" Precision="7"/>
        <Property Name="modifiedBy" Type="Edm.String" MaxLength="255"/>
        <Property Name="user_id" Type="Edm.String" MaxLength="255"/>
        <NavigationProperty Name="persona" Type="AdminService.Personas">
          <ReferentialConstraint Property="persona_ID" ReferencedProperty="ID"/>
        </NavigationProperty>
        <Property Name="persona_ID" Type="Edm.Guid"/>
        <Property Name="station" Type="Edm.String" MaxLength="3"/>
        <Property Name="region" Type="Edm.String" MaxLength="20"/>
        <Property Name="is_active" Type="Edm.Boolean" DefaultValue="true"/>
      </EntityType>
      <EntityType Name="ApprovalLimits">
        <Key>
          <PropertyRef Name="ID"/>
        </Key>
        <Property Name="ID" Type="Edm.Guid" Nullable="false"/>
        <NavigationProperty Name="persona" Type="AdminService.Personas">
          <ReferentialConstraint Property="persona_ID" ReferencedProperty="ID"/>
        </NavigationProperty>
        <Property Name="persona_ID" Type="Edm.Guid"/>
        <Property Name="limit_type" Type="Edm.String" MaxLength="30"/>
        <Property Name="limit_value" Type="Edm.Decimal" Precision="15" Scale="2"/>
        <Property Name="is_active" Type="Edm.Boolean" DefaultValue="true"/>
      </EntityType>
      <EntityType Name="AuditLog">
        <Key>
          <PropertyRef Name="ID"/>
        </Key>
        <Property Name="ID" Type="Edm.Guid" Nullable="false"/>
        <Property Name="entity_name" Type="Edm.String" MaxLength="100"/>
        <Property Name="entity_key" Type="Edm.String" MaxLength="255"/>
        <Property Name="action" Type="Edm.String" MaxLength="20"/>
        <Property Name="changed_by" Type="Edm.String" MaxLength="255"/>
        <Property Name="changed_at" Type="Edm.DateTimeOffset"/>
        <Property Name="old_values" Type="Edm.String"/>
        <Property Name="new_values" Type="Edm.String"/>
        <Property Name="ip_address" Type="Edm.String" MaxLength="50"/>
        <Property Name="user_agent" Type="Edm.String" MaxLength="500"/>
      </EntityType>
      <ComplexType Name="InitResult">
        <Property Name="personasCreated" Type="Edm.Int32"/>
        <Property Name="tilesCreated" Type="Edm.Int32"/>
        <Property Name="mappingsCreated" Type="Edm.Int32"/>
        <Property Name="limitsCreated" Type="Edm.Int32"/>
      </ComplexType>
      <Action Name="initializeSeedData" IsBound="false">
        <ReturnType Type="AdminService.InitResult"/>
      </Action>
      <Action Name="assignPersonaToUser" IsBound="false">
        <Parameter Name="userId" Type="Edm.String"/>
        <Parameter Name="personaId" Type="Edm.String"/>
        <Parameter Name="station" Type="Edm.String"/>
        <Parameter Name="region" Type="Edm.String"/>
        <ReturnType Type="Edm.Boolean"/>
      </Action>
      <Action Name="setApprovalLimit" IsBound="false">
        <Parameter Name="personaId" Type="Edm.String"/>
        <Parameter Name="limitType" Type="Edm.String"/>
        <Parameter Name="limitValue" Type="Edm.Decimal" Scale="variable"/>
        <ReturnType Type="Edm.Boolean"/>
      </Action>
      <Action Name="exportAuditLog" IsBound="false">
        <Parameter Name="fromDate" Type="Edm.DateTimeOffset"/>
        <Parameter Name="toDate" Type="Edm.DateTimeOffset"/>
        <Parameter Name="entityName" Type="Edm.String"/>
        <ReturnType Type="Edm.String"/>
      </Action>
      <Annotations Target="AdminService.Personas/ID">
        <Annotation Term="Core.ComputedDefaultValue" Bool="true"/>
      </Annotations>
      <Annotations Target="AdminService.Personas/persona_id">
        <Annotation Term="Common.FieldControl" EnumMember="Common.FieldControlType/Mandatory"/>
      </Annotations>
      <Annotations Target="AdminService.Personas/persona_name">
        <Annotation Term="Common.FieldControl" EnumMember="Common.FieldControlType/Mandatory"/>
      </Annotations>
      <Annotations Target="AdminService.Tiles/ID">
        <Annotation Term="Core.ComputedDefaultValue" Bool="true"/>
      </Annotations>
      <Annotations Target="AdminService.Tiles/tile_id">
        <Annotation Term="Common.FieldControl" EnumMember="Common.FieldControlType/Mandatory"/>
      </Annotations>
      <Annotations Target="AdminService.Tiles/tile_name">
        <Annotation Term="Common.FieldControl" EnumMember="Common.FieldControlType/Mandatory"/>
      </Annotations>
      <Annotations Target="AdminService.PersonaTiles/ID">
        <Annotation Term="Core.ComputedDefaultValue" Bool="true"/>
      </Annotations>
      <Annotations Target="AdminService.UserPersonas/ID">
        <Annotation Term="Core.ComputedDefaultValue" Bool="true"/>
      </Annotations>
      <Annotations Target="AdminService.UserPersonas/createdAt">
        <Annotation Term="UI.HiddenFilter" Bool="true"/>
        <Annotation Term="UI.ExcludeFromNavigationContext" Bool="true"/>
        <Annotation Term="Core.Immutable" Bool="true"/>
        <Annotation Term="Core.Computed" Bool="true"/>
        <Annotation Term="Common.Label" String="{i18n>CreatedAt}"/>
      </Annotations>
      <Annotations Target="AdminService.UserPersonas/createdBy">
        <Annotation Term="UI.HiddenFilter" Bool="true"/>
        <Annotation Term="UI.ExcludeFromNavigationContext" Bool="true"/>
        <Annotation Term="Core.Immutable" Bool="true"/>
        <Annotation Term="Core.Computed" Bool="true"/>
        <Annotation Term="Core.Description" String="{i18n>UserID.Description}"/>
        <Annotation Term="Common.Label" String="{i18n>CreatedBy}"/>
      </Annotations>
      <Annotations Target="AdminService.UserPersonas/modifiedAt">
        <Annotation Term="UI.HiddenFilter" Bool="true"/>
        <Annotation Term="UI.ExcludeFromNavigationContext" Bool="true"/>
        <Annotation Term="Core.Computed" Bool="true"/>
        <Annotation Term="Common.Label" String="{i18n>ChangedAt}"/>
      </Annotations>
      <Annotations Target="AdminService.UserPersonas/modifiedBy">
        <Annotation Term="UI.HiddenFilter" Bool="true"/>
        <Annotation Term="UI.ExcludeFromNavigationContext" Bool="true"/>
        <Annotation Term="Core.Computed" Bool="true"/>
        <Annotation Term="Core.Description" String="{i18n>UserID.Description}"/>
        <Annotation Term="Common.Label" String="{i18n>ChangedBy}"/>
      </Annotations>
      <Annotations Target="AdminService.UserPersonas/user_id">
        <Annotation Term="Common.FieldControl" EnumMember="Common.FieldControlType/Mandatory"/>
      </Annotations>
      <Annotations Target="AdminService.ApprovalLimits/ID">
        <Annotation Term="Core.ComputedDefaultValue" Bool="true"/>
      </Annotations>
      <Annotations Target="AdminService.ApprovalLimits/limit_type">
        <Annotation Term="Common.FieldControl" EnumMember="Common.FieldControlType/Mandatory"/>
      </Annotations>
      <Annotations Target="AdminService.EntityContainer/AuditLog">
        <Annotation Term="Capabilities.DeleteRestrictions">
          <Record Type="Capabilities.DeleteRestrictionsType">
            <PropertyValue Property="Deletable" Bool="false"/>
          </Record>
        </Annotation>
        <Annotation Term="Capabilities.InsertRestrictions">
          <Record Type="Capabilities.InsertRestrictionsType">
            <PropertyValue Property="Insertable" Bool="false"/>
          </Record>
        </Annotation>
        <Annotation Term="Capabilities.UpdateRestrictions">
          <Record Type="Capabilities.UpdateRestrictionsType">
            <PropertyValue Property="Updatable" Bool="false"/>
          </Record>
        </Annotation>
      </Annotations>
      <Annotations Target="AdminService.AuditLog/ID">
        <Annotation Term="Core.ComputedDefaultValue" Bool="true"/>
      </Annotations>
      <Annotations Target="AdminService.AuditLog/entity_name">
        <Annotation Term="Common.FieldControl" EnumMember="Common.FieldControlType/Mandatory"/>
      </Annotations>
      <Annotations Target="AdminService.AuditLog/entity_key">
        <Annotation Term="Common.FieldControl" EnumMember="Common.FieldControlType/Mandatory"/>
      </Annotations>
      <Annotations Target="AdminService.AuditLog/action">
        <Annotation Term="Common.FieldControl" EnumMember="Common.FieldControlType/Mandatory"/>
      </Annotations>
      <Annotations Target="AdminService.AuditLog/changed_at">
        <Annotation Term="Core.Computed" Bool="true"/>
      </Annotations>
    </Schema>
  </edmx:DataServices>
</edmx:Edmx>