<?xml version="1.0" encoding="utf-8"?>
<edmx:Edmx Version="4.0" xmlns:edmx="http://docs.oasis-open.org/odata/ns/edmx">
  <edmx:Reference Uri="https://oasis-tcs.github.io/odata-vocabularies/vocabularies/Org.OData.Capabilities.V1.xml">
    <edmx:Include Alias="Capabilities" Namespace="Org.OData.Capabilities.V1"/>
  </edmx:Reference>
  <edmx:Reference Uri="https://sap.github.io/odata-vocabularies/vocabularies/Common.xml">
    <edmx:Include Alias="Common" Namespace="com.sap.vocabularies.Common.v1"/>
  </edmx:Reference>
  <edmx:Reference Uri="https://oasis-tcs.github.io/odata-vocabularies/vocabularies/Org.OData.Core.V1.xml">
    <edmx:Include Alias="Core" Namespace="Org.OData.Core.V1"/>
  </edmx:Reference>
  <edmx:Reference Uri="https://sap.github.io/odata-vocabularies/vocabularies/UI.xml">
    <edmx:Include Alias="UI" Namespace="com.sap.vocabularies.UI.v1"/>
  </edmx:Reference>
  <edmx:Reference Uri="https://oasis-tcs.github.io/odata-vocabularies/vocabularies/Org.OData.Validation.V1.xml">
    <edmx:Include Alias="Validation" Namespace="Org.OData.Validation.V1"/>
  </edmx:Reference>
  <edmx:DataServices>
    <Schema Namespace="BurnService" xmlns="http://docs.oasis-open.org/odata/ns/edm">
      <Annotation Term="Core.Links">
        <Collection>
          <Record>
            <PropertyValue Property="rel" String="author"/>
            <PropertyValue Property="href" String="https://cap.cloud.sap"/>
          </Record>
        </Collection>
      </Annotation>
      <EntityContainer Name="EntityContainer">
        <EntitySet Name="FuelBurns" EntityType="BurnService.FuelBurns">
          <NavigationPropertyBinding Path="flight" Target="Flights"/>
          <NavigationPropertyBinding Path="aircraft" Target="Aircraft"/>
          <NavigationPropertyBinding Path="origin_airport" Target="Airports"/>
          <NavigationPropertyBinding Path="destination_airport" Target="Airports"/>
          <NavigationPropertyBinding Path="SiblingEntity" Target="FuelBurns"/>
        </EntitySet>
        <EntitySet Name="ROBLedger" EntityType="BurnService.ROBLedger">
          <NavigationPropertyBinding Path="aircraft" Target="Aircraft"/>
          <NavigationPropertyBinding Path="airport" Target="Airports"/>
          <NavigationPropertyBinding Path="flight" Target="Flights"/>
          <NavigationPropertyBinding Path="fuel_burn" Target="FuelBurns"/>
          <NavigationPropertyBinding Path="fuel_delivery" Target="FuelDeliveries"/>
        </EntitySet>
        <EntitySet Name="FuelBurnExceptions" EntityType="BurnService.FuelBurnExceptions">
          <NavigationPropertyBinding Path="fuel_burn" Target="FuelBurns"/>
          <NavigationPropertyBinding Path="aircraft" Target="Aircraft"/>
          <NavigationPropertyBinding Path="SiblingEntity" Target="FuelBurnExceptions"/>
        </EntitySet>
        <EntitySet Name="Flights" EntityType="BurnService.Flights">
          <NavigationPropertyBinding Path="aircraft" Target="Aircraft"/>
          <NavigationPropertyBinding Path="origin" Target="Airports"/>
          <NavigationPropertyBinding Path="destination" Target="Airports"/>
        </EntitySet>
        <EntitySet Name="Aircraft" EntityType="BurnService.Aircraft">
          <NavigationPropertyBinding Path="manufacturer" Target="Manufacturers"/>
        </EntitySet>
        <EntitySet Name="Manufacturers" EntityType="BurnService.Manufacturers"/>
        <EntitySet Name="Airports" EntityType="BurnService.Airports">
          <NavigationPropertyBinding Path="country" Target="Countries"/>
        </EntitySet>
        <EntitySet Name="Countries" EntityType="BurnService.Countries"/>
        <EntitySet Name="FuelDeliveries" EntityType="BurnService.FuelDeliveries">
          <NavigationPropertyBinding Path="order" Target="FuelOrders"/>
        </EntitySet>
        <EntitySet Name="FuelOrders" EntityType="BurnService.FuelOrders">
          <NavigationPropertyBinding Path="flight" Target="Flights"/>
          <NavigationPropertyBinding Path="airport" Target="Airports"/>
          <NavigationPropertyBinding Path="deliveries" Target="FuelDeliveries"/>
          <NavigationPropertyBinding Path="tickets" Target="FUEL_TICKETS"/>
        </EntitySet>
        <EntitySet Name="FUEL_TICKETS" EntityType="BurnService.FUEL_TICKETS">
          <NavigationPropertyBinding Path="order" Target="FuelOrders"/>
          <NavigationPropertyBinding Path="delivery" Target="FuelDeliveries"/>
        </EntitySet>
        <ActionImport Name="ingestACARS" Action="BurnService.ingestACARS"/>
        <ActionImport Name="ingestEFB" Action="BurnService.ingestEFB"/>
        <ActionImport Name="loadJeffersonPlanned" Action="BurnService.loadJeffersonPlanned"/>
        <ActionImport Name="adjustROB" Action="BurnService.adjustROB"/>
        <ActionImport Name="recalculateROB" Action="BurnService.recalculateROB"/>
        <ActionImport Name="batchConfirm" Action="BurnService.batchConfirm"/>
        <FunctionImport Name="getCurrentROB" Function="BurnService.getCurrentROB"/>
        <FunctionImport Name="getROBHistory" Function="BurnService.getROBHistory"/>
        <FunctionImport Name="getFleetROBSummary" Function="BurnService.getFleetROBSummary"/>
        <FunctionImport Name="getDashboardKPIs" Function="BurnService.getDashboardKPIs"/>
        <FunctionImport Name="getVarianceByAircraft" Function="BurnService.getVarianceByAircraft"/>
        <FunctionImport Name="getVarianceByRoute" Function="BurnService.getVarianceByRoute"/>
        <FunctionImport Name="getExceptionQueue" Function="BurnService.getExceptionQueue"/>
        <FunctionImport Name="getPendingConfirmations" Function="BurnService.getPendingConfirmations"/>
        <FunctionImport Name="searchFuelBurns" Function="BurnService.searchFuelBurns"/>
        <FunctionImport Name="estimateBurn" Function="BurnService.estimateBurn"/>
      </EntityContainer>
      <EntityType Name="FuelBurns">
        <Key>
          <PropertyRef Name="ID"/>
          <PropertyRef Name="IsActiveEntity"/>
        </Key>
        <Property Name="ID" Type="Edm.Guid" Nullable="false"/>
        <Property Name="created_at" Type="Edm.DateTimeOffset"/>
        <Property Name="created_by" Type="Edm.String" MaxLength="100"/>
        <Property Name="modified_at" Type="Edm.DateTimeOffset"/>
        <Property Name="modified_by" Type="Edm.String" MaxLength="100"/>
        <NavigationProperty Name="flight" Type="BurnService.Flights">
          <ReferentialConstraint Property="flight_ID" ReferencedProperty="ID"/>
        </NavigationProperty>
        <Property Name="flight_ID" Type="Edm.Guid"/>
        <NavigationProperty Name="aircraft" Type="BurnService.Aircraft">
          <ReferentialConstraint Property="aircraft_type_code" ReferencedProperty="type_code"/>
        </NavigationProperty>
        <Property Name="aircraft_type_code" Type="Edm.String" MaxLength="10"/>
        <Property Name="tail_number" Type="Edm.String" MaxLength="10"/>
        <Property Name="burn_date" Type="Edm.Date"/>
        <Property Name="burn_time" Type="Edm.TimeOfDay"/>
        <Property Name="block_off_time" Type="Edm.DateTimeOffset"/>
        <Property Name="block_on_time" Type="Edm.DateTimeOffset"/>
        <Property Name="flight_duration_mins" Type="Edm.Int32"/>
        <NavigationProperty Name="origin_airport" Type="BurnService.Airports">
          <ReferentialConstraint Property="origin_airport_ID" ReferencedProperty="ID"/>
        </NavigationProperty>
        <Property Name="origin_airport_ID" Type="Edm.Guid"/>
        <NavigationProperty Name="destination_airport" Type="BurnService.Airports">
          <ReferentialConstraint Property="destination_airport_ID" ReferencedProperty="ID"/>
        </NavigationProperty>
        <Property Name="destination_airport_ID" Type="Edm.Guid"/>
        <Property Name="planned_burn_kg" Type="Edm.Decimal" Precision="12" Scale="2"/>
        <Property Name="actual_burn_kg" Type="Edm.Decimal" Precision="12" Scale="2"/>
        <Property Name="taxi_out_kg" Type="Edm.Decimal" Precision="10" Scale="2"/>
        <Property Name="taxi_in_kg" Type="Edm.Decimal" Precision="10" Scale="2"/>
        <Property Name="trip_fuel_kg" Type="Edm.Decimal" Precision="12" Scale="2"/>
        <Property Name="variance_kg" Type="Edm.Decimal" Precision="12" Scale="2"/>
        <Property Name="variance_pct" Type="Edm.Decimal" Precision="5" Scale="2"/>
        <Property Name="variance_status" Type="Edm.String" MaxLength="20"/>
        <Property Name="data_source" Type="Edm.String" MaxLength="20"/>
        <Property Name="source_message_id" Type="Edm.String" MaxLength="50"/>
        <Property Name="status" Type="Edm.String" MaxLength="20" DefaultValue="PRELIMINARY"/>
        <Property Name="confirmed_by" Type="Edm.String" MaxLength="100"/>
        <Property Name="confirmed_at" Type="Edm.DateTimeOffset"/>
        <Property Name="requires_review" Type="Edm.Boolean" DefaultValue="false"/>
        <Property Name="review_notes" Type="Edm.String" MaxLength="1000"/>
        <Property Name="reviewed_by" Type="Edm.String" MaxLength="100"/>
        <Property Name="reviewed_at" Type="Edm.DateTimeOffset"/>
        <Property Name="finance_posted" Type="Edm.Boolean" DefaultValue="false"/>
        <Property Name="finance_post_date" Type="Edm.DateTimeOffset"/>
        <Property Name="IsActiveEntity" Type="Edm.Boolean" Nullable="false" DefaultValue="true"/>
        <Property Name="HasActiveEntity" Type="Edm.Boolean" Nullable="false" DefaultValue="false"/>
        <Property Name="HasDraftEntity" Type="Edm.Boolean" Nullable="false" DefaultValue="false"/>
        <NavigationProperty Name="DraftAdministrativeData" Type="BurnService.DraftAdministrativeData" ContainsTarget="true"/>
        <NavigationProperty Name="SiblingEntity" Type="BurnService.FuelBurns"/>
      </EntityType>
      <EntityType Name="ROBLedger">
        <Key>
          <PropertyRef Name="ID"/>
        </Key>
        <Property Name="ID" Type="Edm.Guid" Nullable="false"/>
        <Property Name="created_at" Type="Edm.DateTimeOffset"/>
        <Property Name="created_by" Type="Edm.String" MaxLength="100"/>
        <Property Name="modified_at" Type="Edm.DateTimeOffset"/>
        <Property Name="modified_by" Type="Edm.String" MaxLength="100"/>
        <NavigationProperty Name="aircraft" Type="BurnService.Aircraft">
          <ReferentialConstraint Property="aircraft_type_code" ReferencedProperty="type_code"/>
        </NavigationProperty>
        <Property Name="aircraft_type_code" Type="Edm.String" MaxLength="10"/>
        <Property Name="tail_number" Type="Edm.String" MaxLength="10"/>
        <Property Name="record_date" Type="Edm.Date"/>
        <Property Name="record_time" Type="Edm.TimeOfDay"/>
        <Property Name="sequence" Type="Edm.Int32"/>
        <NavigationProperty Name="airport" Type="BurnService.Airports">
          <ReferentialConstraint Property="airport_ID" ReferencedProperty="ID"/>
        </NavigationProperty>
        <Property Name="airport_ID" Type="Edm.Guid"/>
        <Property Name="airport_code" Type="Edm.String" MaxLength="3"/>
        <NavigationProperty Name="flight" Type="BurnService.Flights">
          <ReferentialConstraint Property="flight_ID" ReferencedProperty="ID"/>
        </NavigationProperty>
        <Property Name="flight_ID" Type="Edm.Guid"/>
        <NavigationProperty Name="fuel_burn" Type="BurnService.FuelBurns">
          <ReferentialConstraint Property="fuel_burn_ID" ReferencedProperty="ID"/>
        </NavigationProperty>
        <Property Name="fuel_burn_ID" Type="Edm.Guid"/>
        <NavigationProperty Name="fuel_delivery" Type="BurnService.FuelDeliveries">
          <ReferentialConstraint Property="fuel_delivery_ID" ReferencedProperty="ID"/>
        </NavigationProperty>
        <Property Name="fuel_delivery_ID" Type="Edm.Guid"/>
        <Property Name="entry_type" Type="Edm.String" MaxLength="20"/>
        <Property Name="opening_rob_kg" Type="Edm.Decimal" Precision="12" Scale="2"/>
        <Property Name="uplift_kg" Type="Edm.Decimal" Precision="12" Scale="2" DefaultValue="0"/>
        <Property Name="burn_kg" Type="Edm.Decimal" Precision="12" Scale="2" DefaultValue="0"/>
        <Property Name="adjustment_kg" Type="Edm.Decimal" Precision="12" Scale="2" DefaultValue="0"/>
        <Property Name="closing_rob_kg" Type="Edm.Decimal" Precision="12" Scale="2"/>
        <Property Name="max_capacity_kg" Type="Edm.Decimal" Precision="12" Scale="2"/>
        <Property Name="rob_percentage" Type="Edm.Decimal" Precision="5" Scale="2"/>
        <Property Name="adjustment_reason" Type="Edm.String" MaxLength="500"/>
        <Property Name="adjustment_approved_by" Type="Edm.String" MaxLength="100"/>
        <Property Name="adjustment_approved_at" Type="Edm.DateTimeOffset"/>
        <Property Name="data_source" Type="Edm.String" MaxLength="20"/>
        <Property Name="is_estimated" Type="Edm.Boolean" DefaultValue="false"/>
      </EntityType>
      <EntityType Name="FuelBurnExceptions">
        <Key>
          <PropertyRef Name="ID"/>
          <PropertyRef Name="IsActiveEntity"/>
        </Key>
        <Property Name="ID" Type="Edm.Guid" Nullable="false"/>
        <Property Name="created_at" Type="Edm.DateTimeOffset"/>
        <Property Name="created_by" Type="Edm.String" MaxLength="100"/>
        <Property Name="modified_at" Type="Edm.DateTimeOffset"/>
        <Property Name="modified_by" Type="Edm.String" MaxLength="100"/>
        <NavigationProperty Name="fuel_burn" Type="BurnService.FuelBurns">
          <ReferentialConstraint Property="fuel_burn_ID" ReferencedProperty="ID"/>
        </NavigationProperty>
        <Property Name="fuel_burn_ID" Type="Edm.Guid"/>
        <NavigationProperty Name="aircraft" Type="BurnService.Aircraft">
          <ReferentialConstraint Property="aircraft_type_code" ReferencedProperty="type_code"/>
        </NavigationProperty>
        <Property Name="aircraft_type_code" Type="Edm.String" MaxLength="10"/>
        <Property Name="tail_number" Type="Edm.String" MaxLength="10"/>
        <Property Name="exception_date" Type="Edm.Date"/>
        <Property Name="variance_kg" Type="Edm.Decimal" Precision="12" Scale="2"/>
        <Property Name="variance_pct" Type="Edm.Decimal" Precision="5" Scale="2"/>
        <Property Name="variance_status" Type="Edm.String" MaxLength="20"/>
        <Property Name="status" Type="Edm.String" MaxLength="20" DefaultValue="OPEN"/>
        <Property Name="assigned_to" Type="Edm.String" MaxLength="100"/>
        <Property Name="assigned_at" Type="Edm.DateTimeOffset"/>
        <Property Name="root_cause" Type="Edm.String" MaxLength="500"/>
        <Property Name="corrective_action" Type="Edm.String" MaxLength="500"/>
        <Property Name="resolved_by" Type="Edm.String" MaxLength="100"/>
        <Property Name="resolved_at" Type="Edm.DateTimeOffset"/>
        <Property Name="maintenance_related" Type="Edm.Boolean" DefaultValue="false"/>
        <Property Name="maintenance_order" Type="Edm.String" MaxLength="20"/>
        <Property Name="IsActiveEntity" Type="Edm.Boolean" Nullable="false" DefaultValue="true"/>
        <Property Name="HasActiveEntity" Type="Edm.Boolean" Nullable="false" DefaultValue="false"/>
        <Property Name="HasDraftEntity" Type="Edm.Boolean" Nullable="false" DefaultValue="false"/>
        <NavigationProperty Name="DraftAdministrativeData" Type="BurnService.DraftAdministrativeData" ContainsTarget="true"/>
        <NavigationProperty Name="SiblingEntity" Type="BurnService.FuelBurnExceptions"/>
      </EntityType>
      <EntityType Name="Flights">
        <Key>
          <PropertyRef Name="ID"/>
        </Key>
        <Property Name="ID" Type="Edm.Guid" Nullable="false"/>
        <Property Name="created_at" Type="Edm.DateTimeOffset"/>
        <Property Name="created_by" Type="Edm.String" MaxLength="100"/>
        <Property Name="modified_at" Type="Edm.DateTimeOffset"/>
        <Property Name="modified_by" Type="Edm.String" MaxLength="100"/>
        <Property Name="flight_number" Type="Edm.String" MaxLength="10"/>
        <Property Name="flight_date" Type="Edm.Date"/>
        <NavigationProperty Name="aircraft" Type="BurnService.Aircraft">
          <ReferentialConstraint Property="aircraft_type" ReferencedProperty="type_code"/>
        </NavigationProperty>
        <Property Name="aircraft_type" Type="Edm.String" MaxLength="10"/>
        <Property Name="aircraft_reg" Type="Edm.String" MaxLength="10"/>
        <NavigationProperty Name="origin" Type="BurnService.Airports"/>
        <Property Name="origin_airport" Type="Edm.String" MaxLength="3"/>
        <NavigationProperty Name="destination" Type="BurnService.Airports"/>
        <Property Name="destination_airport" Type="Edm.String" MaxLength="3"/>
        <Property Name="scheduled_departure" Type="Edm.TimeOfDay"/>
        <Property Name="scheduled_arrival" Type="Edm.TimeOfDay"/>
        <Property Name="status" Type="Edm.String" MaxLength="20" DefaultValue="SCHEDULED"/>
      </EntityType>
      <EntityType Name="Aircraft">
        <Key>
          <PropertyRef Name="type_code"/>
        </Key>
        <Property Name="is_active" Type="Edm.Boolean" DefaultValue="true"/>
        <Property Name="created_at" Type="Edm.DateTimeOffset"/>
        <Property Name="created_by" Type="Edm.String" MaxLength="100"/>
        <Property Name="modified_at" Type="Edm.DateTimeOffset"/>
        <Property Name="modified_by" Type="Edm.String" MaxLength="100"/>
        <Property Name="type_code" Type="Edm.String" MaxLength="10" Nullable="false"/>
        <Property Name="aircraft_model" Type="Edm.String" MaxLength="50"/>
        <NavigationProperty Name="manufacturer" Type="BurnService.Manufacturers">
          <ReferentialConstraint Property="manufacturer_code" ReferencedProperty="manufacture_code"/>
        </NavigationProperty>
        <Property Name="manufacturer_code" Type="Edm.String" MaxLength="2"/>
        <Property Name="fuel_capacity_kg" Type="Edm.Decimal" Precision="15" Scale="2"/>
        <Property Name="mtow_kg" Type="Edm.Decimal" Precision="15" Scale="2"/>
        <Property Name="cruise_burn_kgph" Type="Edm.Decimal" Precision="10" Scale="2"/>
        <Property Name="fleet_size" Type="Edm.Int32"/>
        <Property Name="status" Type="Edm.String" MaxLength="20" DefaultValue="ACTIVE"/>
      </EntityType>
      <EntityType Name="Manufacturers">
        <Key>
          <PropertyRef Name="manufacture_code"/>
        </Key>
        <Property Name="is_active" Type="Edm.Boolean" DefaultValue="true"/>
        <Property Name="created_at" Type="Edm.DateTimeOffset"/>
        <Property Name="created_by" Type="Edm.String" MaxLength="100"/>
        <Property Name="modified_at" Type="Edm.DateTimeOffset"/>
        <Property Name="modified_by" Type="Edm.String" MaxLength="100"/>
        <Property Name="manufacture_code" Type="Edm.String" MaxLength="2" Nullable="false"/>
        <Property Name="manufacture_name" Type="Edm.String" MaxLength="100"/>
      </EntityType>
      <EntityType Name="Airports">
        <Key>
          <PropertyRef Name="ID"/>
        </Key>
        <Property Name="ID" Type="Edm.Guid" Nullable="false"/>
        <Property Name="is_active" Type="Edm.Boolean" DefaultValue="true"/>
        <Property Name="created_at" Type="Edm.DateTimeOffset"/>
        <Property Name="created_by" Type="Edm.String" MaxLength="100"/>
        <Property Name="modified_at" Type="Edm.DateTimeOffset"/>
        <Property Name="modified_by" Type="Edm.String" MaxLength="100"/>
        <Property Name="iata_code" Type="Edm.String" MaxLength="3"/>
        <Property Name="icao_code" Type="Edm.String" MaxLength="4"/>
        <Property Name="airport_name" Type="Edm.String" MaxLength="100"/>
        <Property Name="city" Type="Edm.String" MaxLength="50"/>
        <NavigationProperty Name="country" Type="BurnService.Countries">
          <ReferentialConstraint Property="country_code" ReferencedProperty="land1"/>
        </NavigationProperty>
        <Property Name="country_code" Type="Edm.String" MaxLength="3"/>
        <Property Name="timezone" Type="Edm.String" MaxLength="50"/>
        <Property Name="s4_plant_code" Type="Edm.String" MaxLength="4"/>
      </EntityType>
      <EntityType Name="Countries">
        <Key>
          <PropertyRef Name="land1"/>
        </Key>
        <Property Name="is_active" Type="Edm.Boolean" DefaultValue="true"/>
        <Property Name="land1" Type="Edm.String" MaxLength="3" Nullable="false"/>
        <Property Name="landx" Type="Edm.String" MaxLength="50"/>
        <Property Name="landx50" Type="Edm.String" MaxLength="100"/>
        <Property Name="natio" Type="Edm.String" MaxLength="3"/>
        <Property Name="landgr" Type="Edm.String" MaxLength="3"/>
        <Property Name="currcode" Type="Edm.String" MaxLength="3"/>
        <Property Name="spras" Type="Edm.String" MaxLength="2"/>
        <Property Name="is_embargoed" Type="Edm.Boolean" DefaultValue="false"/>
        <Property Name="embargo_effective_date" Type="Edm.Date"/>
        <Property Name="embargo_reason" Type="Edm.String" MaxLength="500"/>
        <Property Name="sanction_programs" Type="Edm.String" MaxLength="200"/>
        <Property Name="risk_level" Type="Edm.String" MaxLength="10"/>
      </EntityType>
      <EntityType Name="FuelDeliveries">
        <Key>
          <PropertyRef Name="ID"/>
        </Key>
        <Property Name="ID" Type="Edm.Guid" Nullable="false"/>
        <Property Name="created_at" Type="Edm.DateTimeOffset"/>
        <Property Name="created_by" Type="Edm.String" MaxLength="100"/>
        <Property Name="modified_at" Type="Edm.DateTimeOffset"/>
        <Property Name="modified_by" Type="Edm.String" MaxLength="100"/>
        <NavigationProperty Name="order" Type="BurnService.FuelOrders" Partner="deliveries">
          <ReferentialConstraint Property="order_ID" ReferencedProperty="ID"/>
        </NavigationProperty>
        <Property Name="order_ID" Type="Edm.Guid"/>
        <Property Name="delivery_number" Type="Edm.String" MaxLength="25"/>
        <Property Name="delivery_date" Type="Edm.Date"/>
        <Property Name="delivery_time" Type="Edm.TimeOfDay"/>
        <Property Name="delivered_quantity" Type="Edm.Decimal" Precision="12" Scale="2"/>
        <Property Name="temperature" Type="Edm.Decimal" Precision="5" Scale="2"/>
        <Property Name="density" Type="Edm.Decimal" Precision="8" Scale="4"/>
        <Property Name="temperature_corrected_qty" Type="Edm.Decimal" Precision="12" Scale="2"/>
        <Property Name="vehicle_id" Type="Edm.String" MaxLength="20"/>
        <Property Name="driver_name" Type="Edm.String" MaxLength="100"/>
        <Property Name="pilot_signature" Type="Edm.Binary"/>
        <Property Name="pilot_name" Type="Edm.String" MaxLength="100"/>
        <Property Name="ground_crew_signature" Type="Edm.Binary"/>
        <Property Name="ground_crew_name" Type="Edm.String" MaxLength="100"/>
        <Property Name="signature_timestamp" Type="Edm.DateTimeOffset" Precision="7"/>
        <Property Name="signature_location" Type="Edm.String" MaxLength="100"/>
        <Property Name="s4_gr_number" Type="Edm.String" MaxLength="10"/>
        <Property Name="s4_gr_year" Type="Edm.String" MaxLength="4"/>
        <Property Name="s4_gr_item" Type="Edm.String" MaxLength="4"/>
        <Property Name="status" Type="Edm.String" MaxLength="20" DefaultValue="Pending"/>
        <Property Name="quantity_variance" Type="Edm.Decimal" Precision="12" Scale="2"/>
        <Property Name="variance_percentage" Type="Edm.Decimal" Precision="5" Scale="2"/>
        <Property Name="variance_flag" Type="Edm.Boolean" DefaultValue="false"/>
        <Property Name="variance_reason" Type="Edm.String" MaxLength="500"/>
      </EntityType>
      <EntityType Name="FuelOrders">
        <Key>
          <PropertyRef Name="ID"/>
        </Key>
        <Property Name="ID" Type="Edm.Guid" Nullable="false"/>
        <Property Name="created_at" Type="Edm.DateTimeOffset"/>
        <Property Name="created_by" Type="Edm.String" MaxLength="100"/>
        <Property Name="modified_at" Type="Edm.DateTimeOffset"/>
        <Property Name="modified_by" Type="Edm.String" MaxLength="100"/>
        <Property Name="order_number" Type="Edm.String" MaxLength="25"/>
        <NavigationProperty Name="flight" Type="BurnService.Flights">
          <ReferentialConstraint Property="flight_ID" ReferencedProperty="ID"/>
        </NavigationProperty>
        <Property Name="flight_ID" Type="Edm.Guid"/>
        <NavigationProperty Name="airport" Type="BurnService.Airports">
          <ReferentialConstraint Property="airport_ID" ReferencedProperty="ID"/>
        </NavigationProperty>
        <Property Name="airport_ID" Type="Edm.Guid"/>
        <Property Name="station_code" Type="Edm.String" MaxLength="3"/>
        <Property Name="supplier_ID" Type="Edm.Guid"/>
        <Property Name="contract_ID" Type="Edm.Guid"/>
        <Property Name="product_ID" Type="Edm.Guid"/>
        <Property Name="uom_code" Type="Edm.String" MaxLength="3" DefaultValue="KG"/>
        <Property Name="ordered_quantity" Type="Edm.Decimal" Precision="12" Scale="2"/>
        <Property Name="unit_price" Type="Edm.Decimal" Precision="15" Scale="4"/>
        <Property Name="total_amount" Type="Edm.Decimal" Precision="15" Scale="2"/>
        <Property Name="currency_code" Type="Edm.String" MaxLength="3" DefaultValue="USD"/>
        <Property Name="requested_date" Type="Edm.Date"/>
        <Property Name="requested_time" Type="Edm.TimeOfDay"/>
        <Property Name="priority" Type="Edm.String" MaxLength="10" DefaultValue="Normal"/>
        <Property Name="status" Type="Edm.String" MaxLength="20" DefaultValue="Draft"/>
        <Property Name="s4_po_number" Type="Edm.String" MaxLength="10"/>
        <Property Name="s4_po_item" Type="Edm.String" MaxLength="5"/>
        <Property Name="notes" Type="Edm.String" MaxLength="1000"/>
        <Property Name="cancelled_reason" Type="Edm.String" MaxLength="500"/>
        <Property Name="cancelled_by" Type="Edm.String" MaxLength="100"/>
        <Property Name="cancelled_at" Type="Edm.DateTimeOffset"/>
        <NavigationProperty Name="deliveries" Type="Collection(BurnService.FuelDeliveries)" Partner="order">
          <OnDelete Action="Cascade"/>
        </NavigationProperty>
        <NavigationProperty Name="tickets" Type="Collection(BurnService.FUEL_TICKETS)" Partner="order">
          <OnDelete Action="Cascade"/>
        </NavigationProperty>
      </EntityType>
      <EntityType Name="FUEL_TICKETS">
        <Key>
          <PropertyRef Name="ID"/>
        </Key>
        <Property Name="ID" Type="Edm.Guid" Nullable="false"/>
        <Property Name="created_at" Type="Edm.DateTimeOffset"/>
        <Property Name="created_by" Type="Edm.String" MaxLength="100"/>
        <Property Name="modified_at" Type="Edm.DateTimeOffset"/>
        <Property Name="modified_by" Type="Edm.String" MaxLength="100"/>
        <NavigationProperty Name="order" Type="BurnService.FuelOrders" Partner="tickets">
          <ReferentialConstraint Property="order_ID" ReferencedProperty="ID"/>
        </NavigationProperty>
        <Property Name="order_ID" Type="Edm.Guid"/>
        <NavigationProperty Name="delivery" Type="BurnService.FuelDeliveries">
          <ReferentialConstraint Property="delivery_ID" ReferencedProperty="ID"/>
        </NavigationProperty>
        <Property Name="delivery_ID" Type="Edm.Guid"/>
        <Property Name="ticket_number" Type="Edm.String" MaxLength="50"/>
        <Property Name="internal_number" Type="Edm.String" MaxLength="25"/>
        <Property Name="aircraft_reg" Type="Edm.String" MaxLength="10"/>
        <Property Name="flight_number" Type="Edm.String" MaxLength="10"/>
        <Property Name="quantity" Type="Edm.Decimal" Precision="15" Scale="2"/>
        <Property Name="uom_code" Type="Edm.String" MaxLength="3" DefaultValue="KG"/>
        <Property Name="delivery_timestamp" Type="Edm.DateTimeOffset"/>
        <Property Name="supplier_ticket_ref" Type="Edm.String" MaxLength="50"/>
        <Property Name="status" Type="Edm.String" MaxLength="20" DefaultValue="Open"/>
        <Property Name="verified_by" Type="Edm.String" MaxLength="100"/>
        <Property Name="verified_at" Type="Edm.DateTimeOffset"/>
      </EntityType>
      <EntityType Name="DraftAdministrativeData">
        <Key>
          <PropertyRef Name="DraftUUID"/>
        </Key>
        <Property Name="DraftUUID" Type="Edm.Guid" Nullable="false"/>
        <Property Name="CreationDateTime" Type="Edm.DateTimeOffset" Precision="7"/>
        <Property Name="CreatedByUser" Type="Edm.String" MaxLength="256"/>
        <Property Name="DraftIsCreatedByMe" Type="Edm.Boolean"/>
        <Property Name="LastChangeDateTime" Type="Edm.DateTimeOffset" Precision="7"/>
        <Property Name="LastChangedByUser" Type="Edm.String" MaxLength="256"/>
        <Property Name="InProcessByUser" Type="Edm.String" MaxLength="256"/>
        <Property Name="DraftIsProcessedByMe" Type="Edm.Boolean"/>
      </EntityType>
      <ComplexType Name="ACARSIngestResult">
        <Property Name="success" Type="Edm.Boolean"/>
        <Property Name="burnId" Type="Edm.Guid"/>
        <Property Name="tailNumber" Type="Edm.String" MaxLength="10"/>
        <Property Name="flightNumber" Type="Edm.String" MaxLength="10"/>
        <Property Name="actualBurnKg" Type="Edm.Decimal" Precision="12" Scale="2"/>
        <Property Name="varianceKg" Type="Edm.Decimal" Precision="12" Scale="2"/>
        <Property Name="variancePct" Type="Edm.Decimal" Precision="5" Scale="2"/>
        <Property Name="varianceStatus" Type="Edm.String" MaxLength="20"/>
        <Property Name="status" Type="Edm.String" MaxLength="20"/>
        <Property Name="message" Type="Edm.String" MaxLength="500"/>
      </ComplexType>
      <ComplexType Name="EFBIngestResult">
        <Property Name="success" Type="Edm.Boolean"/>
        <Property Name="burnId" Type="Edm.Guid"/>
        <Property Name="tailNumber" Type="Edm.String" MaxLength="10"/>
        <Property Name="flightNumber" Type="Edm.String" MaxLength="10"/>
        <Property Name="actualBurnKg" Type="Edm.Decimal" Precision="12" Scale="2"/>
        <Property Name="flightDurationMins" Type="Edm.Int32"/>
        <Property Name="varianceKg" Type="Edm.Decimal" Precision="12" Scale="2"/>
        <Property Name="variancePct" Type="Edm.Decimal" Precision="5" Scale="2"/>
        <Property Name="status" Type="Edm.String" MaxLength="20"/>
        <Property Name="message" Type="Edm.String" MaxLength="500"/>
      </ComplexType>
      <ComplexType Name="JeffersonEntry">
        <Property Name="routeCode" Type="Edm.String" MaxLength="20"/>
        <Property Name="aircraftType" Type="Edm.String" MaxLength="10"/>
        <Property Name="plannedBurnKg" Type="Edm.Decimal" Precision="12" Scale="2"/>
        <Property Name="effectiveDate" Type="Edm.Date"/>
      </ComplexType>
      <ComplexType Name="JeffersonLoadResult">
        <Property Name="success" Type="Edm.Boolean"/>
        <Property Name="totalEntries" Type="Edm.Int32"/>
        <Property Name="loadedCount" Type="Edm.Int32"/>
        <Property Name="skippedCount" Type="Edm.Int32"/>
        <Property Name="errorCount" Type="Edm.Int32"/>
        <Property Name="errors" Type="Collection(BurnService.LoadError)" Nullable="true"/>
        <Property Name="message" Type="Edm.String" MaxLength="500"/>
      </ComplexType>
      <ComplexType Name="LoadError">
        <Property Name="routeCode" Type="Edm.String" MaxLength="20"/>
        <Property Name="aircraftType" Type="Edm.String" MaxLength="10"/>
        <Property Name="errorCode" Type="Edm.String" MaxLength="10"/>
        <Property Name="message" Type="Edm.String" MaxLength="500"/>
      </ComplexType>
      <ComplexType Name="ROBAdjustmentResult">
        <Property Name="success" Type="Edm.Boolean"/>
        <Property Name="ledgerId" Type="Edm.Guid"/>
        <Property Name="tailNumber" Type="Edm.String" MaxLength="10"/>
        <Property Name="airportCode" Type="Edm.String" MaxLength="3"/>
        <Property Name="previousROBKg" Type="Edm.Decimal" Precision="12" Scale="2"/>
        <Property Name="adjustmentKg" Type="Edm.Decimal" Precision="12" Scale="2"/>
        <Property Name="newROBKg" Type="Edm.Decimal" Precision="12" Scale="2"/>
        <Property Name="requiresApproval" Type="Edm.Boolean"/>
        <Property Name="message" Type="Edm.String" MaxLength="500"/>
      </ComplexType>
      <ComplexType Name="ROBRecalculationResult">
        <Property Name="success" Type="Edm.Boolean"/>
        <Property Name="tailNumber" Type="Edm.String" MaxLength="10"/>
        <Property Name="fromDate" Type="Edm.Date"/>
        <Property Name="entriesRecalculated" Type="Edm.Int32"/>
        <Property Name="finalROBKg" Type="Edm.Decimal" Precision="12" Scale="2"/>
        <Property Name="discrepanciesFound" Type="Edm.Int32"/>
        <Property Name="message" Type="Edm.String" MaxLength="500"/>
      </ComplexType>
      <ComplexType Name="BatchConfirmResult">
        <Property Name="success" Type="Edm.Boolean"/>
        <Property Name="totalRequested" Type="Edm.Int32"/>
        <Property Name="confirmedCount" Type="Edm.Int32"/>
        <Property Name="failedCount" Type="Edm.Int32"/>
        <Property Name="skippedCount" Type="Edm.Int32"/>
        <Property Name="failures" Type="Collection(BurnService.ConfirmFailure)" Nullable="true"/>
        <Property Name="message" Type="Edm.String" MaxLength="500"/>
      </ComplexType>
      <ComplexType Name="ConfirmFailure">
        <Property Name="burnId" Type="Edm.Guid"/>
        <Property Name="tailNumber" Type="Edm.String" MaxLength="10"/>
        <Property Name="errorCode" Type="Edm.String" MaxLength="10"/>
        <Property Name="message" Type="Edm.String" MaxLength="500"/>
      </ComplexType>
      <ComplexType Name="CurrentROBResult">
        <Property Name="tailNumber" Type="Edm.String" MaxLength="10"/>
        <Property Name="aircraftType" Type="Edm.String" MaxLength="10"/>
        <Property Name="currentROBKg" Type="Edm.Decimal" Precision="12" Scale="2"/>
        <Property Name="maxCapacityKg" Type="Edm.Decimal" Precision="12" Scale="2"/>
        <Property Name="robPercentage" Type="Edm.Decimal" Precision="5" Scale="2"/>
        <Property Name="lastUpdateDate" Type="Edm.Date"/>
        <Property Name="lastUpdateTime" Type="Edm.TimeOfDay"/>
        <Property Name="lastAirport" Type="Edm.String" MaxLength="3"/>
        <Property Name="lastEntryType" Type="Edm.String" MaxLength="20"/>
      </ComplexType>
      <ComplexType Name="ROBHistoryEntry">
        <Property Name="ledgerId" Type="Edm.Guid"/>
        <Property Name="recordDate" Type="Edm.Date"/>
        <Property Name="recordTime" Type="Edm.TimeOfDay"/>
        <Property Name="airportCode" Type="Edm.String" MaxLength="3"/>
        <Property Name="entryType" Type="Edm.String" MaxLength="20"/>
        <Property Name="openingROBKg" Type="Edm.Decimal" Precision="12" Scale="2"/>
        <Property Name="upliftKg" Type="Edm.Decimal" Precision="12" Scale="2"/>
        <Property Name="burnKg" Type="Edm.Decimal" Precision="12" Scale="2"/>
        <Property Name="adjustmentKg" Type="Edm.Decimal" Precision="12" Scale="2"/>
        <Property Name="closingROBKg" Type="Edm.Decimal" Precision="12" Scale="2"/>
        <Property Name="flightNumber" Type="Edm.String" MaxLength="10"/>
      </ComplexType>
      <ComplexType Name="FleetROBSummary">
        <Property Name="tailNumber" Type="Edm.String" MaxLength="10"/>
        <Property Name="aircraftType" Type="Edm.String" MaxLength="10"/>
        <Property Name="currentROBKg" Type="Edm.Decimal" Precision="12" Scale="2"/>
        <Property Name="maxCapacityKg" Type="Edm.Decimal" Precision="12" Scale="2"/>
        <Property Name="robPercentage" Type="Edm.Decimal" Precision="5" Scale="2"/>
        <Property Name="lastAirport" Type="Edm.String" MaxLength="3"/>
        <Property Name="lastUpdateTime" Type="Edm.DateTimeOffset"/>
        <Property Name="status" Type="Edm.String" MaxLength="20"/>
      </ComplexType>
      <ComplexType Name="BurnDashboardKPIs">
        <Property Name="totalFlights" Type="Edm.Int32"/>
        <Property Name="totalBurnKg" Type="Edm.Decimal" Precision="15" Scale="2"/>
        <Property Name="avgBurnPerFlight" Type="Edm.Decimal" Precision="12" Scale="2"/>
        <Property Name="plannedBurnKg" Type="Edm.Decimal" Precision="15" Scale="2"/>
        <Property Name="totalVarianceKg" Type="Edm.Decimal" Precision="15" Scale="2"/>
        <Property Name="variancePct" Type="Edm.Decimal" Precision="5" Scale="2"/>
        <Property Name="normalCount" Type="Edm.Int32"/>
        <Property Name="warningCount" Type="Edm.Int32"/>
        <Property Name="exceptionCount" Type="Edm.Int32"/>
        <Property Name="criticalCount" Type="Edm.Int32"/>
        <Property Name="pendingConfirmation" Type="Edm.Int32"/>
        <Property Name="openExceptions" Type="Edm.Int32"/>
      </ComplexType>
      <ComplexType Name="AircraftVarianceAnalysis">
        <Property Name="tailNumber" Type="Edm.String" MaxLength="10"/>
        <Property Name="aircraftType" Type="Edm.String" MaxLength="10"/>
        <Property Name="flightCount" Type="Edm.Int32"/>
        <Property Name="totalPlannedKg" Type="Edm.Decimal" Precision="15" Scale="2"/>
        <Property Name="totalActualKg" Type="Edm.Decimal" Precision="15" Scale="2"/>
        <Property Name="totalVarianceKg" Type="Edm.Decimal" Precision="15" Scale="2"/>
        <Property Name="avgVariancePct" Type="Edm.Decimal" Precision="5" Scale="2"/>
        <Property Name="exceptionCount" Type="Edm.Int32"/>
        <Property Name="trend" Type="Edm.String" MaxLength="20"/>
      </ComplexType>
      <ComplexType Name="RouteVarianceAnalysis">
        <Property Name="routeCode" Type="Edm.String" MaxLength="20"/>
        <Property Name="originAirport" Type="Edm.String" MaxLength="3"/>
        <Property Name="destinationAirport" Type="Edm.String" MaxLength="3"/>
        <Property Name="flightCount" Type="Edm.Int32"/>
        <Property Name="avgPlannedKg" Type="Edm.Decimal" Precision="12" Scale="2"/>
        <Property Name="avgActualKg" Type="Edm.Decimal" Precision="12" Scale="2"/>
        <Property Name="avgVariancePct" Type="Edm.Decimal" Precision="5" Scale="2"/>
        <Property Name="stdDeviationKg" Type="Edm.Decimal" Precision="12" Scale="2"/>
      </ComplexType>
      <ComplexType Name="ExceptionQueueItem">
        <Property Name="exceptionId" Type="Edm.Guid"/>
        <Property Name="burnId" Type="Edm.Guid"/>
        <Property Name="tailNumber" Type="Edm.String" MaxLength="10"/>
        <Property Name="flightNumber" Type="Edm.String" MaxLength="10"/>
        <Property Name="exceptionDate" Type="Edm.Date"/>
        <Property Name="varianceKg" Type="Edm.Decimal" Precision="12" Scale="2"/>
        <Property Name="variancePct" Type="Edm.Decimal" Precision="5" Scale="2"/>
        <Property Name="varianceStatus" Type="Edm.String" MaxLength="20"/>
        <Property Name="status" Type="Edm.String" MaxLength="20"/>
        <Property Name="assignedTo" Type="Edm.String" MaxLength="100"/>
        <Property Name="daysOpen" Type="Edm.Int32"/>
      </ComplexType>
      <ComplexType Name="PendingConfirmation">
        <Property Name="burnId" Type="Edm.Guid"/>
        <Property Name="tailNumber" Type="Edm.String" MaxLength="10"/>
        <Property Name="flightNumber" Type="Edm.String" MaxLength="10"/>
        <Property Name="burnDate" Type="Edm.Date"/>
        <Property Name="actualBurnKg" Type="Edm.Decimal" Precision="12" Scale="2"/>
        <Property Name="dataSource" Type="Edm.String" MaxLength="20"/>
        <Property Name="variancePct" Type="Edm.Decimal" Precision="5" Scale="2"/>
        <Property Name="createdAt" Type="Edm.DateTimeOffset"/>
      </ComplexType>
      <ComplexType Name="FuelBurnSearchResult">
        <Property Name="burnId" Type="Edm.Guid"/>
        <Property Name="tailNumber" Type="Edm.String" MaxLength="10"/>
        <Property Name="flightNumber" Type="Edm.String" MaxLength="10"/>
        <Property Name="burnDate" Type="Edm.Date"/>
        <Property Name="originAirport" Type="Edm.String" MaxLength="3"/>
        <Property Name="destinationAirport" Type="Edm.String" MaxLength="3"/>
        <Property Name="plannedBurnKg" Type="Edm.Decimal" Precision="12" Scale="2"/>
        <Property Name="actualBurnKg" Type="Edm.Decimal" Precision="12" Scale="2"/>
        <Property Name="variancePct" Type="Edm.Decimal" Precision="5" Scale="2"/>
        <Property Name="varianceStatus" Type="Edm.String" MaxLength="20"/>
        <Property Name="dataSource" Type="Edm.String" MaxLength="20"/>
        <Property Name="status" Type="Edm.String" MaxLength="20"/>
      </ComplexType>
      <ComplexType Name="BurnEstimate">
        <Property Name="routeCode" Type="Edm.String" MaxLength="20"/>
        <Property Name="aircraftType" Type="Edm.String" MaxLength="10"/>
        <Property Name="estimatedBurnKg" Type="Edm.Decimal" Precision="12" Scale="2"/>
        <Property Name="confidenceLevel" Type="Edm.String" MaxLength="20"/>
        <Property Name="basedOnFlights" Type="Edm.Int32"/>
        <Property Name="standardDeviation" Type="Edm.Decimal" Precision="12" Scale="2"/>
        <Property Name="minHistorical" Type="Edm.Decimal" Precision="12" Scale="2"/>
        <Property Name="maxHistorical" Type="Edm.Decimal" Precision="12" Scale="2"/>
      </ComplexType>
      <Action Name="confirm" IsBound="true" EntitySetPath="in">
        <Parameter Name="in" Type="BurnService.FuelBurns"/>
        <ReturnType Type="BurnService.FuelBurns"/>
      </Action>
      <Action Name="reject" IsBound="true" EntitySetPath="in">
        <Parameter Name="in" Type="BurnService.FuelBurns"/>
        <Parameter Name="reason" Type="Edm.String"/>
        <ReturnType Type="BurnService.FuelBurns"/>
      </Action>
      <Action Name="recalculateVariance" IsBound="true" EntitySetPath="in">
        <Parameter Name="in" Type="BurnService.FuelBurns"/>
        <ReturnType Type="BurnService.FuelBurns"/>
      </Action>
      <Action Name="flagForReview" IsBound="true" EntitySetPath="in">
        <Parameter Name="in" Type="BurnService.FuelBurns"/>
        <Parameter Name="notes" Type="Edm.String"/>
        <ReturnType Type="BurnService.FuelBurns"/>
      </Action>
      <Action Name="completeReview" IsBound="true" EntitySetPath="in">
        <Parameter Name="in" Type="BurnService.FuelBurns"/>
        <Parameter Name="notes" Type="Edm.String"/>
        <ReturnType Type="BurnService.FuelBurns"/>
      </Action>
      <Action Name="postToFinance" IsBound="true" EntitySetPath="in">
        <Parameter Name="in" Type="BurnService.FuelBurns"/>
        <ReturnType Type="BurnService.FuelBurns"/>
      </Action>
      <Action Name="draftPrepare" IsBound="true" EntitySetPath="in">
        <Parameter Name="in" Type="BurnService.FuelBurns"/>
        <Parameter Name="SideEffectsQualifier" Type="Edm.String"/>
        <ReturnType Type="BurnService.FuelBurns"/>
      </Action>
      <Action Name="draftPrepare" IsBound="true" EntitySetPath="in">
        <Parameter Name="in" Type="BurnService.FuelBurnExceptions"/>
        <Parameter Name="SideEffectsQualifier" Type="Edm.String"/>
        <ReturnType Type="BurnService.FuelBurnExceptions"/>
      </Action>
      <Action Name="draftActivate" IsBound="true" EntitySetPath="in">
        <Parameter Name="in" Type="BurnService.FuelBurns"/>
        <ReturnType Type="BurnService.FuelBurns"/>
      </Action>
      <Action Name="draftActivate" IsBound="true" EntitySetPath="in">
        <Parameter Name="in" Type="BurnService.FuelBurnExceptions"/>
        <ReturnType Type="BurnService.FuelBurnExceptions"/>
      </Action>
      <Action Name="draftEdit" IsBound="true" EntitySetPath="in">
        <Parameter Name="in" Type="BurnService.FuelBurns"/>
        <Parameter Name="PreserveChanges" Type="Edm.Boolean"/>
        <ReturnType Type="BurnService.FuelBurns"/>
      </Action>
      <Action Name="draftEdit" IsBound="true" EntitySetPath="in">
        <Parameter Name="in" Type="BurnService.FuelBurnExceptions"/>
        <Parameter Name="PreserveChanges" Type="Edm.Boolean"/>
        <ReturnType Type="BurnService.FuelBurnExceptions"/>
      </Action>
      <Action Name="approveAdjustment" IsBound="true" EntitySetPath="in">
        <Parameter Name="in" Type="BurnService.ROBLedger"/>
        <ReturnType Type="BurnService.ROBLedger"/>
      </Action>
      <Action Name="rejectAdjustment" IsBound="true" EntitySetPath="in">
        <Parameter Name="in" Type="BurnService.ROBLedger"/>
        <Parameter Name="reason" Type="Edm.String"/>
        <ReturnType Type="BurnService.ROBLedger"/>
      </Action>
      <Action Name="assign" IsBound="true" EntitySetPath="in">
        <Parameter Name="in" Type="BurnService.FuelBurnExceptions"/>
        <Parameter Name="assignee" Type="Edm.String"/>
        <ReturnType Type="BurnService.FuelBurnExceptions"/>
      </Action>
      <Action Name="startInvestigation" IsBound="true" EntitySetPath="in">
        <Parameter Name="in" Type="BurnService.FuelBurnExceptions"/>
        <ReturnType Type="BurnService.FuelBurnExceptions"/>
      </Action>
      <Action Name="resolve" IsBound="true" EntitySetPath="in">
        <Parameter Name="in" Type="BurnService.FuelBurnExceptions"/>
        <Parameter Name="rootCause" Type="Edm.String"/>
        <Parameter Name="correctiveAction" Type="Edm.String"/>
        <ReturnType Type="BurnService.FuelBurnExceptions"/>
      </Action>
      <Action Name="close" IsBound="true" EntitySetPath="in">
        <Parameter Name="in" Type="BurnService.FuelBurnExceptions"/>
        <ReturnType Type="BurnService.FuelBurnExceptions"/>
      </Action>
      <Action Name="linkMaintenance" IsBound="true" EntitySetPath="in">
        <Parameter Name="in" Type="BurnService.FuelBurnExceptions"/>
        <Parameter Name="maintenanceOrder" Type="Edm.String"/>
        <ReturnType Type="BurnService.FuelBurnExceptions"/>
      </Action>
      <Action Name="ingestACARS" IsBound="false">
        <Parameter Name="flightNumber" Type="Edm.String"/>
        <Parameter Name="tailNumber" Type="Edm.String"/>
        <Parameter Name="burnDate" Type="Edm.Date"/>
        <Parameter Name="actualBurnKg" Type="Edm.Decimal" Scale="variable"/>
        <Parameter Name="messageType" Type="Edm.String"/>
        <Parameter Name="timestamp" Type="Edm.DateTimeOffset"/>
        <Parameter Name="messageId" Type="Edm.String"/>
        <ReturnType Type="BurnService.ACARSIngestResult"/>
      </Action>
      <Action Name="ingestEFB" IsBound="false">
        <Parameter Name="flightNumber" Type="Edm.String"/>
        <Parameter Name="tailNumber" Type="Edm.String"/>
        <Parameter Name="burnDate" Type="Edm.Date"/>
        <Parameter Name="actualBurnKg" Type="Edm.Decimal" Scale="variable"/>
        <Parameter Name="blockOffTime" Type="Edm.DateTimeOffset"/>
        <Parameter Name="blockOnTime" Type="Edm.DateTimeOffset"/>
        <Parameter Name="submissionId" Type="Edm.String"/>
        <ReturnType Type="BurnService.EFBIngestResult"/>
      </Action>
      <Action Name="loadJeffersonPlanned" IsBound="false">
        <Parameter Name="entries" Type="Collection(BurnService.JeffersonEntry)" Nullable="true"/>
        <ReturnType Type="BurnService.JeffersonLoadResult"/>
      </Action>
      <Action Name="adjustROB" IsBound="false">
        <Parameter Name="aircraftId" Type="Edm.Guid"/>
        <Parameter Name="tailNumber" Type="Edm.String"/>
        <Parameter Name="airportCode" Type="Edm.String"/>
        <Parameter Name="adjustmentKg" Type="Edm.Decimal" Scale="variable"/>
        <Parameter Name="reason" Type="Edm.String"/>
        <ReturnType Type="BurnService.ROBAdjustmentResult"/>
      </Action>
      <Action Name="recalculateROB" IsBound="false">
        <Parameter Name="aircraftId" Type="Edm.Guid"/>
        <Parameter Name="fromDate" Type="Edm.Date"/>
        <ReturnType Type="BurnService.ROBRecalculationResult"/>
      </Action>
      <Action Name="batchConfirm" IsBound="false">
        <Parameter Name="burnIds" Type="Collection(Edm.Guid)" Nullable="true"/>
        <ReturnType Type="BurnService.BatchConfirmResult"/>
      </Action>
      <Function Name="getCurrentROB" IsBound="false" IsComposable="false">
        <Parameter Name="tailNumber" Type="Edm.String"/>
        <ReturnType Type="BurnService.CurrentROBResult"/>
      </Function>
      <Function Name="getROBHistory" IsBound="false" IsComposable="false">
        <Parameter Name="tailNumber" Type="Edm.String"/>
        <Parameter Name="fromDate" Type="Edm.Date"/>
        <Parameter Name="toDate" Type="Edm.Date"/>
        <ReturnType Type="Collection(BurnService.ROBHistoryEntry)" Nullable="true"/>
      </Function>
      <Function Name="getFleetROBSummary" IsBound="false" IsComposable="false">
        <ReturnType Type="Collection(BurnService.FleetROBSummary)" Nullable="true"/>
      </Function>
      <Function Name="getDashboardKPIs" IsBound="false" IsComposable="false">
        <Parameter Name="fromDate" Type="Edm.Date"/>
        <Parameter Name="toDate" Type="Edm.Date"/>
        <ReturnType Type="BurnService.BurnDashboardKPIs"/>
      </Function>
      <Function Name="getVarianceByAircraft" IsBound="false" IsComposable="false">
        <Parameter Name="fromDate" Type="Edm.Date"/>
        <Parameter Name="toDate" Type="Edm.Date"/>
        <Parameter Name="aircraftType" Type="Edm.String"/>
        <ReturnType Type="Collection(BurnService.AircraftVarianceAnalysis)" Nullable="true"/>
      </Function>
      <Function Name="getVarianceByRoute" IsBound="false" IsComposable="false">
        <Parameter Name="fromDate" Type="Edm.Date"/>
        <Parameter Name="toDate" Type="Edm.Date"/>
        <ReturnType Type="Collection(BurnService.RouteVarianceAnalysis)" Nullable="true"/>
      </Function>
      <Function Name="getExceptionQueue" IsBound="false" IsComposable="false">
        <ReturnType Type="Collection(BurnService.ExceptionQueueItem)" Nullable="true"/>
      </Function>
      <Function Name="getPendingConfirmations" IsBound="false" IsComposable="false">
        <ReturnType Type="Collection(BurnService.PendingConfirmation)" Nullable="true"/>
      </Function>
      <Function Name="searchFuelBurns" IsBound="false" IsComposable="false">
        <Parameter Name="tailNumber" Type="Edm.String"/>
        <Parameter Name="flightNumber" Type="Edm.String"/>
        <Parameter Name="fromDate" Type="Edm.Date"/>
        <Parameter Name="toDate" Type="Edm.Date"/>
        <Parameter Name="dataSource" Type="Edm.String"/>
        <Parameter Name="status" Type="Edm.String"/>
        <Parameter Name="varianceStatus" Type="Edm.String"/>
        <ReturnType Type="Collection(BurnService.FuelBurnSearchResult)" Nullable="true"/>
      </Function>
      <Function Name="estimateBurn" IsBound="false" IsComposable="false">
        <Parameter Name="routeCode" Type="Edm.String"/>
        <Parameter Name="aircraftType" Type="Edm.String"/>
        <ReturnType Type="BurnService.BurnEstimate"/>
      </Function>
      <Annotations Target="BurnService.EntityContainer/FuelBurns">
        <Annotation Term="Common.DraftRoot">
          <Record Type="Common.DraftRootType">
            <PropertyValue Property="ActivationAction" String="BurnService.draftActivate"/>
            <PropertyValue Property="EditAction" String="BurnService.draftEdit"/>
            <PropertyValue Property="PreparationAction" String="BurnService.draftPrepare"/>
          </Record>
        </Annotation>
      </Annotations>
      <Annotations Target="BurnService.FuelBurns/ID">
        <Annotation Term="Core.ComputedDefaultValue" Bool="true"/>
      </Annotations>
      <Annotations Target="BurnService.FuelBurns/created_at">
        <Annotation Term="Core.Computed" Bool="true"/>
      </Annotations>
      <Annotations Target="BurnService.FuelBurns/created_by">
        <Annotation Term="Core.Computed" Bool="true"/>
      </Annotations>
      <Annotations Target="BurnService.FuelBurns/modified_at">
        <Annotation Term="Core.Computed" Bool="true"/>
      </Annotations>
      <Annotations Target="BurnService.FuelBurns/modified_by">
        <Annotation Term="Core.Computed" Bool="true"/>
      </Annotations>
      <Annotations Target="BurnService.FuelBurns/aircraft_type_code">
        <Annotation Term="Common.FieldControl" EnumMember="Common.FieldControlType/Mandatory"/>
      </Annotations>
      <Annotations Target="BurnService.FuelBurns/tail_number">
        <Annotation Term="Common.FieldControl" EnumMember="Common.FieldControlType/Mandatory"/>
      </Annotations>
      <Annotations Target="BurnService.FuelBurns/burn_date">
        <Annotation Term="Common.FieldControl" EnumMember="Common.FieldControlType/Mandatory"/>
      </Annotations>
      <Annotations Target="BurnService.FuelBurns/actual_burn_kg">
        <Annotation Term="Common.FieldControl" EnumMember="Common.FieldControlType/Mandatory"/>
      </Annotations>
      <Annotations Target="BurnService.FuelBurns/variance_status">
        <Annotation Term="Validation.AllowedValues">
          <Collection>
            <Record Type="Validation.AllowedValue">
              <Annotation Term="Core.SymbolicName" String="Normal"/>
              <PropertyValue Property="Value" String="NORMAL"/>
            </Record>
            <Record Type="Validation.AllowedValue">
              <Annotation Term="Core.SymbolicName" String="Warning"/>
              <PropertyValue Property="Value" String="WARNING"/>
            </Record>
            <Record Type="Validation.AllowedValue">
              <Annotation Term="Core.SymbolicName" String="Exception"/>
              <PropertyValue Property="Value" String="EXCEPTION"/>
            </Record>
            <Record Type="Validation.AllowedValue">
              <Annotation Term="Core.SymbolicName" String="Critical"/>
              <PropertyValue Property="Value" String="CRITICAL"/>
            </Record>
          </Collection>
        </Annotation>
      </Annotations>
      <Annotations Target="BurnService.FuelBurns/data_source">
        <Annotation Term="Common.FieldControl" EnumMember="Common.FieldControlType/Mandatory"/>
        <Annotation Term="Validation.AllowedValues">
          <Collection>
            <Record Type="Validation.AllowedValue">
              <Annotation Term="Core.SymbolicName" String="ACARS"/>
              <PropertyValue Property="Value" String="ACARS"/>
            </Record>
            <Record Type="Validation.AllowedValue">
              <Annotation Term="Core.SymbolicName" String="Jefferson"/>
              <PropertyValue Property="Value" String="JEFFERSON"/>
            </Record>
            <Record Type="Validation.AllowedValue">
              <Annotation Term="Core.SymbolicName" String="EFB"/>
              <PropertyValue Property="Value" String="EFB"/>
            </Record>
            <Record Type="Validation.AllowedValue">
              <Annotation Term="Core.SymbolicName" String="Manual"/>
              <PropertyValue Property="Value" String="MANUAL"/>
            </Record>
          </Collection>
        </Annotation>
      </Annotations>
      <Annotations Target="BurnService.FuelBurns/status">
        <Annotation Term="Validation.AllowedValues">
          <Collection>
            <Record Type="Validation.AllowedValue">
              <Annotation Term="Core.SymbolicName" String="Preliminary"/>
              <PropertyValue Property="Value" String="PRELIMINARY"/>
            </Record>
            <Record Type="Validation.AllowedValue">
              <Annotation Term="Core.SymbolicName" String="Confirmed"/>
              <PropertyValue Property="Value" String="CONFIRMED"/>
            </Record>
            <Record Type="Validation.AllowedValue">
              <Annotation Term="Core.SymbolicName" String="Adjusted"/>
              <PropertyValue Property="Value" String="ADJUSTED"/>
            </Record>
            <Record Type="Validation.AllowedValue">
              <Annotation Term="Core.SymbolicName" String="Rejected"/>
              <PropertyValue Property="Value" String="REJECTED"/>
            </Record>
          </Collection>
        </Annotation>
      </Annotations>
      <Annotations Target="BurnService.FuelBurns/IsActiveEntity">
        <Annotation Term="UI.Hidden" Bool="true"/>
      </Annotations>
      <Annotations Target="BurnService.FuelBurns/HasActiveEntity">
        <Annotation Term="UI.Hidden" Bool="true"/>
      </Annotations>
      <Annotations Target="BurnService.FuelBurns/HasDraftEntity">
        <Annotation Term="UI.Hidden" Bool="true"/>
      </Annotations>
      <Annotations Target="BurnService.FuelBurns/DraftAdministrativeData">
        <Annotation Term="UI.Hidden" Bool="true"/>
      </Annotations>
      <Annotations Target="BurnService.ROBLedger/ID">
        <Annotation Term="Core.ComputedDefaultValue" Bool="true"/>
      </Annotations>
      <Annotations Target="BurnService.ROBLedger/created_at">
        <Annotation Term="Core.Computed" Bool="true"/>
      </Annotations>
      <Annotations Target="BurnService.ROBLedger/created_by">
        <Annotation Term="Core.Computed" Bool="true"/>
      </Annotations>
      <Annotations Target="BurnService.ROBLedger/modified_at">
        <Annotation Term="Core.Computed" Bool="true"/>
      </Annotations>
      <Annotations Target="BurnService.ROBLedger/modified_by">
        <Annotation Term="Core.Computed" Bool="true"/>
      </Annotations>
      <Annotations Target="BurnService.ROBLedger/aircraft_type_code">
        <Annotation Term="Common.FieldControl" EnumMember="Common.FieldControlType/Mandatory"/>
      </Annotations>
      <Annotations Target="BurnService.ROBLedger/tail_number">
        <Annotation Term="Common.FieldControl" EnumMember="Common.FieldControlType/Mandatory"/>
      </Annotations>
      <Annotations Target="BurnService.ROBLedger/record_date">
        <Annotation Term="Common.FieldControl" EnumMember="Common.FieldControlType/Mandatory"/>
      </Annotations>
      <Annotations Target="BurnService.ROBLedger/record_time">
        <Annotation Term="Common.FieldControl" EnumMember="Common.FieldControlType/Mandatory"/>
      </Annotations>
      <Annotations Target="BurnService.ROBLedger/sequence">
        <Annotation Term="Common.FieldControl" EnumMember="Common.FieldControlType/Mandatory"/>
      </Annotations>
      <Annotations Target="BurnService.ROBLedger/airport_ID">
        <Annotation Term="Common.FieldControl" EnumMember="Common.FieldControlType/Mandatory"/>
      </Annotations>
      <Annotations Target="BurnService.ROBLedger/airport_code">
        <Annotation Term="Common.FieldControl" EnumMember="Common.FieldControlType/Mandatory"/>
      </Annotations>
      <Annotations Target="BurnService.ROBLedger/entry_type">
        <Annotation Term="Common.FieldControl" EnumMember="Common.FieldControlType/Mandatory"/>
        <Annotation Term="Validation.AllowedValues">
          <Collection>
            <Record Type="Validation.AllowedValue">
              <Annotation Term="Core.SymbolicName" String="Flight"/>
              <PropertyValue Property="Value" String="FLIGHT"/>
            </Record>
            <Record Type="Validation.AllowedValue">
              <Annotation Term="Core.SymbolicName" String="Uplift"/>
              <PropertyValue Property="Value" String="UPLIFT"/>
            </Record>
            <Record Type="Validation.AllowedValue">
              <Annotation Term="Core.SymbolicName" String="Adjustment"/>
              <PropertyValue Property="Value" String="ADJUSTMENT"/>
            </Record>
            <Record Type="Validation.AllowedValue">
              <Annotation Term="Core.SymbolicName" String="Initial"/>
              <PropertyValue Property="Value" String="INITIAL"/>
            </Record>
            <Record Type="Validation.AllowedValue">
              <Annotation Term="Core.SymbolicName" String="Transfer"/>
              <PropertyValue Property="Value" String="TRANSFER"/>
            </Record>
          </Collection>
        </Annotation>
      </Annotations>
      <Annotations Target="BurnService.ROBLedger/opening_rob_kg">
        <Annotation Term="Common.FieldControl" EnumMember="Common.FieldControlType/Mandatory"/>
      </Annotations>
      <Annotations Target="BurnService.ROBLedger/closing_rob_kg">
        <Annotation Term="Common.FieldControl" EnumMember="Common.FieldControlType/Mandatory"/>
        <Annotation Term="Validation.Minimum" Int="0"/>
      </Annotations>
      <Annotations Target="BurnService.EntityContainer/FuelBurnExceptions">
        <Annotation Term="Common.DraftRoot">
          <Record Type="Common.DraftRootType">
            <PropertyValue Property="ActivationAction" String="BurnService.draftActivate"/>
            <PropertyValue Property="EditAction" String="BurnService.draftEdit"/>
            <PropertyValue Property="PreparationAction" String="BurnService.draftPrepare"/>
          </Record>
        </Annotation>
      </Annotations>
      <Annotations Target="BurnService.FuelBurnExceptions/ID">
        <Annotation Term="Core.ComputedDefaultValue" Bool="true"/>
      </Annotations>
      <Annotations Target="BurnService.FuelBurnExceptions/created_at">
        <Annotation Term="Core.Computed" Bool="true"/>
      </Annotations>
      <Annotations Target="BurnService.FuelBurnExceptions/created_by">
        <Annotation Term="Core.Computed" Bool="true"/>
      </Annotations>
      <Annotations Target="BurnService.FuelBurnExceptions/modified_at">
        <Annotation Term="Core.Computed" Bool="true"/>
      </Annotations>
      <Annotations Target="BurnService.FuelBurnExceptions/modified_by">
        <Annotation Term="Core.Computed" Bool="true"/>
      </Annotations>
      <Annotations Target="BurnService.FuelBurnExceptions/fuel_burn_ID">
        <Annotation Term="Common.FieldControl" EnumMember="Common.FieldControlType/Mandatory"/>
      </Annotations>
      <Annotations Target="BurnService.FuelBurnExceptions/aircraft_type_code">
        <Annotation Term="Common.FieldControl" EnumMember="Common.FieldControlType/Mandatory"/>
      </Annotations>
      <Annotations Target="BurnService.FuelBurnExceptions/tail_number">
        <Annotation Term="Common.FieldControl" EnumMember="Common.FieldControlType/Mandatory"/>
      </Annotations>
      <Annotations Target="BurnService.FuelBurnExceptions/exception_date">
        <Annotation Term="Common.FieldControl" EnumMember="Common.FieldControlType/Mandatory"/>
      </Annotations>
      <Annotations Target="BurnService.FuelBurnExceptions/variance_kg">
        <Annotation Term="Common.FieldControl" EnumMember="Common.FieldControlType/Mandatory"/>
      </Annotations>
      <Annotations Target="BurnService.FuelBurnExceptions/variance_pct">
        <Annotation Term="Common.FieldControl" EnumMember="Common.FieldControlType/Mandatory"/>
      </Annotations>
      <Annotations Target="BurnService.FuelBurnExceptions/variance_status">
        <Annotation Term="Common.FieldControl" EnumMember="Common.FieldControlType/Mandatory"/>
        <Annotation Term="Validation.AllowedValues">
          <Collection>
            <Record Type="Validation.AllowedValue">
              <Annotation Term="Core.SymbolicName" String="Normal"/>
              <PropertyValue Property="Value" String="NORMAL"/>
            </Record>
            <Record Type="Validation.AllowedValue">
              <Annotation Term="Core.SymbolicName" String="Warning"/>
              <PropertyValue Property="Value" String="WARNING"/>
            </Record>
            <Record Type="Validation.AllowedValue">
              <Annotation Term="Core.SymbolicName" String="Exception"/>
              <PropertyValue Property="Value" String="EXCEPTION"/>
            </Record>
            <Record Type="Validation.AllowedValue">
              <Annotation Term="Core.SymbolicName" String="Critical"/>
              <PropertyValue Property="Value" String="CRITICAL"/>
            </Record>
          </Collection>
        </Annotation>
      </Annotations>
      <Annotations Target="BurnService.FuelBurnExceptions/IsActiveEntity">
        <Annotation Term="UI.Hidden" Bool="true"/>
      </Annotations>
      <Annotations Target="BurnService.FuelBurnExceptions/HasActiveEntity">
        <Annotation Term="UI.Hidden" Bool="true"/>
      </Annotations>
      <Annotations Target="BurnService.FuelBurnExceptions/HasDraftEntity">
        <Annotation Term="UI.Hidden" Bool="true"/>
      </Annotations>
      <Annotations Target="BurnService.FuelBurnExceptions/DraftAdministrativeData">
        <Annotation Term="UI.Hidden" Bool="true"/>
      </Annotations>
      <Annotations Target="BurnService.EntityContainer/Flights">
        <Annotation Term="Capabilities.DeleteRestrictions">
          <Record Type="Capabilities.DeleteRestrictionsType">
            <PropertyValue Property="Deletable" Bool="false"/>
          </Record>
        </Annotation>
        <Annotation Term="Capabilities.InsertRestrictions">
          <Record Type="Capabilities.InsertRestrictionsType">
            <PropertyValue Property="Insertable" Bool="false"/>
          </Record>
        </Annotation>
        <Annotation Term="Capabilities.UpdateRestrictions">
          <Record Type="Capabilities.UpdateRestrictionsType">
            <PropertyValue Property="Updatable" Bool="false"/>
          </Record>
        </Annotation>
      </Annotations>
      <Annotations Target="BurnService.Flights/ID">
        <Annotation Term="Core.ComputedDefaultValue" Bool="true"/>
      </Annotations>
      <Annotations Target="BurnService.Flights/created_at">
        <Annotation Term="Core.Computed" Bool="true"/>
      </Annotations>
      <Annotations Target="BurnService.Flights/created_by">
        <Annotation Term="Core.Computed" Bool="true"/>
      </Annotations>
      <Annotations Target="BurnService.Flights/modified_at">
        <Annotation Term="Core.Computed" Bool="true"/>
      </Annotations>
      <Annotations Target="BurnService.Flights/modified_by">
        <Annotation Term="Core.Computed" Bool="true"/>
      </Annotations>
      <Annotations Target="BurnService.Flights/flight_number">
        <Annotation Term="Common.FieldControl" EnumMember="Common.FieldControlType/Mandatory"/>
      </Annotations>
      <Annotations Target="BurnService.Flights/flight_date">
        <Annotation Term="Common.FieldControl" EnumMember="Common.FieldControlType/Mandatory"/>
      </Annotations>
      <Annotations Target="BurnService.Flights/origin_airport">
        <Annotation Term="Common.FieldControl" EnumMember="Common.FieldControlType/Mandatory"/>
      </Annotations>
      <Annotations Target="BurnService.Flights/destination_airport">
        <Annotation Term="Common.FieldControl" EnumMember="Common.FieldControlType/Mandatory"/>
      </Annotations>
      <Annotations Target="BurnService.EntityContainer/Aircraft">
        <Annotation Term="Capabilities.DeleteRestrictions">
          <Record Type="Capabilities.DeleteRestrictionsType">
            <PropertyValue Property="Deletable" Bool="false"/>
          </Record>
        </Annotation>
        <Annotation Term="Capabilities.InsertRestrictions">
          <Record Type="Capabilities.InsertRestrictionsType">
            <PropertyValue Property="Insertable" Bool="false"/>
          </Record>
        </Annotation>
        <Annotation Term="Capabilities.UpdateRestrictions">
          <Record Type="Capabilities.UpdateRestrictionsType">
            <PropertyValue Property="Updatable" Bool="false"/>
          </Record>
        </Annotation>
      </Annotations>
      <Annotations Target="BurnService.Aircraft/created_at">
        <Annotation Term="Core.Computed" Bool="true"/>
      </Annotations>
      <Annotations Target="BurnService.Aircraft/created_by">
        <Annotation Term="Core.Computed" Bool="true"/>
      </Annotations>
      <Annotations Target="BurnService.Aircraft/modified_at">
        <Annotation Term="Core.Computed" Bool="true"/>
      </Annotations>
      <Annotations Target="BurnService.Aircraft/modified_by">
        <Annotation Term="Core.Computed" Bool="true"/>
      </Annotations>
      <Annotations Target="BurnService.EntityContainer/Manufacturers">
        <Annotation Term="Capabilities.DeleteRestrictions">
          <Record Type="Capabilities.DeleteRestrictionsType">
            <PropertyValue Property="Deletable" Bool="false"/>
          </Record>
        </Annotation>
        <Annotation Term="Capabilities.InsertRestrictions">
          <Record Type="Capabilities.InsertRestrictionsType">
            <PropertyValue Property="Insertable" Bool="false"/>
          </Record>
        </Annotation>
        <Annotation Term="Capabilities.UpdateRestrictions">
          <Record Type="Capabilities.UpdateRestrictionsType">
            <PropertyValue Property="Updatable" Bool="false"/>
          </Record>
        </Annotation>
      </Annotations>
      <Annotations Target="BurnService.Manufacturers/created_at">
        <Annotation Term="Core.Computed" Bool="true"/>
      </Annotations>
      <Annotations Target="BurnService.Manufacturers/created_by">
        <Annotation Term="Core.Computed" Bool="true"/>
      </Annotations>
      <Annotations Target="BurnService.Manufacturers/modified_at">
        <Annotation Term="Core.Computed" Bool="true"/>
      </Annotations>
      <Annotations Target="BurnService.Manufacturers/modified_by">
        <Annotation Term="Core.Computed" Bool="true"/>
      </Annotations>
      <Annotations Target="BurnService.EntityContainer/Airports">
        <Annotation Term="Capabilities.DeleteRestrictions">
          <Record Type="Capabilities.DeleteRestrictionsType">
            <PropertyValue Property="Deletable" Bool="false"/>
          </Record>
        </Annotation>
        <Annotation Term="Capabilities.InsertRestrictions">
          <Record Type="Capabilities.InsertRestrictionsType">
            <PropertyValue Property="Insertable" Bool="false"/>
          </Record>
        </Annotation>
        <Annotation Term="Capabilities.UpdateRestrictions">
          <Record Type="Capabilities.UpdateRestrictionsType">
            <PropertyValue Property="Updatable" Bool="false"/>
          </Record>
        </Annotation>
      </Annotations>
      <Annotations Target="BurnService.Airports/ID">
        <Annotation Term="Core.ComputedDefaultValue" Bool="true"/>
      </Annotations>
      <Annotations Target="BurnService.Airports/created_at">
        <Annotation Term="Core.Computed" Bool="true"/>
      </Annotations>
      <Annotations Target="BurnService.Airports/created_by">
        <Annotation Term="Core.Computed" Bool="true"/>
      </Annotations>
      <Annotations Target="BurnService.Airports/modified_at">
        <Annotation Term="Core.Computed" Bool="true"/>
      </Annotations>
      <Annotations Target="BurnService.Airports/modified_by">
        <Annotation Term="Core.Computed" Bool="true"/>
      </Annotations>
      <Annotations Target="BurnService.Airports/iata_code">
        <Annotation Term="Common.FieldControl" EnumMember="Common.FieldControlType/Mandatory"/>
      </Annotations>
      <Annotations Target="BurnService.Airports/airport_name">
        <Annotation Term="Common.FieldControl" EnumMember="Common.FieldControlType/Mandatory"/>
      </Annotations>
      <Annotations Target="BurnService.Airports/city">
        <Annotation Term="Common.FieldControl" EnumMember="Common.FieldControlType/Mandatory"/>
      </Annotations>
      <Annotations Target="BurnService.Airports/country_code">
        <Annotation Term="Common.FieldControl" EnumMember="Common.FieldControlType/Mandatory"/>
      </Annotations>
      <Annotations Target="BurnService.EntityContainer/Countries">
        <Annotation Term="Capabilities.DeleteRestrictions">
          <Record Type="Capabilities.DeleteRestrictionsType">
            <PropertyValue Property="Deletable" Bool="false"/>
          </Record>
        </Annotation>
        <Annotation Term="Capabilities.InsertRestrictions">
          <Record Type="Capabilities.InsertRestrictionsType">
            <PropertyValue Property="Insertable" Bool="false"/>
          </Record>
        </Annotation>
        <Annotation Term="Capabilities.UpdateRestrictions">
          <Record Type="Capabilities.UpdateRestrictionsType">
            <PropertyValue Property="Updatable" Bool="false"/>
          </Record>
        </Annotation>
      </Annotations>
      <Annotations Target="BurnService.EntityContainer/FuelDeliveries">
        <Annotation Term="Capabilities.DeleteRestrictions">
          <Record Type="Capabilities.DeleteRestrictionsType">
            <PropertyValue Property="Deletable" Bool="false"/>
          </Record>
        </Annotation>
        <Annotation Term="Capabilities.InsertRestrictions">
          <Record Type="Capabilities.InsertRestrictionsType">
            <PropertyValue Property="Insertable" Bool="false"/>
          </Record>
        </Annotation>
        <Annotation Term="Capabilities.UpdateRestrictions">
          <Record Type="Capabilities.UpdateRestrictionsType">
            <PropertyValue Property="Updatable" Bool="false"/>
          </Record>
        </Annotation>
      </Annotations>
      <Annotations Target="BurnService.FuelDeliveries/ID">
        <Annotation Term="Core.ComputedDefaultValue" Bool="true"/>
      </Annotations>
      <Annotations Target="BurnService.FuelDeliveries/created_at">
        <Annotation Term="Core.Computed" Bool="true"/>
      </Annotations>
      <Annotations Target="BurnService.FuelDeliveries/created_by">
        <Annotation Term="Core.Computed" Bool="true"/>
      </Annotations>
      <Annotations Target="BurnService.FuelDeliveries/modified_at">
        <Annotation Term="Core.Computed" Bool="true"/>
      </Annotations>
      <Annotations Target="BurnService.FuelDeliveries/modified_by">
        <Annotation Term="Core.Computed" Bool="true"/>
      </Annotations>
      <Annotations Target="BurnService.FuelDeliveries/order_ID">
        <Annotation Term="Common.FieldControl" EnumMember="Common.FieldControlType/Mandatory"/>
      </Annotations>
      <Annotations Target="BurnService.FuelDeliveries/delivery_number">
        <Annotation Term="Common.FieldControl" EnumMember="Common.FieldControlType/Mandatory"/>
      </Annotations>
      <Annotations Target="BurnService.FuelDeliveries/delivery_date">
        <Annotation Term="Common.FieldControl" EnumMember="Common.FieldControlType/Mandatory"/>
      </Annotations>
      <Annotations Target="BurnService.FuelDeliveries/delivery_time">
        <Annotation Term="Common.FieldControl" EnumMember="Common.FieldControlType/Mandatory"/>
      </Annotations>
      <Annotations Target="BurnService.FuelDeliveries/delivered_quantity">
        <Annotation Term="Common.FieldControl" EnumMember="Common.FieldControlType/Mandatory"/>
      </Annotations>
      <Annotations Target="BurnService.FuelDeliveries/temperature">
        <Annotation Term="Validation.Minimum" Int="-40"/>
        <Annotation Term="Validation.Maximum" Int="50"/>
      </Annotations>
      <Annotations Target="BurnService.FuelDeliveries/density">
        <Annotation Term="Validation.Minimum" Float="0.775"/>
        <Annotation Term="Validation.Maximum" Float="0.84"/>
      </Annotations>
      <Annotations Target="BurnService.FuelDeliveries/status">
        <Annotation Term="Validation.AllowedValues">
          <Collection>
            <Record Type="Validation.AllowedValue">
              <Annotation Term="Core.SymbolicName" String="Pending"/>
              <PropertyValue Property="Value" String="Pending"/>
            </Record>
            <Record Type="Validation.AllowedValue">
              <Annotation Term="Core.SymbolicName" String="Verified"/>
              <PropertyValue Property="Value" String="Verified"/>
            </Record>
            <Record Type="Validation.AllowedValue">
              <Annotation Term="Core.SymbolicName" String="Posted"/>
              <PropertyValue Property="Value" String="Posted"/>
            </Record>
            <Record Type="Validation.AllowedValue">
              <Annotation Term="Core.SymbolicName" String="Disputed"/>
              <PropertyValue Property="Value" String="Disputed"/>
            </Record>
          </Collection>
        </Annotation>
      </Annotations>
      <Annotations Target="BurnService.EntityContainer/FuelOrders">
        <Annotation Term="Capabilities.DeleteRestrictions">
          <Record Type="Capabilities.DeleteRestrictionsType">
            <PropertyValue Property="Deletable" Bool="false"/>
          </Record>
        </Annotation>
        <Annotation Term="Capabilities.InsertRestrictions">
          <Record Type="Capabilities.InsertRestrictionsType">
            <PropertyValue Property="Insertable" Bool="false"/>
          </Record>
        </Annotation>
        <Annotation Term="Capabilities.UpdateRestrictions">
          <Record Type="Capabilities.UpdateRestrictionsType">
            <PropertyValue Property="Updatable" Bool="false"/>
          </Record>
        </Annotation>
      </Annotations>
      <Annotations Target="BurnService.FuelOrders/ID">
        <Annotation Term="Core.ComputedDefaultValue" Bool="true"/>
      </Annotations>
      <Annotations Target="BurnService.FuelOrders/created_at">
        <Annotation Term="Core.Computed" Bool="true"/>
      </Annotations>
      <Annotations Target="BurnService.FuelOrders/created_by">
        <Annotation Term="Core.Computed" Bool="true"/>
      </Annotations>
      <Annotations Target="BurnService.FuelOrders/modified_at">
        <Annotation Term="Core.Computed" Bool="true"/>
      </Annotations>
      <Annotations Target="BurnService.FuelOrders/modified_by">
        <Annotation Term="Core.Computed" Bool="true"/>
      </Annotations>
      <Annotations Target="BurnService.FuelOrders/order_number">
        <Annotation Term="Common.FieldControl" EnumMember="Common.FieldControlType/Mandatory"/>
      </Annotations>
      <Annotations Target="BurnService.FuelOrders/station_code">
        <Annotation Term="Common.FieldControl" EnumMember="Common.FieldControlType/Mandatory"/>
      </Annotations>
      <Annotations Target="BurnService.FuelOrders/ordered_quantity">
        <Annotation Term="Common.FieldControl" EnumMember="Common.FieldControlType/Mandatory"/>
      </Annotations>
      <Annotations Target="BurnService.FuelOrders/requested_date">
        <Annotation Term="Common.FieldControl" EnumMember="Common.FieldControlType/Mandatory"/>
      </Annotations>
      <Annotations Target="BurnService.FuelOrders/priority">
        <Annotation Term="Validation.AllowedValues">
          <Collection>
            <Record Type="Validation.AllowedValue">
              <Annotation Term="Core.SymbolicName" String="Normal"/>
              <PropertyValue Property="Value" String="Normal"/>
            </Record>
            <Record Type="Validation.AllowedValue">
              <Annotation Term="Core.SymbolicName" String="High"/>
              <PropertyValue Property="Value" String="High"/>
            </Record>
            <Record Type="Validation.AllowedValue">
              <Annotation Term="Core.SymbolicName" String="Urgent"/>
              <PropertyValue Property="Value" String="Urgent"/>
            </Record>
          </Collection>
        </Annotation>
      </Annotations>
      <Annotations Target="BurnService.FuelOrders/status">
        <Annotation Term="Validation.AllowedValues">
          <Collection>
            <Record Type="Validation.AllowedValue">
              <Annotation Term="Core.SymbolicName" String="Draft"/>
              <PropertyValue Property="Value" String="Draft"/>
            </Record>
            <Record Type="Validation.AllowedValue">
              <Annotation Term="Core.SymbolicName" String="Submitted"/>
              <PropertyValue Property="Value" String="Submitted"/>
            </Record>
            <Record Type="Validation.AllowedValue">
              <Annotation Term="Core.SymbolicName" String="Confirmed"/>
              <PropertyValue Property="Value" String="Confirmed"/>
            </Record>
            <Record Type="Validation.AllowedValue">
              <Annotation Term="Core.SymbolicName" String="InProgress"/>
              <PropertyValue Property="Value" String="InProgress"/>
            </Record>
            <Record Type="Validation.AllowedValue">
              <Annotation Term="Core.SymbolicName" String="Delivered"/>
              <PropertyValue Property="Value" String="Delivered"/>
            </Record>
            <Record Type="Validation.AllowedValue">
              <Annotation Term="Core.SymbolicName" String="Cancelled"/>
              <PropertyValue Property="Value" String="Cancelled"/>
            </Record>
          </Collection>
        </Annotation>
      </Annotations>
      <Annotations Target="BurnService.getCurrentROB(Edm.String)/tailNumber">
        <Annotation Term="Core.OptionalParameter">
          <Record Type="Core.OptionalParameterType"/>
        </Annotation>
      </Annotations>
      <Annotations Target="BurnService.getROBHistory(Edm.String,Edm.Date,Edm.Date)/tailNumber">
        <Annotation Term="Core.OptionalParameter">
          <Record Type="Core.OptionalParameterType"/>
        </Annotation>
      </Annotations>
      <Annotations Target="BurnService.getROBHistory(Edm.String,Edm.Date,Edm.Date)/fromDate">
        <Annotation Term="Core.OptionalParameter">
          <Record Type="Core.OptionalParameterType"/>
        </Annotation>
      </Annotations>
      <Annotations Target="BurnService.getROBHistory(Edm.String,Edm.Date,Edm.Date)/toDate">
        <Annotation Term="Core.OptionalParameter">
          <Record Type="Core.OptionalParameterType"/>
        </Annotation>
      </Annotations>
      <Annotations Target="BurnService.getDashboardKPIs(Edm.Date,Edm.Date)/fromDate">
        <Annotation Term="Core.OptionalParameter">
          <Record Type="Core.OptionalParameterType"/>
        </Annotation>
      </Annotations>
      <Annotations Target="BurnService.getDashboardKPIs(Edm.Date,Edm.Date)/toDate">
        <Annotation Term="Core.OptionalParameter">
          <Record Type="Core.OptionalParameterType"/>
        </Annotation>
      </Annotations>
      <Annotations Target="BurnService.getVarianceByAircraft(Edm.Date,Edm.Date,Edm.String)/fromDate">
        <Annotation Term="Core.OptionalParameter">
          <Record Type="Core.OptionalParameterType"/>
        </Annotation>
      </Annotations>
      <Annotations Target="BurnService.getVarianceByAircraft(Edm.Date,Edm.Date,Edm.String)/toDate">
        <Annotation Term="Core.OptionalParameter">
          <Record Type="Core.OptionalParameterType"/>
        </Annotation>
      </Annotations>
      <Annotations Target="BurnService.getVarianceByAircraft(Edm.Date,Edm.Date,Edm.String)/aircraftType">
        <Annotation Term="Core.OptionalParameter">
          <Record Type="Core.OptionalParameterType"/>
        </Annotation>
      </Annotations>
      <Annotations Target="BurnService.getVarianceByRoute(Edm.Date,Edm.Date)/fromDate">
        <Annotation Term="Core.OptionalParameter">
          <Record Type="Core.OptionalParameterType"/>
        </Annotation>
      </Annotations>
      <Annotations Target="BurnService.getVarianceByRoute(Edm.Date,Edm.Date)/toDate">
        <Annotation Term="Core.OptionalParameter">
          <Record Type="Core.OptionalParameterType"/>
        </Annotation>
      </Annotations>
      <Annotations Target="BurnService.searchFuelBurns(Edm.String,Edm.String,Edm.Date,Edm.Date,Edm.String,Edm.String,Edm.String)/tailNumber">
        <Annotation Term="Core.OptionalParameter">
          <Record Type="Core.OptionalParameterType"/>
        </Annotation>
      </Annotations>
      <Annotations Target="BurnService.searchFuelBurns(Edm.String,Edm.String,Edm.Date,Edm.Date,Edm.String,Edm.String,Edm.String)/flightNumber">
        <Annotation Term="Core.OptionalParameter">
          <Record Type="Core.OptionalParameterType"/>
        </Annotation>
      </Annotations>
      <Annotations Target="BurnService.searchFuelBurns(Edm.String,Edm.String,Edm.Date,Edm.Date,Edm.String,Edm.String,Edm.String)/fromDate">
        <Annotation Term="Core.OptionalParameter">
          <Record Type="Core.OptionalParameterType"/>
        </Annotation>
      </Annotations>
      <Annotations Target="BurnService.searchFuelBurns(Edm.String,Edm.String,Edm.Date,Edm.Date,Edm.String,Edm.String,Edm.String)/toDate">
        <Annotation Term="Core.OptionalParameter">
          <Record Type="Core.OptionalParameterType"/>
        </Annotation>
      </Annotations>
      <Annotations Target="BurnService.searchFuelBurns(Edm.String,Edm.String,Edm.Date,Edm.Date,Edm.String,Edm.String,Edm.String)/dataSource">
        <Annotation Term="Core.OptionalParameter">
          <Record Type="Core.OptionalParameterType"/>
        </Annotation>
      </Annotations>
      <Annotations Target="BurnService.searchFuelBurns(Edm.String,Edm.String,Edm.Date,Edm.Date,Edm.String,Edm.String,Edm.String)/status">
        <Annotation Term="Core.OptionalParameter">
          <Record Type="Core.OptionalParameterType"/>
        </Annotation>
      </Annotations>
      <Annotations Target="BurnService.searchFuelBurns(Edm.String,Edm.String,Edm.Date,Edm.Date,Edm.String,Edm.String,Edm.String)/varianceStatus">
        <Annotation Term="Core.OptionalParameter">
          <Record Type="Core.OptionalParameterType"/>
        </Annotation>
      </Annotations>
      <Annotations Target="BurnService.estimateBurn(Edm.String,Edm.String)/routeCode">
        <Annotation Term="Core.OptionalParameter">
          <Record Type="Core.OptionalParameterType"/>
        </Annotation>
      </Annotations>
      <Annotations Target="BurnService.estimateBurn(Edm.String,Edm.String)/aircraftType">
        <Annotation Term="Core.OptionalParameter">
          <Record Type="Core.OptionalParameterType"/>
        </Annotation>
      </Annotations>
      <Annotations Target="BurnService.FUEL_TICKETS/ID">
        <Annotation Term="Core.ComputedDefaultValue" Bool="true"/>
      </Annotations>
      <Annotations Target="BurnService.FUEL_TICKETS/created_at">
        <Annotation Term="Core.Computed" Bool="true"/>
      </Annotations>
      <Annotations Target="BurnService.FUEL_TICKETS/created_by">
        <Annotation Term="Core.Computed" Bool="true"/>
      </Annotations>
      <Annotations Target="BurnService.FUEL_TICKETS/modified_at">
        <Annotation Term="Core.Computed" Bool="true"/>
      </Annotations>
      <Annotations Target="BurnService.FUEL_TICKETS/modified_by">
        <Annotation Term="Core.Computed" Bool="true"/>
      </Annotations>
      <Annotations Target="BurnService.FUEL_TICKETS/order_ID">
        <Annotation Term="Common.FieldControl" EnumMember="Common.FieldControlType/Mandatory"/>
      </Annotations>
      <Annotations Target="BurnService.FUEL_TICKETS/ticket_number">
        <Annotation Term="Common.FieldControl" EnumMember="Common.FieldControlType/Mandatory"/>
      </Annotations>
      <Annotations Target="BurnService.FUEL_TICKETS/quantity">
        <Annotation Term="Common.FieldControl" EnumMember="Common.FieldControlType/Mandatory"/>
      </Annotations>
      <Annotations Target="BurnService.FUEL_TICKETS/delivery_timestamp">
        <Annotation Term="Common.FieldControl" EnumMember="Common.FieldControlType/Mandatory"/>
      </Annotations>
      <Annotations Target="BurnService.FUEL_TICKETS/status">
        <Annotation Term="Validation.AllowedValues">
          <Collection>
            <Record Type="Validation.AllowedValue">
              <Annotation Term="Core.SymbolicName" String="Open"/>
              <PropertyValue Property="Value" String="Open"/>
            </Record>
            <Record Type="Validation.AllowedValue">
              <Annotation Term="Core.SymbolicName" String="Attached"/>
              <PropertyValue Property="Value" String="Attached"/>
            </Record>
            <Record Type="Validation.AllowedValue">
              <Annotation Term="Core.SymbolicName" String="Verified"/>
              <PropertyValue Property="Value" String="Verified"/>
            </Record>
            <Record Type="Validation.AllowedValue">
              <Annotation Term="Core.SymbolicName" String="Closed"/>
              <PropertyValue Property="Value" String="Closed"/>
            </Record>
          </Collection>
        </Annotation>
      </Annotations>
      <Annotations Target="BurnService.DraftAdministrativeData">
        <Annotation Term="Common.Label" String="{i18n>Draft_DraftAdministrativeData}"/>
      </Annotations>
      <Annotations Target="BurnService.DraftAdministrativeData/DraftUUID">
        <Annotation Term="UI.Hidden" Bool="true"/>
        <Annotation Term="Common.Label" String="{i18n>Draft_DraftUUID}"/>
        <Annotation Term="Core.ComputedDefaultValue" Bool="true"/>
      </Annotations>
      <Annotations Target="BurnService.DraftAdministrativeData/CreationDateTime">
        <Annotation Term="Common.Label" String="{i18n>Draft_CreationDateTime}"/>
      </Annotations>
      <Annotations Target="BurnService.DraftAdministrativeData/CreatedByUser">
        <Annotation Term="Common.Label" String="{i18n>Draft_CreatedByUser}"/>
      </Annotations>
      <Annotations Target="BurnService.DraftAdministrativeData/DraftIsCreatedByMe">
        <Annotation Term="UI.Hidden" Bool="true"/>
        <Annotation Term="Common.Label" String="{i18n>Draft_DraftIsCreatedByMe}"/>
      </Annotations>
      <Annotations Target="BurnService.DraftAdministrativeData/LastChangeDateTime">
        <Annotation Term="Common.Label" String="{i18n>Draft_LastChangeDateTime}"/>
      </Annotations>
      <Annotations Target="BurnService.DraftAdministrativeData/LastChangedByUser">
        <Annotation Term="Common.Label" String="{i18n>Draft_LastChangedByUser}"/>
      </Annotations>
      <Annotations Target="BurnService.DraftAdministrativeData/InProcessByUser">
        <Annotation Term="Common.Label" String="{i18n>Draft_InProcessByUser}"/>
      </Annotations>
      <Annotations Target="BurnService.DraftAdministrativeData/DraftIsProcessedByMe">
        <Annotation Term="UI.Hidden" Bool="true"/>
        <Annotation Term="Common.Label" String="{i18n>Draft_DraftIsProcessedByMe}"/>
      </Annotations>
    </Schema>
  </edmx:DataServices>
</edmx:Edmx>