<?xml version="1.0" encoding="utf-8"?>
<edmx:Edmx Version="4.0" xmlns:edmx="http://docs.oasis-open.org/odata/ns/edmx">
  <edmx:Reference Uri="https://oasis-tcs.github.io/odata-vocabularies/vocabularies/Org.OData.Capabilities.V1.xml">
    <edmx:Include Alias="Capabilities" Namespace="Org.OData.Capabilities.V1"/>
  </edmx:Reference>
  <edmx:Reference Uri="https://sap.github.io/odata-vocabularies/vocabularies/Common.xml">
    <edmx:Include Alias="Common" Namespace="com.sap.vocabularies.Common.v1"/>
  </edmx:Reference>
  <edmx:Reference Uri="https://oasis-tcs.github.io/odata-vocabularies/vocabularies/Org.OData.Core.V1.xml">
    <edmx:Include Alias="Core" Namespace="Org.OData.Core.V1"/>
  </edmx:Reference>
  <edmx:Reference Uri="https://sap.github.io/odata-vocabularies/vocabularies/UI.xml">
    <edmx:Include Alias="UI" Namespace="com.sap.vocabularies.UI.v1"/>
  </edmx:Reference>
  <edmx:Reference Uri="https://oasis-tcs.github.io/odata-vocabularies/vocabularies/Org.OData.Validation.V1.xml">
    <edmx:Include Alias="Validation" Namespace="Org.OData.Validation.V1"/>
  </edmx:Reference>
  <edmx:DataServices>
    <Schema Namespace="ComplianceService" xmlns="http://docs.oasis-open.org/odata/ns/edm">
      <Annotation Term="Core.Links">
        <Collection>
          <Record>
            <PropertyValue Property="rel" String="author"/>
            <PropertyValue Property="href" String="https://cap.cloud.sap"/>
          </Record>
        </Collection>
      </Annotation>
      <EntityContainer Name="EntityContainer">
        <EntitySet Name="SanctionLists" EntityType="ComplianceService.SanctionLists">
          <NavigationPropertyBinding Path="entities" Target="SanctionedEntities"/>
          <NavigationPropertyBinding Path="SiblingEntity" Target="SanctionLists"/>
        </EntitySet>
        <EntitySet Name="SanctionedEntities" EntityType="ComplianceService.SanctionedEntities">
          <NavigationPropertyBinding Path="sanction_list" Target="SanctionLists"/>
          <NavigationPropertyBinding Path="country" Target="Countries"/>
          <NavigationPropertyBinding Path="SiblingEntity" Target="SanctionedEntities"/>
        </EntitySet>
        <EntitySet Name="Countries" EntityType="ComplianceService.Countries"/>
        <EntitySet Name="ComplianceChecks" EntityType="ComplianceService.ComplianceChecks">
          <NavigationPropertyBinding Path="screened_country" Target="Countries"/>
          <NavigationPropertyBinding Path="screened_supplier" Target="Suppliers"/>
          <NavigationPropertyBinding Path="matched_entity" Target="SanctionedEntities"/>
          <NavigationPropertyBinding Path="matched_list" Target="SanctionLists"/>
        </EntitySet>
        <EntitySet Name="ComplianceExceptions" EntityType="ComplianceService.ComplianceExceptions">
          <NavigationPropertyBinding Path="compliance_check" Target="ComplianceChecks"/>
          <NavigationPropertyBinding Path="applies_to_country" Target="Countries"/>
          <NavigationPropertyBinding Path="applies_to_supplier" Target="Suppliers"/>
          <NavigationPropertyBinding Path="SiblingEntity" Target="ComplianceExceptions"/>
        </EntitySet>
        <EntitySet Name="ComplianceAuditLogs" EntityType="ComplianceService.ComplianceAuditLogs"/>
        <EntitySet Name="Suppliers" EntityType="ComplianceService.Suppliers">
          <NavigationPropertyBinding Path="country" Target="Countries"/>
        </EntitySet>
        <ActionImport Name="screen" Action="ComplianceService.screen"/>
        <ActionImport Name="batchScreen" Action="ComplianceService.batchScreen"/>
        <FunctionImport Name="getDashboardKPIs" Function="ComplianceService.getDashboardKPIs"/>
        <FunctionImport Name="getExceptionQueue" Function="ComplianceService.getExceptionQueue"/>
        <FunctionImport Name="getBlockedTransactions" Function="ComplianceService.getBlockedTransactions"/>
        <FunctionImport Name="getEmbargoedCountries" Function="ComplianceService.getEmbargoedCountries"/>
        <FunctionImport Name="isCountryEmbargoed" Function="ComplianceService.isCountryEmbargoed"/>
        <FunctionImport Name="checkSupplierCompliance" Function="ComplianceService.checkSupplierCompliance"/>
        <FunctionImport Name="getSanctionListStatus" Function="ComplianceService.getSanctionListStatus"/>
        <FunctionImport Name="searchSanctionedEntities" Function="ComplianceService.searchSanctionedEntities"/>
        <FunctionImport Name="generateComplianceReport" Function="ComplianceService.generateComplianceReport"/>
        <ActionImport Name="verifyAuditLogIntegrity" Action="ComplianceService.verifyAuditLogIntegrity"/>
        <FunctionImport Name="generateExceptionNumber" Function="ComplianceService.generateExceptionNumber"/>
      </EntityContainer>
      <EntityType Name="SanctionLists">
        <Key>
          <PropertyRef Name="ID"/>
          <PropertyRef Name="IsActiveEntity"/>
        </Key>
        <Property Name="ID" Type="Edm.Guid" Nullable="false"/>
        <Property Name="is_active" Type="Edm.Boolean" DefaultValue="true"/>
        <Property Name="created_at" Type="Edm.DateTimeOffset"/>
        <Property Name="created_by" Type="Edm.String" MaxLength="100"/>
        <Property Name="modified_at" Type="Edm.DateTimeOffset"/>
        <Property Name="modified_by" Type="Edm.String" MaxLength="100"/>
        <Property Name="list_code" Type="Edm.String" MaxLength="20"/>
        <Property Name="list_name" Type="Edm.String" MaxLength="100"/>
        <Property Name="jurisdiction" Type="Edm.String" MaxLength="10"/>
        <Property Name="description" Type="Edm.String" MaxLength="500"/>
        <Property Name="last_update" Type="Edm.DateTimeOffset"/>
        <Property Name="version" Type="Edm.String" MaxLength="20"/>
        <Property Name="source_url" Type="Edm.String" MaxLength="500"/>
        <Property Name="update_frequency" Type="Edm.String" MaxLength="20"/>
        <Property Name="entity_count" Type="Edm.Int32" DefaultValue="0"/>
        <NavigationProperty Name="entities" Type="Collection(ComplianceService.SanctionedEntities)" Partner="sanction_list">
          <OnDelete Action="Cascade"/>
        </NavigationProperty>
        <Property Name="IsActiveEntity" Type="Edm.Boolean" Nullable="false" DefaultValue="true"/>
        <Property Name="HasActiveEntity" Type="Edm.Boolean" Nullable="false" DefaultValue="false"/>
        <Property Name="HasDraftEntity" Type="Edm.Boolean" Nullable="false" DefaultValue="false"/>
        <NavigationProperty Name="DraftAdministrativeData" Type="ComplianceService.DraftAdministrativeData" ContainsTarget="true"/>
        <NavigationProperty Name="SiblingEntity" Type="ComplianceService.SanctionLists"/>
      </EntityType>
      <EntityType Name="SanctionedEntities">
        <Key>
          <PropertyRef Name="ID"/>
          <PropertyRef Name="IsActiveEntity"/>
        </Key>
        <Property Name="ID" Type="Edm.Guid" Nullable="false"/>
        <Property Name="is_active" Type="Edm.Boolean" DefaultValue="true"/>
        <NavigationProperty Name="sanction_list" Type="ComplianceService.SanctionLists" Partner="entities">
          <ReferentialConstraint Property="sanction_list_ID" ReferencedProperty="ID"/>
        </NavigationProperty>
        <Property Name="sanction_list_ID" Type="Edm.Guid"/>
        <Property Name="entity_name" Type="Edm.String" MaxLength="200"/>
        <Property Name="entity_type" Type="Edm.String" MaxLength="20"/>
        <Property Name="aliases" Type="Edm.String" MaxLength="1000"/>
        <NavigationProperty Name="country" Type="ComplianceService.Countries">
          <ReferentialConstraint Property="country_land1" ReferencedProperty="land1"/>
        </NavigationProperty>
        <Property Name="country_land1" Type="Edm.String" MaxLength="3"/>
        <Property Name="identifiers" Type="Edm.String" MaxLength="500"/>
        <Property Name="listing_date" Type="Edm.Date"/>
        <Property Name="delisting_date" Type="Edm.Date"/>
        <Property Name="remarks" Type="Edm.String" MaxLength="2000"/>
        <Property Name="program" Type="Edm.String" MaxLength="100"/>
        <Property Name="source_reference" Type="Edm.String" MaxLength="100"/>
        <Property Name="IsActiveEntity" Type="Edm.Boolean" Nullable="false" DefaultValue="true"/>
        <Property Name="HasActiveEntity" Type="Edm.Boolean" Nullable="false" DefaultValue="false"/>
        <Property Name="HasDraftEntity" Type="Edm.Boolean" Nullable="false" DefaultValue="false"/>
        <NavigationProperty Name="DraftAdministrativeData" Type="ComplianceService.DraftAdministrativeData" ContainsTarget="true"/>
        <NavigationProperty Name="SiblingEntity" Type="ComplianceService.SanctionedEntities"/>
      </EntityType>
      <EntityType Name="Countries">
        <Key>
          <PropertyRef Name="land1"/>
        </Key>
        <Property Name="is_active" Type="Edm.Boolean" DefaultValue="true"/>
        <Property Name="land1" Type="Edm.String" MaxLength="3" Nullable="false"/>
        <Property Name="landx" Type="Edm.String" MaxLength="50"/>
        <Property Name="landx50" Type="Edm.String" MaxLength="100"/>
        <Property Name="natio" Type="Edm.String" MaxLength="3"/>
        <Property Name="landgr" Type="Edm.String" MaxLength="3"/>
        <Property Name="currcode" Type="Edm.String" MaxLength="3"/>
        <Property Name="spras" Type="Edm.String" MaxLength="2"/>
        <Property Name="is_embargoed" Type="Edm.Boolean" DefaultValue="false"/>
        <Property Name="embargo_effective_date" Type="Edm.Date"/>
        <Property Name="embargo_reason" Type="Edm.String" MaxLength="500"/>
        <Property Name="sanction_programs" Type="Edm.String" MaxLength="200"/>
        <Property Name="risk_level" Type="Edm.String" MaxLength="10"/>
      </EntityType>
      <EntityType Name="ComplianceChecks">
        <Key>
          <PropertyRef Name="ID"/>
        </Key>
        <Property Name="ID" Type="Edm.Guid" Nullable="false"/>
        <Property Name="check_timestamp" Type="Edm.DateTimeOffset"/>
        <Property Name="source_module" Type="Edm.String" MaxLength="20"/>
        <Property Name="source_entity_type" Type="Edm.String" MaxLength="50"/>
        <Property Name="source_entity_id" Type="Edm.Guid"/>
        <Property Name="check_type" Type="Edm.String" MaxLength="20"/>
        <NavigationProperty Name="screened_country" Type="ComplianceService.Countries">
          <ReferentialConstraint Property="screened_country_land1" ReferencedProperty="land1"/>
        </NavigationProperty>
        <Property Name="screened_country_land1" Type="Edm.String" MaxLength="3"/>
        <NavigationProperty Name="screened_supplier" Type="ComplianceService.Suppliers">
          <ReferentialConstraint Property="screened_supplier_ID" ReferencedProperty="ID"/>
        </NavigationProperty>
        <Property Name="screened_supplier_ID" Type="Edm.Guid"/>
        <Property Name="screened_value" Type="Edm.String" MaxLength="200"/>
        <Property Name="match_found" Type="Edm.Boolean" DefaultValue="false"/>
        <Property Name="match_score" Type="Edm.Decimal" Precision="5" Scale="2"/>
        <NavigationProperty Name="matched_entity" Type="ComplianceService.SanctionedEntities">
          <ReferentialConstraint Property="matched_entity_ID" ReferencedProperty="ID"/>
        </NavigationProperty>
        <Property Name="matched_entity_ID" Type="Edm.Guid"/>
        <NavigationProperty Name="matched_list" Type="ComplianceService.SanctionLists">
          <ReferentialConstraint Property="matched_list_ID" ReferencedProperty="ID"/>
        </NavigationProperty>
        <Property Name="matched_list_ID" Type="Edm.Guid"/>
        <Property Name="result" Type="Edm.String" MaxLength="20"/>
        <Property Name="block_reason" Type="Edm.String" MaxLength="500"/>
        <Property Name="auto_decision" Type="Edm.Boolean" DefaultValue="true"/>
        <Property Name="performed_by" Type="Edm.String" MaxLength="100"/>
        <Property Name="reviewed_by" Type="Edm.String" MaxLength="100"/>
        <Property Name="reviewed_at" Type="Edm.DateTimeOffset"/>
        <Property Name="check_hash" Type="Edm.String" MaxLength="64"/>
      </EntityType>
      <EntityType Name="ComplianceExceptions">
        <Key>
          <PropertyRef Name="ID"/>
          <PropertyRef Name="IsActiveEntity"/>
        </Key>
        <Property Name="ID" Type="Edm.Guid" Nullable="false"/>
        <Property Name="created_at" Type="Edm.DateTimeOffset"/>
        <Property Name="created_by" Type="Edm.String" MaxLength="100"/>
        <Property Name="modified_at" Type="Edm.DateTimeOffset"/>
        <Property Name="modified_by" Type="Edm.String" MaxLength="100"/>
        <Property Name="exception_number" Type="Edm.String" MaxLength="50"/>
        <NavigationProperty Name="compliance_check" Type="ComplianceService.ComplianceChecks">
          <ReferentialConstraint Property="compliance_check_ID" ReferencedProperty="ID"/>
        </NavigationProperty>
        <Property Name="compliance_check_ID" Type="Edm.Guid"/>
        <Property Name="requested_by" Type="Edm.String" MaxLength="100"/>
        <Property Name="request_date" Type="Edm.DateTimeOffset"/>
        <Property Name="justification" Type="Edm.String" MaxLength="2000"/>
        <Property Name="exception_type" Type="Edm.String" MaxLength="20"/>
        <NavigationProperty Name="applies_to_country" Type="ComplianceService.Countries">
          <ReferentialConstraint Property="applies_to_country_land1" ReferencedProperty="land1"/>
        </NavigationProperty>
        <Property Name="applies_to_country_land1" Type="Edm.String" MaxLength="3"/>
        <NavigationProperty Name="applies_to_supplier" Type="ComplianceService.Suppliers">
          <ReferentialConstraint Property="applies_to_supplier_ID" ReferencedProperty="ID"/>
        </NavigationProperty>
        <Property Name="applies_to_supplier_ID" Type="Edm.Guid"/>
        <Property Name="single_use" Type="Edm.Boolean" DefaultValue="false"/>
        <Property Name="status" Type="Edm.String" MaxLength="20" DefaultValue="PENDING"/>
        <Property Name="approved_by" Type="Edm.String" MaxLength="100"/>
        <Property Name="approved_at" Type="Edm.DateTimeOffset"/>
        <Property Name="approver_comments" Type="Edm.String" MaxLength="1000"/>
        <Property Name="legal_approval_required" Type="Edm.Boolean" DefaultValue="false"/>
        <Property Name="legal_approved_by" Type="Edm.String" MaxLength="100"/>
        <Property Name="legal_approved_at" Type="Edm.DateTimeOffset"/>
        <Property Name="legal_comments" Type="Edm.String" MaxLength="1000"/>
        <Property Name="rejected_by" Type="Edm.String" MaxLength="100"/>
        <Property Name="rejected_at" Type="Edm.DateTimeOffset"/>
        <Property Name="rejection_reason" Type="Edm.String" MaxLength="500"/>
        <Property Name="effective_from" Type="Edm.Date"/>
        <Property Name="expiry_date" Type="Edm.Date"/>
        <Property Name="conditions" Type="Edm.String" MaxLength="1000"/>
        <Property Name="usage_count" Type="Edm.Int32" DefaultValue="0"/>
        <Property Name="last_used_at" Type="Edm.DateTimeOffset"/>
        <Property Name="IsActiveEntity" Type="Edm.Boolean" Nullable="false" DefaultValue="true"/>
        <Property Name="HasActiveEntity" Type="Edm.Boolean" Nullable="false" DefaultValue="false"/>
        <Property Name="HasDraftEntity" Type="Edm.Boolean" Nullable="false" DefaultValue="false"/>
        <NavigationProperty Name="DraftAdministrativeData" Type="ComplianceService.DraftAdministrativeData" ContainsTarget="true"/>
        <NavigationProperty Name="SiblingEntity" Type="ComplianceService.ComplianceExceptions"/>
      </EntityType>
      <EntityType Name="ComplianceAuditLogs">
        <Key>
          <PropertyRef Name="ID"/>
        </Key>
        <Property Name="ID" Type="Edm.Guid" Nullable="false"/>
        <Property Name="log_timestamp" Type="Edm.DateTimeOffset"/>
        <Property Name="log_sequence" Type="Edm.Int32"/>
        <Property Name="action_type" Type="Edm.String" MaxLength="30"/>
        <Property Name="action_description" Type="Edm.String" MaxLength="500"/>
        <Property Name="user_id" Type="Edm.String" MaxLength="100"/>
        <Property Name="user_role" Type="Edm.String" MaxLength="50"/>
        <Property Name="related_check_id" Type="Edm.Guid"/>
        <Property Name="related_exception_id" Type="Edm.Guid"/>
        <Property Name="related_list_id" Type="Edm.Guid"/>
        <Property Name="old_values" Type="Edm.String"/>
        <Property Name="new_values" Type="Edm.String"/>
        <Property Name="previous_hash" Type="Edm.String" MaxLength="64"/>
        <Property Name="current_hash" Type="Edm.String" MaxLength="64"/>
        <Property Name="hash_verified" Type="Edm.Boolean"/>
        <Property Name="ip_address" Type="Edm.String" MaxLength="50"/>
        <Property Name="user_agent" Type="Edm.String" MaxLength="500"/>
      </EntityType>
      <EntityType Name="Suppliers">
        <Key>
          <PropertyRef Name="ID"/>
        </Key>
        <Property Name="ID" Type="Edm.Guid" Nullable="false"/>
        <Property Name="is_active" Type="Edm.Boolean" DefaultValue="true"/>
        <Property Name="created_at" Type="Edm.DateTimeOffset"/>
        <Property Name="created_by" Type="Edm.String" MaxLength="100"/>
        <Property Name="modified_at" Type="Edm.DateTimeOffset"/>
        <Property Name="modified_by" Type="Edm.String" MaxLength="100"/>
        <Property Name="supplier_code" Type="Edm.String" MaxLength="20"/>
        <Property Name="supplier_name" Type="Edm.String" MaxLength="100"/>
        <Property Name="supplier_type" Type="Edm.String" MaxLength="20"/>
        <NavigationProperty Name="country" Type="ComplianceService.Countries">
          <ReferentialConstraint Property="country_code" ReferencedProperty="land1"/>
        </NavigationProperty>
        <Property Name="country_code" Type="Edm.String" MaxLength="3"/>
        <Property Name="payment_terms" Type="Edm.String" MaxLength="20"/>
        <Property Name="s4_vendor_no" Type="Edm.String" MaxLength="10"/>
      </EntityType>
      <EntityType Name="DraftAdministrativeData">
        <Key>
          <PropertyRef Name="DraftUUID"/>
        </Key>
        <Property Name="DraftUUID" Type="Edm.Guid" Nullable="false"/>
        <Property Name="CreationDateTime" Type="Edm.DateTimeOffset" Precision="7"/>
        <Property Name="CreatedByUser" Type="Edm.String" MaxLength="256"/>
        <Property Name="DraftIsCreatedByMe" Type="Edm.Boolean"/>
        <Property Name="LastChangeDateTime" Type="Edm.DateTimeOffset" Precision="7"/>
        <Property Name="LastChangedByUser" Type="Edm.String" MaxLength="256"/>
        <Property Name="InProcessByUser" Type="Edm.String" MaxLength="256"/>
        <Property Name="DraftIsProcessedByMe" Type="Edm.Boolean"/>
      </EntityType>
      <ComplexType Name="ScreenRequest">
        <Property Name="sourceModule" Type="Edm.String" MaxLength="20"/>
        <Property Name="sourceEntityType" Type="Edm.String" MaxLength="50"/>
        <Property Name="sourceEntityId" Type="Edm.Guid"/>
        <Property Name="countryCode" Type="Edm.String" MaxLength="3"/>
        <Property Name="supplierId" Type="Edm.Guid"/>
        <Property Name="additionalValue" Type="Edm.String" MaxLength="200"/>
      </ComplexType>
      <ComplexType Name="ComplianceScreenResult">
        <Property Name="success" Type="Edm.Boolean"/>
        <Property Name="checkId" Type="Edm.Guid"/>
        <Property Name="result" Type="Edm.String" MaxLength="20"/>
        <Property Name="countryScreened" Type="Edm.String" MaxLength="3"/>
        <Property Name="countryEmbargoed" Type="Edm.Boolean"/>
        <Property Name="supplierScreened" Type="Edm.String" MaxLength="100"/>
        <Property Name="supplierMatchFound" Type="Edm.Boolean"/>
        <Property Name="matchScore" Type="Edm.Decimal" Precision="5" Scale="2"/>
        <Property Name="matchedEntityName" Type="Edm.String" MaxLength="200"/>
        <Property Name="matchedListCode" Type="Edm.String" MaxLength="20"/>
        <Property Name="blockReason" Type="Edm.String" MaxLength="500"/>
        <Property Name="hasActiveException" Type="Edm.Boolean"/>
        <Property Name="exceptionId" Type="Edm.Guid"/>
        <Property Name="message" Type="Edm.String" MaxLength="500"/>
      </ComplexType>
      <ComplexType Name="BatchScreenResult">
        <Property Name="success" Type="Edm.Boolean"/>
        <Property Name="totalRequests" Type="Edm.Int32"/>
        <Property Name="passCount" Type="Edm.Int32"/>
        <Property Name="blockCount" Type="Edm.Int32"/>
        <Property Name="reviewCount" Type="Edm.Int32"/>
        <Property Name="results" Type="Collection(ComplianceService.ComplianceScreenResult)" Nullable="true"/>
        <Property Name="message" Type="Edm.String" MaxLength="500"/>
      </ComplexType>
      <ComplexType Name="ImportResult">
        <Property Name="success" Type="Edm.Boolean"/>
        <Property Name="listCode" Type="Edm.String" MaxLength="20"/>
        <Property Name="totalRecords" Type="Edm.Int32"/>
        <Property Name="importedCount" Type="Edm.Int32"/>
        <Property Name="skippedCount" Type="Edm.Int32"/>
        <Property Name="errorCount" Type="Edm.Int32"/>
        <Property Name="errors" Type="Collection(ComplianceService.ImportError)" Nullable="true"/>
        <Property Name="message" Type="Edm.String" MaxLength="500"/>
      </ComplexType>
      <ComplexType Name="ImportError">
        <Property Name="lineNumber" Type="Edm.Int32"/>
        <Property Name="entityName" Type="Edm.String" MaxLength="200"/>
        <Property Name="errorCode" Type="Edm.String" MaxLength="10"/>
        <Property Name="message" Type="Edm.String" MaxLength="500"/>
      </ComplexType>
      <ComplexType Name="ListValidationResult">
        <Property Name="success" Type="Edm.Boolean"/>
        <Property Name="listCode" Type="Edm.String" MaxLength="20"/>
        <Property Name="entityCount" Type="Edm.Int32"/>
        <Property Name="duplicateCount" Type="Edm.Int32"/>
        <Property Name="invalidCount" Type="Edm.Int32"/>
        <Property Name="issues" Type="Collection(ComplianceService.ValidationIssue)" Nullable="true"/>
      </ComplexType>
      <ComplexType Name="ValidationIssue">
        <Property Name="entityId" Type="Edm.Guid"/>
        <Property Name="entityName" Type="Edm.String" MaxLength="200"/>
        <Property Name="issueType" Type="Edm.String" MaxLength="50"/>
        <Property Name="message" Type="Edm.String" MaxLength="500"/>
      </ComplexType>
      <ComplexType Name="PotentialMatch">
        <Property Name="supplierId" Type="Edm.Guid"/>
        <Property Name="supplierCode" Type="Edm.String" MaxLength="20"/>
        <Property Name="supplierName" Type="Edm.String" MaxLength="100"/>
        <Property Name="matchScore" Type="Edm.Decimal" Precision="5" Scale="2"/>
        <Property Name="matchReason" Type="Edm.String" MaxLength="500"/>
      </ComplexType>
      <ComplexType Name="ComplianceDashboardKPIs">
        <Property Name="totalChecksToday" Type="Edm.Int32"/>
        <Property Name="totalChecksWeek" Type="Edm.Int32"/>
        <Property Name="totalChecksMonth" Type="Edm.Int32"/>
        <Property Name="blockedToday" Type="Edm.Int32"/>
        <Property Name="blockedWeek" Type="Edm.Int32"/>
        <Property Name="blockedMonth" Type="Edm.Int32"/>
        <Property Name="pendingExceptions" Type="Edm.Int32"/>
        <Property Name="activeExceptions" Type="Edm.Int32"/>
        <Property Name="expiringExceptions" Type="Edm.Int32"/>
        <Property Name="embargoedCountries" Type="Edm.Int32"/>
        <Property Name="sanctionListsActive" Type="Edm.Int32"/>
        <Property Name="lastListUpdate" Type="Edm.DateTimeOffset"/>
        <Property Name="daysSinceListUpdate" Type="Edm.Int32"/>
      </ComplexType>
      <ComplexType Name="ExceptionQueueItem">
        <Property Name="exceptionId" Type="Edm.Guid"/>
        <Property Name="exceptionNumber" Type="Edm.String" MaxLength="20"/>
        <Property Name="requestedBy" Type="Edm.String" MaxLength="100"/>
        <Property Name="requestDate" Type="Edm.DateTimeOffset"/>
        <Property Name="status" Type="Edm.String" MaxLength="20"/>
        <Property Name="exceptionType" Type="Edm.String" MaxLength="20"/>
        <Property Name="countryCode" Type="Edm.String" MaxLength="3"/>
        <Property Name="supplierName" Type="Edm.String" MaxLength="100"/>
        <Property Name="justificationPreview" Type="Edm.String" MaxLength="200"/>
        <Property Name="requiresLegalApproval" Type="Edm.Boolean"/>
        <Property Name="daysOpen" Type="Edm.Int32"/>
      </ComplexType>
      <ComplexType Name="BlockedTransaction">
        <Property Name="checkId" Type="Edm.Guid"/>
        <Property Name="checkTimestamp" Type="Edm.DateTimeOffset"/>
        <Property Name="sourceModule" Type="Edm.String" MaxLength="20"/>
        <Property Name="sourceEntityType" Type="Edm.String" MaxLength="50"/>
        <Property Name="countryCode" Type="Edm.String" MaxLength="3"/>
        <Property Name="countryName" Type="Edm.String" MaxLength="100"/>
        <Property Name="supplierName" Type="Edm.String" MaxLength="100"/>
        <Property Name="blockReason" Type="Edm.String" MaxLength="500"/>
        <Property Name="performedBy" Type="Edm.String" MaxLength="100"/>
      </ComplexType>
      <ComplexType Name="EmbargoedCountry">
        <Property Name="countryCode" Type="Edm.String" MaxLength="3"/>
        <Property Name="countryName" Type="Edm.String" MaxLength="100"/>
        <Property Name="embargoEffectiveDate" Type="Edm.Date"/>
        <Property Name="embargoReason" Type="Edm.String" MaxLength="500"/>
        <Property Name="sanctionPrograms" Type="Edm.String" MaxLength="200"/>
        <Property Name="riskLevel" Type="Edm.String" MaxLength="10"/>
      </ComplexType>
      <ComplexType Name="CountryEmbargoStatus">
        <Property Name="countryCode" Type="Edm.String" MaxLength="3"/>
        <Property Name="countryName" Type="Edm.String" MaxLength="100"/>
        <Property Name="isEmbargoed" Type="Edm.Boolean"/>
        <Property Name="embargoEffectiveDate" Type="Edm.Date"/>
        <Property Name="sanctionPrograms" Type="Edm.String" MaxLength="200"/>
        <Property Name="riskLevel" Type="Edm.String" MaxLength="10"/>
      </ComplexType>
      <ComplexType Name="SupplierComplianceStatus">
        <Property Name="supplierId" Type="Edm.Guid"/>
        <Property Name="supplierCode" Type="Edm.String" MaxLength="20"/>
        <Property Name="supplierName" Type="Edm.String" MaxLength="100"/>
        <Property Name="isCompliant" Type="Edm.Boolean"/>
        <Property Name="matchesFound" Type="Edm.Int32"/>
        <Property Name="highestMatchScore" Type="Edm.Decimal" Precision="5" Scale="2"/>
        <Property Name="matches" Type="Collection(ComplianceService.SupplierSanctionMatch)" Nullable="true"/>
        <Property Name="lastCheckDate" Type="Edm.DateTimeOffset"/>
        <Property Name="hasActiveException" Type="Edm.Boolean"/>
      </ComplexType>
      <ComplexType Name="SupplierSanctionMatch">
        <Property Name="sanctionedEntityId" Type="Edm.Guid"/>
        <Property Name="entityName" Type="Edm.String" MaxLength="200"/>
        <Property Name="entityType" Type="Edm.String" MaxLength="20"/>
        <Property Name="listCode" Type="Edm.String" MaxLength="20"/>
        <Property Name="matchScore" Type="Edm.Decimal" Precision="5" Scale="2"/>
        <Property Name="listingDate" Type="Edm.Date"/>
      </ComplexType>
      <ComplexType Name="SanctionListStatus">
        <Property Name="listCode" Type="Edm.String" MaxLength="20"/>
        <Property Name="listName" Type="Edm.String" MaxLength="100"/>
        <Property Name="jurisdiction" Type="Edm.String" MaxLength="10"/>
        <Property Name="lastUpdate" Type="Edm.DateTimeOffset"/>
        <Property Name="version" Type="Edm.String" MaxLength="20"/>
        <Property Name="entityCount" Type="Edm.Int32"/>
        <Property Name="daysSinceUpdate" Type="Edm.Int32"/>
        <Property Name="isActive" Type="Edm.Boolean"/>
      </ComplexType>
      <ComplexType Name="SanctionedEntityMatch">
        <Property Name="entityId" Type="Edm.Guid"/>
        <Property Name="entityName" Type="Edm.String" MaxLength="200"/>
        <Property Name="entityType" Type="Edm.String" MaxLength="20"/>
        <Property Name="aliases" Type="Edm.String" MaxLength="1000"/>
        <Property Name="countryCode" Type="Edm.String" MaxLength="3"/>
        <Property Name="listCode" Type="Edm.String" MaxLength="20"/>
        <Property Name="listingDate" Type="Edm.Date"/>
        <Property Name="matchScore" Type="Edm.Decimal" Precision="5" Scale="2"/>
      </ComplexType>
      <ComplexType Name="ComplianceReport">
        <Property Name="reportType" Type="Edm.String" MaxLength="50"/>
        <Property Name="generatedAt" Type="Edm.DateTimeOffset"/>
        <Property Name="generatedBy" Type="Edm.String" MaxLength="100"/>
        <Property Name="fromDate" Type="Edm.Date"/>
        <Property Name="toDate" Type="Edm.Date"/>
        <Property Name="jurisdiction" Type="Edm.String" MaxLength="10"/>
        <Property Name="totalChecks" Type="Edm.Int32"/>
        <Property Name="passedChecks" Type="Edm.Int32"/>
        <Property Name="blockedChecks" Type="Edm.Int32"/>
        <Property Name="reviewChecks" Type="Edm.Int32"/>
        <Property Name="exceptionsGranted" Type="Edm.Int32"/>
        <Property Name="exceptionsRejected" Type="Edm.Int32"/>
        <Property Name="reportData" Type="Edm.String"/>
      </ComplexType>
      <ComplexType Name="AuditIntegrityResult">
        <Property Name="success" Type="Edm.Boolean"/>
        <Property Name="fromDate" Type="Edm.Date"/>
        <Property Name="toDate" Type="Edm.Date"/>
        <Property Name="totalRecords" Type="Edm.Int32"/>
        <Property Name="verifiedRecords" Type="Edm.Int32"/>
        <Property Name="failedRecords" Type="Edm.Int32"/>
        <Property Name="integrityStatus" Type="Edm.String" MaxLength="20"/>
        <Property Name="failedHashes" Type="Collection(ComplianceService.FailedHashEntry)" Nullable="true"/>
        <Property Name="message" Type="Edm.String" MaxLength="500"/>
      </ComplexType>
      <ComplexType Name="FailedHashEntry">
        <Property Name="logId" Type="Edm.Guid"/>
        <Property Name="logSequence" Type="Edm.Int32"/>
        <Property Name="expectedHash" Type="Edm.String" MaxLength="64"/>
        <Property Name="actualHash" Type="Edm.String" MaxLength="64"/>
        <Property Name="logTimestamp" Type="Edm.DateTimeOffset"/>
      </ComplexType>
      <Action Name="importEntities" IsBound="true">
        <Parameter Name="in" Type="ComplianceService.SanctionLists"/>
        <Parameter Name="fileContent" Type="Edm.Binary"/>
        <Parameter Name="fileFormat" Type="Edm.String"/>
        <Parameter Name="replaceExisting" Type="Edm.Boolean"/>
        <ReturnType Type="ComplianceService.ImportResult"/>
      </Action>
      <Action Name="validateList" IsBound="true">
        <Parameter Name="in" Type="ComplianceService.SanctionLists"/>
        <ReturnType Type="ComplianceService.ListValidationResult"/>
      </Action>
      <Action Name="markUpdated" IsBound="true" EntitySetPath="in">
        <Parameter Name="in" Type="ComplianceService.SanctionLists"/>
        <Parameter Name="newVersion" Type="Edm.String"/>
        <ReturnType Type="ComplianceService.SanctionLists"/>
      </Action>
      <Action Name="draftPrepare" IsBound="true" EntitySetPath="in">
        <Parameter Name="in" Type="ComplianceService.SanctionLists"/>
        <Parameter Name="SideEffectsQualifier" Type="Edm.String"/>
        <ReturnType Type="ComplianceService.SanctionLists"/>
      </Action>
      <Action Name="draftPrepare" IsBound="true" EntitySetPath="in">
        <Parameter Name="in" Type="ComplianceService.SanctionedEntities"/>
        <Parameter Name="SideEffectsQualifier" Type="Edm.String"/>
        <ReturnType Type="ComplianceService.SanctionedEntities"/>
      </Action>
      <Action Name="draftPrepare" IsBound="true" EntitySetPath="in">
        <Parameter Name="in" Type="ComplianceService.ComplianceExceptions"/>
        <Parameter Name="SideEffectsQualifier" Type="Edm.String"/>
        <ReturnType Type="ComplianceService.ComplianceExceptions"/>
      </Action>
      <Action Name="draftActivate" IsBound="true" EntitySetPath="in">
        <Parameter Name="in" Type="ComplianceService.SanctionLists"/>
        <ReturnType Type="ComplianceService.SanctionLists"/>
      </Action>
      <Action Name="draftActivate" IsBound="true" EntitySetPath="in">
        <Parameter Name="in" Type="ComplianceService.ComplianceExceptions"/>
        <ReturnType Type="ComplianceService.ComplianceExceptions"/>
      </Action>
      <Action Name="draftEdit" IsBound="true" EntitySetPath="in">
        <Parameter Name="in" Type="ComplianceService.SanctionLists"/>
        <Parameter Name="PreserveChanges" Type="Edm.Boolean"/>
        <ReturnType Type="ComplianceService.SanctionLists"/>
      </Action>
      <Action Name="draftEdit" IsBound="true" EntitySetPath="in">
        <Parameter Name="in" Type="ComplianceService.ComplianceExceptions"/>
        <Parameter Name="PreserveChanges" Type="Edm.Boolean"/>
        <ReturnType Type="ComplianceService.ComplianceExceptions"/>
      </Action>
      <Action Name="findPotentialMatches" IsBound="true">
        <Parameter Name="in" Type="ComplianceService.SanctionedEntities"/>
        <ReturnType Type="Collection(ComplianceService.PotentialMatch)" Nullable="true"/>
      </Action>
      <Action Name="setEmbargoStatus" IsBound="true" EntitySetPath="in">
        <Parameter Name="in" Type="ComplianceService.Countries"/>
        <Parameter Name="isEmbargoed" Type="Edm.Boolean"/>
        <Parameter Name="embargoReason" Type="Edm.String"/>
        <Parameter Name="sanctionPrograms" Type="Edm.String"/>
        <Parameter Name="effectiveDate" Type="Edm.Date"/>
        <ReturnType Type="ComplianceService.Countries"/>
      </Action>
      <Action Name="clearEmbargo" IsBound="true" EntitySetPath="in">
        <Parameter Name="in" Type="ComplianceService.Countries"/>
        <Parameter Name="clearanceReason" Type="Edm.String"/>
        <ReturnType Type="ComplianceService.Countries"/>
      </Action>
      <Action Name="submit" IsBound="true" EntitySetPath="in">
        <Parameter Name="in" Type="ComplianceService.ComplianceExceptions"/>
        <ReturnType Type="ComplianceService.ComplianceExceptions"/>
      </Action>
      <Action Name="approve" IsBound="true" EntitySetPath="in">
        <Parameter Name="in" Type="ComplianceService.ComplianceExceptions"/>
        <Parameter Name="comments" Type="Edm.String"/>
        <ReturnType Type="ComplianceService.ComplianceExceptions"/>
      </Action>
      <Action Name="legalApprove" IsBound="true" EntitySetPath="in">
        <Parameter Name="in" Type="ComplianceService.ComplianceExceptions"/>
        <Parameter Name="comments" Type="Edm.String"/>
        <ReturnType Type="ComplianceService.ComplianceExceptions"/>
      </Action>
      <Action Name="reject" IsBound="true" EntitySetPath="in">
        <Parameter Name="in" Type="ComplianceService.ComplianceExceptions"/>
        <Parameter Name="reason" Type="Edm.String"/>
        <ReturnType Type="ComplianceService.ComplianceExceptions"/>
      </Action>
      <Action Name="renew" IsBound="true" EntitySetPath="in">
        <Parameter Name="in" Type="ComplianceService.ComplianceExceptions"/>
        <Parameter Name="newExpiryDate" Type="Edm.Date"/>
        <Parameter Name="renewalJustification" Type="Edm.String"/>
        <ReturnType Type="ComplianceService.ComplianceExceptions"/>
      </Action>
      <Action Name="revoke" IsBound="true" EntitySetPath="in">
        <Parameter Name="in" Type="ComplianceService.ComplianceExceptions"/>
        <Parameter Name="revocationReason" Type="Edm.String"/>
        <ReturnType Type="ComplianceService.ComplianceExceptions"/>
      </Action>
      <Action Name="screen" IsBound="false">
        <Parameter Name="sourceModule" Type="Edm.String"/>
        <Parameter Name="sourceEntityType" Type="Edm.String"/>
        <Parameter Name="sourceEntityId" Type="Edm.Guid"/>
        <Parameter Name="countryCode" Type="Edm.String"/>
        <Parameter Name="supplierId" Type="Edm.Guid"/>
        <Parameter Name="additionalValue" Type="Edm.String"/>
        <ReturnType Type="ComplianceService.ComplianceScreenResult"/>
      </Action>
      <Action Name="batchScreen" IsBound="false">
        <Parameter Name="requests" Type="Collection(ComplianceService.ScreenRequest)" Nullable="true"/>
        <ReturnType Type="ComplianceService.BatchScreenResult"/>
      </Action>
      <Function Name="getDashboardKPIs" IsBound="false" IsComposable="false">
        <Parameter Name="fromDate" Type="Edm.Date"/>
        <Parameter Name="toDate" Type="Edm.Date"/>
        <ReturnType Type="ComplianceService.ComplianceDashboardKPIs"/>
      </Function>
      <Function Name="getExceptionQueue" IsBound="false" IsComposable="false">
        <ReturnType Type="Collection(ComplianceService.ExceptionQueueItem)" Nullable="true"/>
      </Function>
      <Function Name="getBlockedTransactions" IsBound="false" IsComposable="false">
        <Parameter Name="limit" Type="Edm.Int32"/>
        <ReturnType Type="Collection(ComplianceService.BlockedTransaction)" Nullable="true"/>
      </Function>
      <Function Name="getEmbargoedCountries" IsBound="false" IsComposable="false">
        <ReturnType Type="Collection(ComplianceService.EmbargoedCountry)" Nullable="true"/>
      </Function>
      <Function Name="isCountryEmbargoed" IsBound="false" IsComposable="false">
        <Parameter Name="countryCode" Type="Edm.String"/>
        <ReturnType Type="ComplianceService.CountryEmbargoStatus"/>
      </Function>
      <Function Name="checkSupplierCompliance" IsBound="false" IsComposable="false">
        <Parameter Name="supplierId" Type="Edm.Guid"/>
        <ReturnType Type="ComplianceService.SupplierComplianceStatus"/>
      </Function>
      <Function Name="getSanctionListStatus" IsBound="false" IsComposable="false">
        <ReturnType Type="Collection(ComplianceService.SanctionListStatus)" Nullable="true"/>
      </Function>
      <Function Name="searchSanctionedEntities" IsBound="false" IsComposable="false">
        <Parameter Name="searchTerm" Type="Edm.String"/>
        <Parameter Name="entityType" Type="Edm.String"/>
        <Parameter Name="jurisdiction" Type="Edm.String"/>
        <Parameter Name="limit" Type="Edm.Int32"/>
        <ReturnType Type="Collection(ComplianceService.SanctionedEntityMatch)" Nullable="true"/>
      </Function>
      <Function Name="generateComplianceReport" IsBound="false" IsComposable="false">
        <Parameter Name="reportType" Type="Edm.String"/>
        <Parameter Name="fromDate" Type="Edm.Date"/>
        <Parameter Name="toDate" Type="Edm.Date"/>
        <Parameter Name="jurisdiction" Type="Edm.String"/>
        <ReturnType Type="ComplianceService.ComplianceReport"/>
      </Function>
      <Action Name="verifyAuditLogIntegrity" IsBound="false">
        <Parameter Name="fromDate" Type="Edm.Date"/>
        <Parameter Name="toDate" Type="Edm.Date"/>
        <ReturnType Type="ComplianceService.AuditIntegrityResult"/>
      </Action>
      <Function Name="generateExceptionNumber" IsBound="false" IsComposable="false">
        <ReturnType Type="Edm.String"/>
      </Function>
      <Annotations Target="ComplianceService.EntityContainer/SanctionLists">
        <Annotation Term="Common.DraftRoot">
          <Record Type="Common.DraftRootType">
            <PropertyValue Property="ActivationAction" String="ComplianceService.draftActivate"/>
            <PropertyValue Property="EditAction" String="ComplianceService.draftEdit"/>
            <PropertyValue Property="PreparationAction" String="ComplianceService.draftPrepare"/>
          </Record>
        </Annotation>
      </Annotations>
      <Annotations Target="ComplianceService.SanctionLists/ID">
        <Annotation Term="Core.ComputedDefaultValue" Bool="true"/>
      </Annotations>
      <Annotations Target="ComplianceService.SanctionLists/created_at">
        <Annotation Term="Core.Computed" Bool="true"/>
      </Annotations>
      <Annotations Target="ComplianceService.SanctionLists/created_by">
        <Annotation Term="Core.Computed" Bool="true"/>
      </Annotations>
      <Annotations Target="ComplianceService.SanctionLists/modified_at">
        <Annotation Term="Core.Computed" Bool="true"/>
      </Annotations>
      <Annotations Target="ComplianceService.SanctionLists/modified_by">
        <Annotation Term="Core.Computed" Bool="true"/>
      </Annotations>
      <Annotations Target="ComplianceService.SanctionLists/list_code">
        <Annotation Term="Common.FieldControl" EnumMember="Common.FieldControlType/Mandatory"/>
      </Annotations>
      <Annotations Target="ComplianceService.SanctionLists/list_name">
        <Annotation Term="Common.FieldControl" EnumMember="Common.FieldControlType/Mandatory"/>
      </Annotations>
      <Annotations Target="ComplianceService.SanctionLists/jurisdiction">
        <Annotation Term="Common.FieldControl" EnumMember="Common.FieldControlType/Mandatory"/>
        <Annotation Term="Validation.AllowedValues">
          <Collection>
            <Record Type="Validation.AllowedValue">
              <Annotation Term="Core.SymbolicName" String="US"/>
              <PropertyValue Property="Value" String="US"/>
            </Record>
            <Record Type="Validation.AllowedValue">
              <Annotation Term="Core.SymbolicName" String="EU"/>
              <PropertyValue Property="Value" String="EU"/>
            </Record>
            <Record Type="Validation.AllowedValue">
              <Annotation Term="Core.SymbolicName" String="UN"/>
              <PropertyValue Property="Value" String="UN"/>
            </Record>
            <Record Type="Validation.AllowedValue">
              <Annotation Term="Core.SymbolicName" String="UK"/>
              <PropertyValue Property="Value" String="UK"/>
            </Record>
          </Collection>
        </Annotation>
      </Annotations>
      <Annotations Target="ComplianceService.SanctionLists/last_update">
        <Annotation Term="Common.FieldControl" EnumMember="Common.FieldControlType/Mandatory"/>
      </Annotations>
      <Annotations Target="ComplianceService.SanctionLists/version">
        <Annotation Term="Common.FieldControl" EnumMember="Common.FieldControlType/Mandatory"/>
      </Annotations>
      <Annotations Target="ComplianceService.SanctionLists/IsActiveEntity">
        <Annotation Term="UI.Hidden" Bool="true"/>
      </Annotations>
      <Annotations Target="ComplianceService.SanctionLists/HasActiveEntity">
        <Annotation Term="UI.Hidden" Bool="true"/>
      </Annotations>
      <Annotations Target="ComplianceService.SanctionLists/HasDraftEntity">
        <Annotation Term="UI.Hidden" Bool="true"/>
      </Annotations>
      <Annotations Target="ComplianceService.SanctionLists/DraftAdministrativeData">
        <Annotation Term="UI.Hidden" Bool="true"/>
      </Annotations>
      <Annotations Target="ComplianceService.EntityContainer/SanctionedEntities">
        <Annotation Term="Common.DraftNode">
          <Record Type="Common.DraftNodeType">
            <PropertyValue Property="PreparationAction" String="ComplianceService.draftPrepare"/>
          </Record>
        </Annotation>
      </Annotations>
      <Annotations Target="ComplianceService.SanctionedEntities/ID">
        <Annotation Term="Core.ComputedDefaultValue" Bool="true"/>
      </Annotations>
      <Annotations Target="ComplianceService.SanctionedEntities/sanction_list_ID">
        <Annotation Term="Common.FieldControl" EnumMember="Common.FieldControlType/Mandatory"/>
      </Annotations>
      <Annotations Target="ComplianceService.SanctionedEntities/entity_name">
        <Annotation Term="Common.FieldControl" EnumMember="Common.FieldControlType/Mandatory"/>
      </Annotations>
      <Annotations Target="ComplianceService.SanctionedEntities/entity_type">
        <Annotation Term="Common.FieldControl" EnumMember="Common.FieldControlType/Mandatory"/>
        <Annotation Term="Validation.AllowedValues">
          <Collection>
            <Record Type="Validation.AllowedValue">
              <Annotation Term="Core.SymbolicName" String="Individual"/>
              <PropertyValue Property="Value" String="INDIVIDUAL"/>
            </Record>
            <Record Type="Validation.AllowedValue">
              <Annotation Term="Core.SymbolicName" String="Organization"/>
              <PropertyValue Property="Value" String="ORGANIZATION"/>
            </Record>
            <Record Type="Validation.AllowedValue">
              <Annotation Term="Core.SymbolicName" String="Vessel"/>
              <PropertyValue Property="Value" String="VESSEL"/>
            </Record>
            <Record Type="Validation.AllowedValue">
              <Annotation Term="Core.SymbolicName" String="Aircraft"/>
              <PropertyValue Property="Value" String="AIRCRAFT"/>
            </Record>
          </Collection>
        </Annotation>
      </Annotations>
      <Annotations Target="ComplianceService.SanctionedEntities/listing_date">
        <Annotation Term="Common.FieldControl" EnumMember="Common.FieldControlType/Mandatory"/>
      </Annotations>
      <Annotations Target="ComplianceService.SanctionedEntities/IsActiveEntity">
        <Annotation Term="UI.Hidden" Bool="true"/>
      </Annotations>
      <Annotations Target="ComplianceService.SanctionedEntities/HasActiveEntity">
        <Annotation Term="UI.Hidden" Bool="true"/>
      </Annotations>
      <Annotations Target="ComplianceService.SanctionedEntities/HasDraftEntity">
        <Annotation Term="UI.Hidden" Bool="true"/>
      </Annotations>
      <Annotations Target="ComplianceService.SanctionedEntities/DraftAdministrativeData">
        <Annotation Term="UI.Hidden" Bool="true"/>
      </Annotations>
      <Annotations Target="ComplianceService.EntityContainer/ComplianceChecks">
        <Annotation Term="Capabilities.DeleteRestrictions">
          <Record Type="Capabilities.DeleteRestrictionsType">
            <PropertyValue Property="Deletable" Bool="false"/>
          </Record>
        </Annotation>
        <Annotation Term="Capabilities.InsertRestrictions">
          <Record Type="Capabilities.InsertRestrictionsType">
            <PropertyValue Property="Insertable" Bool="false"/>
          </Record>
        </Annotation>
        <Annotation Term="Capabilities.UpdateRestrictions">
          <Record Type="Capabilities.UpdateRestrictionsType">
            <PropertyValue Property="Updatable" Bool="false"/>
          </Record>
        </Annotation>
      </Annotations>
      <Annotations Target="ComplianceService.ComplianceChecks/ID">
        <Annotation Term="Core.ComputedDefaultValue" Bool="true"/>
      </Annotations>
      <Annotations Target="ComplianceService.ComplianceChecks/check_timestamp">
        <Annotation Term="Core.Computed" Bool="true"/>
      </Annotations>
      <Annotations Target="ComplianceService.ComplianceChecks/source_module">
        <Annotation Term="Common.FieldControl" EnumMember="Common.FieldControlType/Mandatory"/>
      </Annotations>
      <Annotations Target="ComplianceService.ComplianceChecks/source_entity_type">
        <Annotation Term="Common.FieldControl" EnumMember="Common.FieldControlType/Mandatory"/>
      </Annotations>
      <Annotations Target="ComplianceService.ComplianceChecks/source_entity_id">
        <Annotation Term="Common.FieldControl" EnumMember="Common.FieldControlType/Mandatory"/>
      </Annotations>
      <Annotations Target="ComplianceService.ComplianceChecks/check_type">
        <Annotation Term="Common.FieldControl" EnumMember="Common.FieldControlType/Mandatory"/>
        <Annotation Term="Validation.AllowedValues">
          <Collection>
            <Record Type="Validation.AllowedValue">
              <Annotation Term="Core.SymbolicName" String="Country"/>
              <PropertyValue Property="Value" String="COUNTRY"/>
            </Record>
            <Record Type="Validation.AllowedValue">
              <Annotation Term="Core.SymbolicName" String="Supplier"/>
              <PropertyValue Property="Value" String="SUPPLIER"/>
            </Record>
            <Record Type="Validation.AllowedValue">
              <Annotation Term="Core.SymbolicName" String="Combined"/>
              <PropertyValue Property="Value" String="COMBINED"/>
            </Record>
          </Collection>
        </Annotation>
      </Annotations>
      <Annotations Target="ComplianceService.ComplianceChecks/result">
        <Annotation Term="Common.FieldControl" EnumMember="Common.FieldControlType/Mandatory"/>
        <Annotation Term="Validation.AllowedValues">
          <Collection>
            <Record Type="Validation.AllowedValue">
              <Annotation Term="Core.SymbolicName" String="Pass"/>
              <PropertyValue Property="Value" String="PASS"/>
            </Record>
            <Record Type="Validation.AllowedValue">
              <Annotation Term="Core.SymbolicName" String="Block"/>
              <PropertyValue Property="Value" String="BLOCK"/>
            </Record>
            <Record Type="Validation.AllowedValue">
              <Annotation Term="Core.SymbolicName" String="Review"/>
              <PropertyValue Property="Value" String="REVIEW"/>
            </Record>
          </Collection>
        </Annotation>
      </Annotations>
      <Annotations Target="ComplianceService.ComplianceChecks/performed_by">
        <Annotation Term="Common.FieldControl" EnumMember="Common.FieldControlType/Mandatory"/>
      </Annotations>
      <Annotations Target="ComplianceService.EntityContainer/ComplianceExceptions">
        <Annotation Term="Common.DraftRoot">
          <Record Type="Common.DraftRootType">
            <PropertyValue Property="ActivationAction" String="ComplianceService.draftActivate"/>
            <PropertyValue Property="EditAction" String="ComplianceService.draftEdit"/>
            <PropertyValue Property="PreparationAction" String="ComplianceService.draftPrepare"/>
          </Record>
        </Annotation>
      </Annotations>
      <Annotations Target="ComplianceService.ComplianceExceptions/ID">
        <Annotation Term="Core.ComputedDefaultValue" Bool="true"/>
      </Annotations>
      <Annotations Target="ComplianceService.ComplianceExceptions/created_at">
        <Annotation Term="Core.Computed" Bool="true"/>
      </Annotations>
      <Annotations Target="ComplianceService.ComplianceExceptions/created_by">
        <Annotation Term="Core.Computed" Bool="true"/>
      </Annotations>
      <Annotations Target="ComplianceService.ComplianceExceptions/modified_at">
        <Annotation Term="Core.Computed" Bool="true"/>
      </Annotations>
      <Annotations Target="ComplianceService.ComplianceExceptions/modified_by">
        <Annotation Term="Core.Computed" Bool="true"/>
      </Annotations>
      <Annotations Target="ComplianceService.ComplianceExceptions/exception_number">
        <Annotation Term="Common.FieldControl" EnumMember="Common.FieldControlType/Mandatory"/>
      </Annotations>
      <Annotations Target="ComplianceService.ComplianceExceptions/compliance_check_ID">
        <Annotation Term="Common.FieldControl" EnumMember="Common.FieldControlType/Mandatory"/>
      </Annotations>
      <Annotations Target="ComplianceService.ComplianceExceptions/requested_by">
        <Annotation Term="Common.FieldControl" EnumMember="Common.FieldControlType/Mandatory"/>
      </Annotations>
      <Annotations Target="ComplianceService.ComplianceExceptions/request_date">
        <Annotation Term="Core.Computed" Bool="true"/>
      </Annotations>
      <Annotations Target="ComplianceService.ComplianceExceptions/justification">
        <Annotation Term="Common.FieldControl" EnumMember="Common.FieldControlType/Mandatory"/>
      </Annotations>
      <Annotations Target="ComplianceService.ComplianceExceptions/exception_type">
        <Annotation Term="Common.FieldControl" EnumMember="Common.FieldControlType/Mandatory"/>
      </Annotations>
      <Annotations Target="ComplianceService.ComplianceExceptions/status">
        <Annotation Term="Validation.AllowedValues">
          <Collection>
            <Record Type="Validation.AllowedValue">
              <Annotation Term="Core.SymbolicName" String="Pending"/>
              <PropertyValue Property="Value" String="PENDING"/>
            </Record>
            <Record Type="Validation.AllowedValue">
              <Annotation Term="Core.SymbolicName" String="Approved"/>
              <PropertyValue Property="Value" String="APPROVED"/>
            </Record>
            <Record Type="Validation.AllowedValue">
              <Annotation Term="Core.SymbolicName" String="Rejected"/>
              <PropertyValue Property="Value" String="REJECTED"/>
            </Record>
            <Record Type="Validation.AllowedValue">
              <Annotation Term="Core.SymbolicName" String="Expired"/>
              <PropertyValue Property="Value" String="EXPIRED"/>
            </Record>
          </Collection>
        </Annotation>
      </Annotations>
      <Annotations Target="ComplianceService.ComplianceExceptions/IsActiveEntity">
        <Annotation Term="UI.Hidden" Bool="true"/>
      </Annotations>
      <Annotations Target="ComplianceService.ComplianceExceptions/HasActiveEntity">
        <Annotation Term="UI.Hidden" Bool="true"/>
      </Annotations>
      <Annotations Target="ComplianceService.ComplianceExceptions/HasDraftEntity">
        <Annotation Term="UI.Hidden" Bool="true"/>
      </Annotations>
      <Annotations Target="ComplianceService.ComplianceExceptions/DraftAdministrativeData">
        <Annotation Term="UI.Hidden" Bool="true"/>
      </Annotations>
      <Annotations Target="ComplianceService.EntityContainer/ComplianceAuditLogs">
        <Annotation Term="Capabilities.DeleteRestrictions">
          <Record Type="Capabilities.DeleteRestrictionsType">
            <PropertyValue Property="Deletable" Bool="false"/>
          </Record>
        </Annotation>
        <Annotation Term="Capabilities.InsertRestrictions">
          <Record Type="Capabilities.InsertRestrictionsType">
            <PropertyValue Property="Insertable" Bool="false"/>
          </Record>
        </Annotation>
        <Annotation Term="Capabilities.UpdateRestrictions">
          <Record Type="Capabilities.UpdateRestrictionsType">
            <PropertyValue Property="Updatable" Bool="false"/>
          </Record>
        </Annotation>
      </Annotations>
      <Annotations Target="ComplianceService.ComplianceAuditLogs/ID">
        <Annotation Term="Core.ComputedDefaultValue" Bool="true"/>
      </Annotations>
      <Annotations Target="ComplianceService.ComplianceAuditLogs/log_timestamp">
        <Annotation Term="Core.Computed" Bool="true"/>
      </Annotations>
      <Annotations Target="ComplianceService.ComplianceAuditLogs/log_sequence">
        <Annotation Term="Common.FieldControl" EnumMember="Common.FieldControlType/Mandatory"/>
      </Annotations>
      <Annotations Target="ComplianceService.ComplianceAuditLogs/action_type">
        <Annotation Term="Common.FieldControl" EnumMember="Common.FieldControlType/Mandatory"/>
      </Annotations>
      <Annotations Target="ComplianceService.ComplianceAuditLogs/action_description">
        <Annotation Term="Common.FieldControl" EnumMember="Common.FieldControlType/Mandatory"/>
      </Annotations>
      <Annotations Target="ComplianceService.ComplianceAuditLogs/user_id">
        <Annotation Term="Common.FieldControl" EnumMember="Common.FieldControlType/Mandatory"/>
      </Annotations>
      <Annotations Target="ComplianceService.ComplianceAuditLogs/current_hash">
        <Annotation Term="Common.FieldControl" EnumMember="Common.FieldControlType/Mandatory"/>
      </Annotations>
      <Annotations Target="ComplianceService.EntityContainer/Suppliers">
        <Annotation Term="Capabilities.DeleteRestrictions">
          <Record Type="Capabilities.DeleteRestrictionsType">
            <PropertyValue Property="Deletable" Bool="false"/>
          </Record>
        </Annotation>
        <Annotation Term="Capabilities.InsertRestrictions">
          <Record Type="Capabilities.InsertRestrictionsType">
            <PropertyValue Property="Insertable" Bool="false"/>
          </Record>
        </Annotation>
        <Annotation Term="Capabilities.UpdateRestrictions">
          <Record Type="Capabilities.UpdateRestrictionsType">
            <PropertyValue Property="Updatable" Bool="false"/>
          </Record>
        </Annotation>
      </Annotations>
      <Annotations Target="ComplianceService.Suppliers/ID">
        <Annotation Term="Core.ComputedDefaultValue" Bool="true"/>
      </Annotations>
      <Annotations Target="ComplianceService.Suppliers/created_at">
        <Annotation Term="Core.Computed" Bool="true"/>
      </Annotations>
      <Annotations Target="ComplianceService.Suppliers/created_by">
        <Annotation Term="Core.Computed" Bool="true"/>
      </Annotations>
      <Annotations Target="ComplianceService.Suppliers/modified_at">
        <Annotation Term="Core.Computed" Bool="true"/>
      </Annotations>
      <Annotations Target="ComplianceService.Suppliers/modified_by">
        <Annotation Term="Core.Computed" Bool="true"/>
      </Annotations>
      <Annotations Target="ComplianceService.Suppliers/supplier_code">
        <Annotation Term="Common.FieldControl" EnumMember="Common.FieldControlType/Mandatory"/>
      </Annotations>
      <Annotations Target="ComplianceService.Suppliers/supplier_name">
        <Annotation Term="Common.FieldControl" EnumMember="Common.FieldControlType/Mandatory"/>
      </Annotations>
      <Annotations Target="ComplianceService.Suppliers/supplier_type">
        <Annotation Term="Common.FieldControl" EnumMember="Common.FieldControlType/Mandatory"/>
      </Annotations>
      <Annotations Target="ComplianceService.Suppliers/country_code">
        <Annotation Term="Common.FieldControl" EnumMember="Common.FieldControlType/Mandatory"/>
      </Annotations>
      <Annotations Target="ComplianceService.getDashboardKPIs(Edm.Date,Edm.Date)/fromDate">
        <Annotation Term="Core.OptionalParameter">
          <Record Type="Core.OptionalParameterType"/>
        </Annotation>
      </Annotations>
      <Annotations Target="ComplianceService.getDashboardKPIs(Edm.Date,Edm.Date)/toDate">
        <Annotation Term="Core.OptionalParameter">
          <Record Type="Core.OptionalParameterType"/>
        </Annotation>
      </Annotations>
      <Annotations Target="ComplianceService.getBlockedTransactions(Edm.Int32)/limit">
        <Annotation Term="Core.OptionalParameter">
          <Record Type="Core.OptionalParameterType"/>
        </Annotation>
      </Annotations>
      <Annotations Target="ComplianceService.isCountryEmbargoed(Edm.String)/countryCode">
        <Annotation Term="Core.OptionalParameter">
          <Record Type="Core.OptionalParameterType"/>
        </Annotation>
      </Annotations>
      <Annotations Target="ComplianceService.checkSupplierCompliance(Edm.Guid)/supplierId">
        <Annotation Term="Core.OptionalParameter">
          <Record Type="Core.OptionalParameterType"/>
        </Annotation>
      </Annotations>
      <Annotations Target="ComplianceService.searchSanctionedEntities(Edm.String,Edm.String,Edm.String,Edm.Int32)/searchTerm">
        <Annotation Term="Core.OptionalParameter">
          <Record Type="Core.OptionalParameterType"/>
        </Annotation>
      </Annotations>
      <Annotations Target="ComplianceService.searchSanctionedEntities(Edm.String,Edm.String,Edm.String,Edm.Int32)/entityType">
        <Annotation Term="Core.OptionalParameter">
          <Record Type="Core.OptionalParameterType"/>
        </Annotation>
      </Annotations>
      <Annotations Target="ComplianceService.searchSanctionedEntities(Edm.String,Edm.String,Edm.String,Edm.Int32)/jurisdiction">
        <Annotation Term="Core.OptionalParameter">
          <Record Type="Core.OptionalParameterType"/>
        </Annotation>
      </Annotations>
      <Annotations Target="ComplianceService.searchSanctionedEntities(Edm.String,Edm.String,Edm.String,Edm.Int32)/limit">
        <Annotation Term="Core.OptionalParameter">
          <Record Type="Core.OptionalParameterType"/>
        </Annotation>
      </Annotations>
      <Annotations Target="ComplianceService.generateComplianceReport(Edm.String,Edm.Date,Edm.Date,Edm.String)/reportType">
        <Annotation Term="Core.OptionalParameter">
          <Record Type="Core.OptionalParameterType"/>
        </Annotation>
      </Annotations>
      <Annotations Target="ComplianceService.generateComplianceReport(Edm.String,Edm.Date,Edm.Date,Edm.String)/fromDate">
        <Annotation Term="Core.OptionalParameter">
          <Record Type="Core.OptionalParameterType"/>
        </Annotation>
      </Annotations>
      <Annotations Target="ComplianceService.generateComplianceReport(Edm.String,Edm.Date,Edm.Date,Edm.String)/toDate">
        <Annotation Term="Core.OptionalParameter">
          <Record Type="Core.OptionalParameterType"/>
        </Annotation>
      </Annotations>
      <Annotations Target="ComplianceService.generateComplianceReport(Edm.String,Edm.Date,Edm.Date,Edm.String)/jurisdiction">
        <Annotation Term="Core.OptionalParameter">
          <Record Type="Core.OptionalParameterType"/>
        </Annotation>
      </Annotations>
      <Annotations Target="ComplianceService.DraftAdministrativeData">
        <Annotation Term="Common.Label" String="{i18n>Draft_DraftAdministrativeData}"/>
      </Annotations>
      <Annotations Target="ComplianceService.DraftAdministrativeData/DraftUUID">
        <Annotation Term="UI.Hidden" Bool="true"/>
        <Annotation Term="Common.Label" String="{i18n>Draft_DraftUUID}"/>
        <Annotation Term="Core.ComputedDefaultValue" Bool="true"/>
      </Annotations>
      <Annotations Target="ComplianceService.DraftAdministrativeData/CreationDateTime">
        <Annotation Term="Common.Label" String="{i18n>Draft_CreationDateTime}"/>
      </Annotations>
      <Annotations Target="ComplianceService.DraftAdministrativeData/CreatedByUser">
        <Annotation Term="Common.Label" String="{i18n>Draft_CreatedByUser}"/>
      </Annotations>
      <Annotations Target="ComplianceService.DraftAdministrativeData/DraftIsCreatedByMe">
        <Annotation Term="UI.Hidden" Bool="true"/>
        <Annotation Term="Common.Label" String="{i18n>Draft_DraftIsCreatedByMe}"/>
      </Annotations>
      <Annotations Target="ComplianceService.DraftAdministrativeData/LastChangeDateTime">
        <Annotation Term="Common.Label" String="{i18n>Draft_LastChangeDateTime}"/>
      </Annotations>
      <Annotations Target="ComplianceService.DraftAdministrativeData/LastChangedByUser">
        <Annotation Term="Common.Label" String="{i18n>Draft_LastChangedByUser}"/>
      </Annotations>
      <Annotations Target="ComplianceService.DraftAdministrativeData/InProcessByUser">
        <Annotation Term="Common.Label" String="{i18n>Draft_InProcessByUser}"/>
      </Annotations>
      <Annotations Target="ComplianceService.DraftAdministrativeData/DraftIsProcessedByMe">
        <Annotation Term="UI.Hidden" Bool="true"/>
        <Annotation Term="Common.Label" String="{i18n>Draft_DraftIsProcessedByMe}"/>
      </Annotations>
    </Schema>
  </edmx:DataServices>
</edmx:Edmx>