<?xml version="1.0" encoding="utf-8"?>
<edmx:Edmx Version="4.0" xmlns:edmx="http://docs.oasis-open.org/odata/ns/edmx">
  <edmx:Reference Uri="https://oasis-tcs.github.io/odata-vocabularies/vocabularies/Org.OData.Capabilities.V1.xml">
    <edmx:Include Alias="Capabilities" Namespace="Org.OData.Capabilities.V1"/>
  </edmx:Reference>
  <edmx:Reference Uri="https://sap.github.io/odata-vocabularies/vocabularies/Common.xml">
    <edmx:Include Alias="Common" Namespace="com.sap.vocabularies.Common.v1"/>
  </edmx:Reference>
  <edmx:Reference Uri="https://oasis-tcs.github.io/odata-vocabularies/vocabularies/Org.OData.Core.V1.xml">
    <edmx:Include Alias="Core" Namespace="Org.OData.Core.V1"/>
  </edmx:Reference>
  <edmx:Reference Uri="https://oasis-tcs.github.io/odata-vocabularies/vocabularies/Org.OData.Validation.V1.xml">
    <edmx:Include Alias="Validation" Namespace="Org.OData.Validation.V1"/>
  </edmx:Reference>
  <edmx:DataServices>
    <Schema Namespace="ContractsService" xmlns="http://docs.oasis-open.org/odata/ns/edm">
      <Annotation Term="Core.Links">
        <Collection>
          <Record>
            <PropertyValue Property="rel" String="author"/>
            <PropertyValue Property="href" String="https://cap.cloud.sap"/>
          </Record>
        </Collection>
      </Annotation>
      <EntityContainer Name="EntityContainer">
        <EntitySet Name="Contracts" EntityType="ContractsService.Contracts">
          <NavigationPropertyBinding Path="supplier" Target="Suppliers"/>
          <NavigationPropertyBinding Path="currency" Target="Currencies"/>
          <NavigationPropertyBinding Path="locations" Target="ContractLocations"/>
          <NavigationPropertyBinding Path="products" Target="ContractProducts"/>
        </EntitySet>
        <EntitySet Name="ContractLocations" EntityType="ContractsService.ContractLocations">
          <NavigationPropertyBinding Path="contract" Target="Contracts"/>
          <NavigationPropertyBinding Path="airport" Target="Airports"/>
        </EntitySet>
        <EntitySet Name="ContractProducts" EntityType="ContractsService.ContractProducts">
          <NavigationPropertyBinding Path="contract" Target="Contracts"/>
          <NavigationPropertyBinding Path="product" Target="Products"/>
        </EntitySet>
        <EntitySet Name="PricingConfig" EntityType="ContractsService.PricingConfig"/>
        <EntitySet Name="PricingFormulas" EntityType="ContractsService.PricingFormulas">
          <NavigationPropertyBinding Path="contract" Target="Contracts"/>
          <NavigationPropertyBinding Path="currency" Target="Currencies"/>
          <NavigationPropertyBinding Path="uom" Target="UnitsOfMeasure"/>
          <NavigationPropertyBinding Path="elements" Target="FormulaElements"/>
        </EntitySet>
        <EntitySet Name="FormulaElements" EntityType="ContractsService.FormulaElements">
          <NavigationPropertyBinding Path="formula" Target="PricingFormulas"/>
          <NavigationPropertyBinding Path="market_index" Target="MarketIndices"/>
        </EntitySet>
        <EntitySet Name="MarketIndices" EntityType="ContractsService.MarketIndices">
          <NavigationPropertyBinding Path="currency" Target="Currencies"/>
          <NavigationPropertyBinding Path="uom" Target="UnitsOfMeasure"/>
          <NavigationPropertyBinding Path="values" Target="IndexValues"/>
        </EntitySet>
        <EntitySet Name="IndexValues" EntityType="ContractsService.IndexValues">
          <NavigationPropertyBinding Path="marketIndex" Target="MarketIndices"/>
        </EntitySet>
        <EntitySet Name="DerivedPrices" EntityType="ContractsService.DerivedPrices">
          <NavigationPropertyBinding Path="contract" Target="Contracts"/>
          <NavigationPropertyBinding Path="formula" Target="PricingFormulas"/>
          <NavigationPropertyBinding Path="airport" Target="Airports"/>
          <NavigationPropertyBinding Path="product" Target="Products"/>
        </EntitySet>
        <EntitySet Name="Suppliers" EntityType="ContractsService.Suppliers">
          <NavigationPropertyBinding Path="country" Target="Countries"/>
        </EntitySet>
        <EntitySet Name="Products" EntityType="ContractsService.Products">
          <NavigationPropertyBinding Path="uom" Target="UnitsOfMeasure"/>
        </EntitySet>
        <EntitySet Name="Airports" EntityType="ContractsService.Airports">
          <NavigationPropertyBinding Path="country" Target="Countries"/>
        </EntitySet>
        <EntitySet Name="Countries" EntityType="ContractsService.Countries"/>
        <EntitySet Name="Currencies" EntityType="ContractsService.Currencies"/>
        <EntitySet Name="UnitsOfMeasure" EntityType="ContractsService.UnitsOfMeasure"/>
        <ActionImport Name="calculatePrice" Action="ContractsService.calculatePrice"/>
        <FunctionImport Name="getFormula" Function="ContractsService.getFormula"/>
        <ActionImport Name="validateFormula" Action="ContractsService.validateFormula"/>
        <ActionImport Name="simulatePrice" Action="ContractsService.simulatePrice"/>
        <ActionImport Name="importMarketIndex" Action="ContractsService.importMarketIndex"/>
        <ActionImport Name="syncContractFromS4" Action="ContractsService.syncContractFromS4"/>
        <ActionImport Name="syncCPEFormula" Action="ContractsService.syncCPEFormula"/>
        <FunctionImport Name="getApplicableContracts" Function="ContractsService.getApplicableContracts"/>
        <FunctionImport Name="getPricingConfig" Function="ContractsService.getPricingConfig"/>
      </EntityContainer>
      <EntityType Name="Contracts">
        <Key>
          <PropertyRef Name="ID"/>
        </Key>
        <Property Name="ID" Type="Edm.Guid" Nullable="false"/>
        <Property Name="is_active" Type="Edm.Boolean" DefaultValue="true"/>
        <Property Name="created_at" Type="Edm.DateTimeOffset"/>
        <Property Name="created_by" Type="Edm.String" MaxLength="100"/>
        <Property Name="modified_at" Type="Edm.DateTimeOffset"/>
        <Property Name="modified_by" Type="Edm.String" MaxLength="100"/>
        <Property Name="contract_number" Type="Edm.String" MaxLength="20"/>
        <Property Name="contract_name" Type="Edm.String" MaxLength="100"/>
        <NavigationProperty Name="supplier" Type="ContractsService.Suppliers">
          <ReferentialConstraint Property="supplier_ID" ReferencedProperty="ID"/>
        </NavigationProperty>
        <Property Name="supplier_ID" Type="Edm.Guid"/>
        <Property Name="valid_from" Type="Edm.Date"/>
        <Property Name="valid_to" Type="Edm.Date"/>
        <Property Name="contract_type" Type="Edm.String" MaxLength="20"/>
        <Property Name="price_type" Type="Edm.String" MaxLength="20"/>
        <NavigationProperty Name="currency" Type="ContractsService.Currencies">
          <ReferentialConstraint Property="currency_code" ReferencedProperty="currency_code"/>
        </NavigationProperty>
        <Property Name="currency_code" Type="Edm.String" MaxLength="3"/>
        <Property Name="payment_terms" Type="Edm.String" MaxLength="20"/>
        <Property Name="incoterms" Type="Edm.String" MaxLength="10"/>
        <Property Name="min_volume_kg" Type="Edm.Decimal" Precision="15" Scale="2"/>
        <Property Name="max_volume_kg" Type="Edm.Decimal" Precision="15" Scale="2"/>
        <Property Name="s4_contract_number" Type="Edm.String" MaxLength="10"/>
        <NavigationProperty Name="locations" Type="Collection(ContractsService.ContractLocations)" Partner="contract">
          <OnDelete Action="Cascade"/>
        </NavigationProperty>
        <NavigationProperty Name="products" Type="Collection(ContractsService.ContractProducts)" Partner="contract">
          <OnDelete Action="Cascade"/>
        </NavigationProperty>
      </EntityType>
      <EntityType Name="ContractLocations">
        <Key>
          <PropertyRef Name="ID"/>
        </Key>
        <Property Name="ID" Type="Edm.Guid" Nullable="false"/>
        <Property Name="is_active" Type="Edm.Boolean" DefaultValue="true"/>
        <Property Name="created_at" Type="Edm.DateTimeOffset"/>
        <Property Name="created_by" Type="Edm.String" MaxLength="100"/>
        <Property Name="modified_at" Type="Edm.DateTimeOffset"/>
        <Property Name="modified_by" Type="Edm.String" MaxLength="100"/>
        <NavigationProperty Name="contract" Type="ContractsService.Contracts" Partner="locations">
          <ReferentialConstraint Property="contract_ID" ReferencedProperty="ID"/>
        </NavigationProperty>
        <Property Name="contract_ID" Type="Edm.Guid"/>
        <NavigationProperty Name="airport" Type="ContractsService.Airports">
          <ReferentialConstraint Property="airport_ID" ReferencedProperty="ID"/>
        </NavigationProperty>
        <Property Name="airport_ID" Type="Edm.Guid"/>
        <Property Name="plant_code" Type="Edm.String" MaxLength="4"/>
        <Property Name="location_type" Type="Edm.String" MaxLength="20" DefaultValue="PRIMARY"/>
        <Property Name="location_premium" Type="Edm.Decimal" Precision="15" Scale="4"/>
        <Property Name="priority" Type="Edm.Int32" DefaultValue="1"/>
        <Property Name="valid_from" Type="Edm.Date"/>
        <Property Name="valid_to" Type="Edm.Date"/>
      </EntityType>
      <EntityType Name="ContractProducts">
        <Key>
          <PropertyRef Name="ID"/>
        </Key>
        <Property Name="ID" Type="Edm.Guid" Nullable="false"/>
        <Property Name="is_active" Type="Edm.Boolean" DefaultValue="true"/>
        <Property Name="created_at" Type="Edm.DateTimeOffset"/>
        <Property Name="created_by" Type="Edm.String" MaxLength="100"/>
        <Property Name="modified_at" Type="Edm.DateTimeOffset"/>
        <Property Name="modified_by" Type="Edm.String" MaxLength="100"/>
        <NavigationProperty Name="contract" Type="ContractsService.Contracts" Partner="products">
          <ReferentialConstraint Property="contract_ID" ReferencedProperty="ID"/>
        </NavigationProperty>
        <Property Name="contract_ID" Type="Edm.Guid"/>
        <NavigationProperty Name="product" Type="ContractsService.Products">
          <ReferentialConstraint Property="product_ID" ReferencedProperty="ID"/>
        </NavigationProperty>
        <Property Name="product_ID" Type="Edm.Guid"/>
        <Property Name="product_premium" Type="Edm.Decimal" Precision="15" Scale="4"/>
        <Property Name="min_quantity" Type="Edm.Decimal" Precision="15" Scale="2"/>
        <Property Name="max_quantity" Type="Edm.Decimal" Precision="15" Scale="2"/>
        <Property Name="is_default" Type="Edm.Boolean" DefaultValue="false"/>
      </EntityType>
      <EntityType Name="PricingConfig">
        <Key>
          <PropertyRef Name="ID"/>
        </Key>
        <Property Name="ID" Type="Edm.Guid" Nullable="false"/>
        <Property Name="is_active" Type="Edm.Boolean" DefaultValue="true"/>
        <Property Name="created_at" Type="Edm.DateTimeOffset"/>
        <Property Name="created_by" Type="Edm.String" MaxLength="100"/>
        <Property Name="modified_at" Type="Edm.DateTimeOffset"/>
        <Property Name="modified_by" Type="Edm.String" MaxLength="100"/>
        <Property Name="config_code" Type="Edm.String" MaxLength="20"/>
        <Property Name="company_code" Type="Edm.String" MaxLength="10"/>
        <Property Name="engine_mode" Type="Edm.String" MaxLength="20" DefaultValue="NATIVE"/>
        <Property Name="fallback_enabled" Type="Edm.Boolean" DefaultValue="true"/>
        <Property Name="variance_threshold" Type="Edm.Decimal" Precision="5" Scale="2" DefaultValue="5.0"/>
        <Property Name="cpe_cache_ttl_mins" Type="Edm.Int32" DefaultValue="30"/>
        <Property Name="cpe_endpoint_url" Type="Edm.String" MaxLength="500"/>
        <Property Name="valid_from" Type="Edm.Date"/>
        <Property Name="valid_to" Type="Edm.Date"/>
      </EntityType>
      <EntityType Name="PricingFormulas">
        <Key>
          <PropertyRef Name="ID"/>
        </Key>
        <Property Name="ID" Type="Edm.Guid" Nullable="false"/>
        <Property Name="is_active" Type="Edm.Boolean" DefaultValue="true"/>
        <Property Name="created_at" Type="Edm.DateTimeOffset"/>
        <Property Name="created_by" Type="Edm.String" MaxLength="100"/>
        <Property Name="modified_at" Type="Edm.DateTimeOffset"/>
        <Property Name="modified_by" Type="Edm.String" MaxLength="100"/>
        <Property Name="formula_code" Type="Edm.String" MaxLength="20"/>
        <Property Name="formula_name" Type="Edm.String" MaxLength="100"/>
        <Property Name="description" Type="Edm.String" MaxLength="500"/>
        <NavigationProperty Name="contract" Type="ContractsService.Contracts">
          <ReferentialConstraint Property="contract_ID" ReferencedProperty="ID"/>
        </NavigationProperty>
        <Property Name="contract_ID" Type="Edm.Guid"/>
        <NavigationProperty Name="currency" Type="ContractsService.Currencies">
          <ReferentialConstraint Property="currency_code" ReferencedProperty="currency_code"/>
        </NavigationProperty>
        <Property Name="currency_code" Type="Edm.String" MaxLength="3"/>
        <NavigationProperty Name="uom" Type="ContractsService.UnitsOfMeasure">
          <ReferentialConstraint Property="uom_code" ReferencedProperty="uom_code"/>
        </NavigationProperty>
        <Property Name="uom_code" Type="Edm.String" MaxLength="3"/>
        <Property Name="valid_from" Type="Edm.Date"/>
        <Property Name="valid_to" Type="Edm.Date"/>
        <NavigationProperty Name="elements" Type="Collection(ContractsService.FormulaElements)" Partner="formula">
          <OnDelete Action="Cascade"/>
        </NavigationProperty>
      </EntityType>
      <EntityType Name="FormulaElements">
        <Key>
          <PropertyRef Name="ID"/>
        </Key>
        <Property Name="ID" Type="Edm.Guid" Nullable="false"/>
        <Property Name="is_active" Type="Edm.Boolean" DefaultValue="true"/>
        <NavigationProperty Name="formula" Type="ContractsService.PricingFormulas" Partner="elements">
          <ReferentialConstraint Property="formula_ID" ReferencedProperty="ID"/>
        </NavigationProperty>
        <Property Name="formula_ID" Type="Edm.Guid"/>
        <Property Name="sequence" Type="Edm.Int32"/>
        <Property Name="element_code" Type="Edm.String" MaxLength="20"/>
        <Property Name="element_name" Type="Edm.String" MaxLength="100"/>
        <Property Name="category" Type="Edm.String" MaxLength="20"/>
        <Property Name="element_type" Type="Edm.String" MaxLength="20"/>
        <NavigationProperty Name="market_index" Type="ContractsService.MarketIndices">
          <ReferentialConstraint Property="market_index_ID" ReferencedProperty="ID"/>
        </NavigationProperty>
        <Property Name="market_index_ID" Type="Edm.Guid"/>
        <Property Name="fixed_value" Type="Edm.Decimal" Precision="15" Scale="4"/>
        <Property Name="percentage_value" Type="Edm.Decimal" Precision="8" Scale="4"/>
        <Property Name="currency_code" Type="Edm.String" MaxLength="3"/>
        <Property Name="is_taxable" Type="Edm.Boolean" DefaultValue="true"/>
        <Property Name="valid_from" Type="Edm.Date"/>
        <Property Name="valid_to" Type="Edm.Date"/>
      </EntityType>
      <EntityType Name="MarketIndices">
        <Key>
          <PropertyRef Name="ID"/>
        </Key>
        <Property Name="ID" Type="Edm.Guid" Nullable="false"/>
        <Property Name="is_active" Type="Edm.Boolean" DefaultValue="true"/>
        <Property Name="created_at" Type="Edm.DateTimeOffset"/>
        <Property Name="created_by" Type="Edm.String" MaxLength="100"/>
        <Property Name="modified_at" Type="Edm.DateTimeOffset"/>
        <Property Name="modified_by" Type="Edm.String" MaxLength="100"/>
        <Property Name="index_code" Type="Edm.String" MaxLength="20"/>
        <Property Name="index_name" Type="Edm.String" MaxLength="100"/>
        <Property Name="index_provider" Type="Edm.String" MaxLength="50"/>
        <Property Name="index_region" Type="Edm.String" MaxLength="50"/>
        <Property Name="product_type" Type="Edm.String" MaxLength="20"/>
        <NavigationProperty Name="currency" Type="ContractsService.Currencies">
          <ReferentialConstraint Property="currency_code" ReferencedProperty="currency_code"/>
        </NavigationProperty>
        <Property Name="currency_code" Type="Edm.String" MaxLength="3"/>
        <NavigationProperty Name="uom" Type="ContractsService.UnitsOfMeasure">
          <ReferentialConstraint Property="uom_code" ReferencedProperty="uom_code"/>
        </NavigationProperty>
        <Property Name="uom_code" Type="Edm.String" MaxLength="3"/>
        <Property Name="publication_frequency" Type="Edm.String" MaxLength="20"/>
        <Property Name="publication_lag_days" Type="Edm.Int32" DefaultValue="0"/>
        <Property Name="data_source_url" Type="Edm.String" MaxLength="500"/>
        <NavigationProperty Name="values" Type="Collection(ContractsService.IndexValues)" Partner="marketIndex">
          <OnDelete Action="Cascade"/>
        </NavigationProperty>
      </EntityType>
      <EntityType Name="IndexValues">
        <Key>
          <PropertyRef Name="ID"/>
        </Key>
        <Property Name="ID" Type="Edm.Guid" Nullable="false"/>
        <NavigationProperty Name="marketIndex" Type="ContractsService.MarketIndices" Partner="values">
          <ReferentialConstraint Property="marketIndex_ID" ReferencedProperty="ID"/>
        </NavigationProperty>
        <Property Name="marketIndex_ID" Type="Edm.Guid"/>
        <Property Name="effective_date" Type="Edm.Date"/>
        <Property Name="price_value" Type="Edm.Decimal" Precision="15" Scale="4"/>
        <Property Name="price_low" Type="Edm.Decimal" Precision="15" Scale="4"/>
        <Property Name="price_high" Type="Edm.Decimal" Precision="15" Scale="4"/>
        <Property Name="source_reference" Type="Edm.String" MaxLength="100"/>
        <Property Name="imported_at" Type="Edm.DateTimeOffset"/>
        <Property Name="imported_by" Type="Edm.String" MaxLength="100"/>
      </EntityType>
      <EntityType Name="DerivedPrices">
        <Key>
          <PropertyRef Name="ID"/>
        </Key>
        <Property Name="ID" Type="Edm.Guid" Nullable="false"/>
        <Property Name="calculation_id" Type="Edm.String" MaxLength="36"/>
        <NavigationProperty Name="contract" Type="ContractsService.Contracts">
          <ReferentialConstraint Property="contract_ID" ReferencedProperty="ID"/>
        </NavigationProperty>
        <Property Name="contract_ID" Type="Edm.Guid"/>
        <NavigationProperty Name="formula" Type="ContractsService.PricingFormulas">
          <ReferentialConstraint Property="formula_ID" ReferencedProperty="ID"/>
        </NavigationProperty>
        <Property Name="formula_ID" Type="Edm.Guid"/>
        <NavigationProperty Name="airport" Type="ContractsService.Airports">
          <ReferentialConstraint Property="airport_ID" ReferencedProperty="ID"/>
        </NavigationProperty>
        <Property Name="airport_ID" Type="Edm.Guid"/>
        <NavigationProperty Name="product" Type="ContractsService.Products">
          <ReferentialConstraint Property="product_ID" ReferencedProperty="ID"/>
        </NavigationProperty>
        <Property Name="product_ID" Type="Edm.Guid"/>
        <Property Name="calculation_date" Type="Edm.Date"/>
        <Property Name="quantity" Type="Edm.Decimal" Precision="15" Scale="2"/>
        <Property Name="uom_code" Type="Edm.String" MaxLength="3"/>
        <Property Name="engine_mode" Type="Edm.String" MaxLength="20"/>
        <Property Name="engine_used" Type="Edm.String" MaxLength="20"/>
        <Property Name="base_price" Type="Edm.Decimal" Precision="15" Scale="4"/>
        <Property Name="total_service_fees" Type="Edm.Decimal" Precision="15" Scale="4"/>
        <Property Name="total_taxes" Type="Edm.Decimal" Precision="15" Scale="4"/>
        <Property Name="final_unit_price" Type="Edm.Decimal" Precision="15" Scale="4"/>
        <Property Name="total_amount" Type="Edm.Decimal" Precision="15" Scale="2"/>
        <Property Name="currency_code" Type="Edm.String" MaxLength="3"/>
        <Property Name="cpe_unit_price" Type="Edm.Decimal" Precision="15" Scale="4"/>
        <Property Name="native_unit_price" Type="Edm.Decimal" Precision="15" Scale="4"/>
        <Property Name="variance_amount" Type="Edm.Decimal" Precision="15" Scale="4"/>
        <Property Name="variance_percentage" Type="Edm.Decimal" Precision="5" Scale="2"/>
        <Property Name="variance_flag" Type="Edm.Boolean" DefaultValue="false"/>
        <Property Name="price_breakdown" Type="Edm.String"/>
        <Property Name="calculated_at" Type="Edm.DateTimeOffset"/>
        <Property Name="calculated_by" Type="Edm.String" MaxLength="100"/>
        <Property Name="calculation_duration_ms" Type="Edm.Int32"/>
      </EntityType>
      <EntityType Name="Suppliers">
        <Key>
          <PropertyRef Name="ID"/>
        </Key>
        <Property Name="ID" Type="Edm.Guid" Nullable="false"/>
        <Property Name="is_active" Type="Edm.Boolean" DefaultValue="true"/>
        <Property Name="created_at" Type="Edm.DateTimeOffset"/>
        <Property Name="created_by" Type="Edm.String" MaxLength="100"/>
        <Property Name="modified_at" Type="Edm.DateTimeOffset"/>
        <Property Name="modified_by" Type="Edm.String" MaxLength="100"/>
        <Property Name="supplier_code" Type="Edm.String" MaxLength="20"/>
        <Property Name="supplier_name" Type="Edm.String" MaxLength="100"/>
        <Property Name="supplier_type" Type="Edm.String" MaxLength="20"/>
        <NavigationProperty Name="country" Type="ContractsService.Countries">
          <ReferentialConstraint Property="country_code" ReferencedProperty="land1"/>
        </NavigationProperty>
        <Property Name="country_code" Type="Edm.String" MaxLength="3"/>
        <Property Name="payment_terms" Type="Edm.String" MaxLength="20"/>
        <Property Name="s4_vendor_no" Type="Edm.String" MaxLength="10"/>
      </EntityType>
      <EntityType Name="Products">
        <Key>
          <PropertyRef Name="ID"/>
        </Key>
        <Property Name="ID" Type="Edm.Guid" Nullable="false"/>
        <Property Name="is_active" Type="Edm.Boolean" DefaultValue="true"/>
        <Property Name="created_at" Type="Edm.DateTimeOffset"/>
        <Property Name="created_by" Type="Edm.String" MaxLength="100"/>
        <Property Name="modified_at" Type="Edm.DateTimeOffset"/>
        <Property Name="modified_by" Type="Edm.String" MaxLength="100"/>
        <Property Name="product_code" Type="Edm.String" MaxLength="20"/>
        <Property Name="product_name" Type="Edm.String" MaxLength="100"/>
        <Property Name="product_type" Type="Edm.String" MaxLength="20"/>
        <Property Name="specification" Type="Edm.String" MaxLength="50"/>
        <NavigationProperty Name="uom" Type="ContractsService.UnitsOfMeasure">
          <ReferentialConstraint Property="uom_code" ReferencedProperty="uom_code"/>
        </NavigationProperty>
        <Property Name="uom_code" Type="Edm.String" MaxLength="3"/>
        <Property Name="s4_material_number" Type="Edm.String" MaxLength="18"/>
      </EntityType>
      <EntityType Name="Airports">
        <Key>
          <PropertyRef Name="ID"/>
        </Key>
        <Property Name="ID" Type="Edm.Guid" Nullable="false"/>
        <Property Name="is_active" Type="Edm.Boolean" DefaultValue="true"/>
        <Property Name="created_at" Type="Edm.DateTimeOffset"/>
        <Property Name="created_by" Type="Edm.String" MaxLength="100"/>
        <Property Name="modified_at" Type="Edm.DateTimeOffset"/>
        <Property Name="modified_by" Type="Edm.String" MaxLength="100"/>
        <Property Name="iata_code" Type="Edm.String" MaxLength="3"/>
        <Property Name="icao_code" Type="Edm.String" MaxLength="4"/>
        <Property Name="airport_name" Type="Edm.String" MaxLength="100"/>
        <Property Name="city" Type="Edm.String" MaxLength="50"/>
        <NavigationProperty Name="country" Type="ContractsService.Countries">
          <ReferentialConstraint Property="country_code" ReferencedProperty="land1"/>
        </NavigationProperty>
        <Property Name="country_code" Type="Edm.String" MaxLength="3"/>
        <Property Name="timezone" Type="Edm.String" MaxLength="50"/>
        <Property Name="s4_plant_code" Type="Edm.String" MaxLength="4"/>
      </EntityType>
      <EntityType Name="Countries">
        <Key>
          <PropertyRef Name="land1"/>
        </Key>
        <Property Name="is_active" Type="Edm.Boolean" DefaultValue="true"/>
        <Property Name="land1" Type="Edm.String" MaxLength="3" Nullable="false"/>
        <Property Name="landx" Type="Edm.String" MaxLength="50"/>
        <Property Name="landx50" Type="Edm.String" MaxLength="100"/>
        <Property Name="natio" Type="Edm.String" MaxLength="3"/>
        <Property Name="landgr" Type="Edm.String" MaxLength="3"/>
        <Property Name="currcode" Type="Edm.String" MaxLength="3"/>
        <Property Name="spras" Type="Edm.String" MaxLength="2"/>
        <Property Name="is_embargoed" Type="Edm.Boolean" DefaultValue="false"/>
        <Property Name="embargo_effective_date" Type="Edm.Date"/>
        <Property Name="embargo_reason" Type="Edm.String" MaxLength="500"/>
        <Property Name="sanction_programs" Type="Edm.String" MaxLength="200"/>
        <Property Name="risk_level" Type="Edm.String" MaxLength="10"/>
      </EntityType>
      <EntityType Name="Currencies">
        <Key>
          <PropertyRef Name="currency_code"/>
        </Key>
        <Property Name="is_active" Type="Edm.Boolean" DefaultValue="true"/>
        <Property Name="currency_code" Type="Edm.String" MaxLength="3" Nullable="false"/>
        <Property Name="currency_name" Type="Edm.String" MaxLength="50"/>
        <Property Name="decimal_places" Type="Edm.Int32"/>
        <Property Name="symbol" Type="Edm.String" MaxLength="5"/>
      </EntityType>
      <EntityType Name="UnitsOfMeasure">
        <Key>
          <PropertyRef Name="uom_code"/>
        </Key>
        <Property Name="is_active" Type="Edm.Boolean" DefaultValue="true"/>
        <Property Name="uom_code" Type="Edm.String" MaxLength="3" Nullable="false"/>
        <Property Name="uom_name" Type="Edm.String" MaxLength="50"/>
        <Property Name="uom_category" Type="Edm.String" MaxLength="20"/>
        <Property Name="conversion_to_kg" Type="Edm.Decimal" Precision="15" Scale="6"/>
      </EntityType>
      <ComplexType Name="PriceCalculationResult">
        <Property Name="success" Type="Edm.Boolean"/>
        <Property Name="calculationId" Type="Edm.String" MaxLength="36"/>
        <Property Name="contractNumber" Type="Edm.String" MaxLength="20"/>
        <Property Name="formulaCode" Type="Edm.String" MaxLength="20"/>
        <Property Name="engineUsed" Type="Edm.String" MaxLength="20"/>
        <Property Name="engineMode" Type="Edm.String" MaxLength="20"/>
        <Property Name="basePrice" Type="Edm.Decimal" Precision="15" Scale="4"/>
        <Property Name="serviceFees" Type="Collection(ContractsService.PriceElementDetail)" Nullable="true"/>
        <Property Name="taxes" Type="Collection(ContractsService.PriceElementDetail)" Nullable="true"/>
        <Property Name="locationPremium" Type="Edm.Decimal" Precision="15" Scale="4"/>
        <Property Name="productPremium" Type="Edm.Decimal" Precision="15" Scale="4"/>
        <Property Name="totalServiceFees" Type="Edm.Decimal" Precision="15" Scale="4"/>
        <Property Name="totalTaxes" Type="Edm.Decimal" Precision="15" Scale="4"/>
        <Property Name="finalUnitPrice" Type="Edm.Decimal" Precision="15" Scale="4"/>
        <Property Name="totalAmount" Type="Edm.Decimal" Precision="15" Scale="2"/>
        <Property Name="currencyCode" Type="Edm.String" MaxLength="3"/>
        <Property Name="uomCode" Type="Edm.String" MaxLength="3"/>
        <Property Name="cpeUnitPrice" Type="Edm.Decimal" Precision="15" Scale="4"/>
        <Property Name="nativeUnitPrice" Type="Edm.Decimal" Precision="15" Scale="4"/>
        <Property Name="varianceAmount" Type="Edm.Decimal" Precision="15" Scale="4"/>
        <Property Name="variancePercentage" Type="Edm.Decimal" Precision="5" Scale="2"/>
        <Property Name="varianceFlag" Type="Edm.Boolean"/>
        <Property Name="calculationDate" Type="Edm.Date"/>
        <Property Name="calculatedAt" Type="Edm.DateTimeOffset"/>
        <Property Name="errorMessage" Type="Edm.String" MaxLength="500"/>
      </ComplexType>
      <ComplexType Name="PriceElementDetail">
        <Property Name="sequence" Type="Edm.Int32"/>
        <Property Name="elementCode" Type="Edm.String" MaxLength="20"/>
        <Property Name="elementName" Type="Edm.String" MaxLength="100"/>
        <Property Name="category" Type="Edm.String" MaxLength="20"/>
        <Property Name="elementType" Type="Edm.String" MaxLength="20"/>
        <Property Name="inputValue" Type="Edm.Decimal" Precision="15" Scale="4"/>
        <Property Name="calculatedAmount" Type="Edm.Decimal" Precision="15" Scale="4"/>
        <Property Name="currencyCode" Type="Edm.String" MaxLength="3"/>
      </ComplexType>
      <ComplexType Name="FormulaDetail">
        <Property Name="formulaId" Type="Edm.Guid"/>
        <Property Name="formulaCode" Type="Edm.String" MaxLength="20"/>
        <Property Name="formulaName" Type="Edm.String" MaxLength="100"/>
        <Property Name="description" Type="Edm.String" MaxLength="500"/>
        <Property Name="currencyCode" Type="Edm.String" MaxLength="3"/>
        <Property Name="uomCode" Type="Edm.String" MaxLength="3"/>
        <Property Name="validFrom" Type="Edm.Date"/>
        <Property Name="validTo" Type="Edm.Date"/>
        <Property Name="elements" Type="Collection(ContractsService.FormulaElementDetail)" Nullable="true"/>
      </ComplexType>
      <ComplexType Name="FormulaElementDetail">
        <Property Name="sequence" Type="Edm.Int32"/>
        <Property Name="elementCode" Type="Edm.String" MaxLength="20"/>
        <Property Name="elementName" Type="Edm.String" MaxLength="100"/>
        <Property Name="category" Type="Edm.String" MaxLength="20"/>
        <Property Name="elementType" Type="Edm.String" MaxLength="20"/>
        <Property Name="marketIndexCode" Type="Edm.String" MaxLength="20"/>
        <Property Name="fixedValue" Type="Edm.Decimal" Precision="15" Scale="4"/>
        <Property Name="percentageValue" Type="Edm.Decimal" Precision="8" Scale="4"/>
        <Property Name="isTaxable" Type="Edm.Boolean"/>
      </ComplexType>
      <ComplexType Name="FormulaValidationResult">
        <Property Name="isValid" Type="Edm.Boolean"/>
        <Property Name="formulaCode" Type="Edm.String" MaxLength="20"/>
        <Property Name="validationDate" Type="Edm.DateTimeOffset"/>
        <Property Name="errors" Type="Collection(ContractsService.ValidationMessage)" Nullable="true"/>
        <Property Name="warnings" Type="Collection(ContractsService.ValidationMessage)" Nullable="true"/>
      </ComplexType>
      <ComplexType Name="ValidationMessage">
        <Property Name="code" Type="Edm.String" MaxLength="10"/>
        <Property Name="message" Type="Edm.String" MaxLength="500"/>
        <Property Name="field" Type="Edm.String" MaxLength="100"/>
      </ComplexType>
      <ComplexType Name="PriceSimulationResult">
        <Property Name="success" Type="Edm.Boolean"/>
        <Property Name="formulaCode" Type="Edm.String" MaxLength="20"/>
        <Property Name="basePrice" Type="Edm.Decimal" Precision="15" Scale="4"/>
        <Property Name="finalUnitPrice" Type="Edm.Decimal" Precision="15" Scale="4"/>
        <Property Name="totalAmount" Type="Edm.Decimal" Precision="15" Scale="2"/>
        <Property Name="breakdown" Type="Collection(ContractsService.PriceElementDetail)" Nullable="true"/>
        <Property Name="currencyCode" Type="Edm.String" MaxLength="3"/>
        <Property Name="uomCode" Type="Edm.String" MaxLength="3"/>
        <Property Name="simulatedAt" Type="Edm.DateTimeOffset"/>
      </ComplexType>
      <ComplexType Name="ElementOverride">
        <Property Name="elementCode" Type="Edm.String" MaxLength="20"/>
        <Property Name="overrideValue" Type="Edm.Decimal" Precision="15" Scale="4"/>
      </ComplexType>
      <ComplexType Name="MarketIndexImportResult">
        <Property Name="success" Type="Edm.Boolean"/>
        <Property Name="indexCode" Type="Edm.String" MaxLength="20"/>
        <Property Name="recordsImported" Type="Edm.Int32"/>
        <Property Name="fromDate" Type="Edm.Date"/>
        <Property Name="toDate" Type="Edm.Date"/>
        <Property Name="errors" Type="Collection(Edm.String)" Nullable="true"/>
        <Property Name="importTime" Type="Edm.DateTimeOffset"/>
      </ComplexType>
      <ComplexType Name="SyncResult">
        <Property Name="success" Type="Edm.Boolean"/>
        <Property Name="recordsSynced" Type="Edm.Int32"/>
        <Property Name="errors" Type="Collection(Edm.String)" Nullable="true"/>
        <Property Name="syncTime" Type="Edm.DateTimeOffset"/>
      </ComplexType>
      <ComplexType Name="ContractSummary">
        <Property Name="contractId" Type="Edm.Guid"/>
        <Property Name="contractNumber" Type="Edm.String" MaxLength="20"/>
        <Property Name="contractName" Type="Edm.String" MaxLength="100"/>
        <Property Name="supplierName" Type="Edm.String" MaxLength="100"/>
        <Property Name="validFrom" Type="Edm.Date"/>
        <Property Name="validTo" Type="Edm.Date"/>
        <Property Name="priceType" Type="Edm.String" MaxLength="20"/>
        <Property Name="currencyCode" Type="Edm.String" MaxLength="3"/>
        <Property Name="priority" Type="Edm.Int32"/>
      </ComplexType>
      <ComplexType Name="PricingConfigDetail">
        <Property Name="configCode" Type="Edm.String" MaxLength="20"/>
        <Property Name="companyCode" Type="Edm.String" MaxLength="10"/>
        <Property Name="engineMode" Type="Edm.String" MaxLength="20"/>
        <Property Name="fallbackEnabled" Type="Edm.Boolean"/>
        <Property Name="varianceThreshold" Type="Edm.Decimal" Precision="5" Scale="2"/>
        <Property Name="cpeCacheTtlMins" Type="Edm.Int32"/>
        <Property Name="validFrom" Type="Edm.Date"/>
        <Property Name="validTo" Type="Edm.Date"/>
      </ComplexType>
      <Action Name="calculatePrice" IsBound="false">
        <Parameter Name="contractId" Type="Edm.Guid"/>
        <Parameter Name="airportId" Type="Edm.Guid"/>
        <Parameter Name="productId" Type="Edm.Guid"/>
        <Parameter Name="quantity" Type="Edm.Decimal" Precision="15" Scale="2"/>
        <Parameter Name="priceDate" Type="Edm.Date"/>
        <ReturnType Type="ContractsService.PriceCalculationResult"/>
      </Action>
      <Function Name="getFormula" IsBound="false" IsComposable="false">
        <Parameter Name="formulaId" Type="Edm.Guid"/>
        <ReturnType Type="ContractsService.FormulaDetail"/>
      </Function>
      <Action Name="validateFormula" IsBound="false">
        <Parameter Name="formulaId" Type="Edm.Guid"/>
        <ReturnType Type="ContractsService.FormulaValidationResult"/>
      </Action>
      <Action Name="simulatePrice" IsBound="false">
        <Parameter Name="formulaId" Type="Edm.Guid"/>
        <Parameter Name="baseIndexValue" Type="Edm.Decimal" Precision="15" Scale="4"/>
        <Parameter Name="quantity" Type="Edm.Decimal" Precision="15" Scale="2"/>
        <Parameter Name="overrides" Type="Collection(ContractsService.ElementOverride)" Nullable="true"/>
        <ReturnType Type="ContractsService.PriceSimulationResult"/>
      </Action>
      <Action Name="importMarketIndex" IsBound="false">
        <Parameter Name="indexCode" Type="Edm.String"/>
        <Parameter Name="fromDate" Type="Edm.Date"/>
        <Parameter Name="toDate" Type="Edm.Date"/>
        <ReturnType Type="ContractsService.MarketIndexImportResult"/>
      </Action>
      <Action Name="syncContractFromS4" IsBound="false">
        <Parameter Name="s4ContractNumber" Type="Edm.String"/>
        <ReturnType Type="ContractsService.SyncResult"/>
      </Action>
      <Action Name="syncCPEFormula" IsBound="false">
        <Parameter Name="contractId" Type="Edm.Guid"/>
        <ReturnType Type="ContractsService.SyncResult"/>
      </Action>
      <Function Name="getApplicableContracts" IsBound="false" IsComposable="false">
        <Parameter Name="airportId" Type="Edm.Guid"/>
        <Parameter Name="productId" Type="Edm.Guid"/>
        <Parameter Name="priceDate" Type="Edm.Date"/>
        <ReturnType Type="Collection(ContractsService.ContractSummary)" Nullable="true"/>
      </Function>
      <Function Name="getPricingConfig" IsBound="false" IsComposable="false">
        <Parameter Name="companyCode" Type="Edm.String"/>
        <ReturnType Type="ContractsService.PricingConfigDetail"/>
      </Function>
      <Annotations Target="ContractsService.Contracts/ID">
        <Annotation Term="Core.ComputedDefaultValue" Bool="true"/>
      </Annotations>
      <Annotations Target="ContractsService.Contracts/created_at">
        <Annotation Term="Core.Computed" Bool="true"/>
      </Annotations>
      <Annotations Target="ContractsService.Contracts/created_by">
        <Annotation Term="Core.Computed" Bool="true"/>
      </Annotations>
      <Annotations Target="ContractsService.Contracts/modified_at">
        <Annotation Term="Core.Computed" Bool="true"/>
      </Annotations>
      <Annotations Target="ContractsService.Contracts/modified_by">
        <Annotation Term="Core.Computed" Bool="true"/>
      </Annotations>
      <Annotations Target="ContractsService.Contracts/contract_number">
        <Annotation Term="Common.FieldControl" EnumMember="Common.FieldControlType/Mandatory"/>
      </Annotations>
      <Annotations Target="ContractsService.Contracts/contract_name">
        <Annotation Term="Common.FieldControl" EnumMember="Common.FieldControlType/Mandatory"/>
      </Annotations>
      <Annotations Target="ContractsService.Contracts/valid_from">
        <Annotation Term="Common.FieldControl" EnumMember="Common.FieldControlType/Mandatory"/>
      </Annotations>
      <Annotations Target="ContractsService.Contracts/valid_to">
        <Annotation Term="Common.FieldControl" EnumMember="Common.FieldControlType/Mandatory"/>
      </Annotations>
      <Annotations Target="ContractsService.Contracts/contract_type">
        <Annotation Term="Common.FieldControl" EnumMember="Common.FieldControlType/Mandatory"/>
      </Annotations>
      <Annotations Target="ContractsService.Contracts/price_type">
        <Annotation Term="Common.FieldControl" EnumMember="Common.FieldControlType/Mandatory"/>
      </Annotations>
      <Annotations Target="ContractsService.Contracts/currency_code">
        <Annotation Term="Common.FieldControl" EnumMember="Common.FieldControlType/Mandatory"/>
      </Annotations>
      <Annotations Target="ContractsService.ContractLocations/ID">
        <Annotation Term="Core.ComputedDefaultValue" Bool="true"/>
      </Annotations>
      <Annotations Target="ContractsService.ContractLocations/created_at">
        <Annotation Term="Core.Computed" Bool="true"/>
      </Annotations>
      <Annotations Target="ContractsService.ContractLocations/created_by">
        <Annotation Term="Core.Computed" Bool="true"/>
      </Annotations>
      <Annotations Target="ContractsService.ContractLocations/modified_at">
        <Annotation Term="Core.Computed" Bool="true"/>
      </Annotations>
      <Annotations Target="ContractsService.ContractLocations/modified_by">
        <Annotation Term="Core.Computed" Bool="true"/>
      </Annotations>
      <Annotations Target="ContractsService.ContractLocations/contract_ID">
        <Annotation Term="Common.FieldControl" EnumMember="Common.FieldControlType/Mandatory"/>
      </Annotations>
      <Annotations Target="ContractsService.ContractLocations/valid_from">
        <Annotation Term="Common.FieldControl" EnumMember="Common.FieldControlType/Mandatory"/>
      </Annotations>
      <Annotations Target="ContractsService.ContractProducts/ID">
        <Annotation Term="Core.ComputedDefaultValue" Bool="true"/>
      </Annotations>
      <Annotations Target="ContractsService.ContractProducts/created_at">
        <Annotation Term="Core.Computed" Bool="true"/>
      </Annotations>
      <Annotations Target="ContractsService.ContractProducts/created_by">
        <Annotation Term="Core.Computed" Bool="true"/>
      </Annotations>
      <Annotations Target="ContractsService.ContractProducts/modified_at">
        <Annotation Term="Core.Computed" Bool="true"/>
      </Annotations>
      <Annotations Target="ContractsService.ContractProducts/modified_by">
        <Annotation Term="Core.Computed" Bool="true"/>
      </Annotations>
      <Annotations Target="ContractsService.ContractProducts/contract_ID">
        <Annotation Term="Common.FieldControl" EnumMember="Common.FieldControlType/Mandatory"/>
      </Annotations>
      <Annotations Target="ContractsService.ContractProducts/product_ID">
        <Annotation Term="Common.FieldControl" EnumMember="Common.FieldControlType/Mandatory"/>
      </Annotations>
      <Annotations Target="ContractsService.PricingConfig/ID">
        <Annotation Term="Core.ComputedDefaultValue" Bool="true"/>
      </Annotations>
      <Annotations Target="ContractsService.PricingConfig/created_at">
        <Annotation Term="Core.Computed" Bool="true"/>
      </Annotations>
      <Annotations Target="ContractsService.PricingConfig/created_by">
        <Annotation Term="Core.Computed" Bool="true"/>
      </Annotations>
      <Annotations Target="ContractsService.PricingConfig/modified_at">
        <Annotation Term="Core.Computed" Bool="true"/>
      </Annotations>
      <Annotations Target="ContractsService.PricingConfig/modified_by">
        <Annotation Term="Core.Computed" Bool="true"/>
      </Annotations>
      <Annotations Target="ContractsService.PricingConfig/config_code">
        <Annotation Term="Common.FieldControl" EnumMember="Common.FieldControlType/Mandatory"/>
      </Annotations>
      <Annotations Target="ContractsService.PricingConfig/engine_mode">
        <Annotation Term="Validation.AllowedValues">
          <Collection>
            <Record Type="Validation.AllowedValue">
              <Annotation Term="Core.SymbolicName" String="NATIVE"/>
              <PropertyValue Property="Value" String="NATIVE"/>
            </Record>
            <Record Type="Validation.AllowedValue">
              <Annotation Term="Core.SymbolicName" String="CPE"/>
              <PropertyValue Property="Value" String="CPE"/>
            </Record>
            <Record Type="Validation.AllowedValue">
              <Annotation Term="Core.SymbolicName" String="HYBRID"/>
              <PropertyValue Property="Value" String="HYBRID"/>
            </Record>
          </Collection>
        </Annotation>
      </Annotations>
      <Annotations Target="ContractsService.PricingConfig/valid_from">
        <Annotation Term="Common.FieldControl" EnumMember="Common.FieldControlType/Mandatory"/>
      </Annotations>
      <Annotations Target="ContractsService.PricingFormulas/ID">
        <Annotation Term="Core.ComputedDefaultValue" Bool="true"/>
      </Annotations>
      <Annotations Target="ContractsService.PricingFormulas/created_at">
        <Annotation Term="Core.Computed" Bool="true"/>
      </Annotations>
      <Annotations Target="ContractsService.PricingFormulas/created_by">
        <Annotation Term="Core.Computed" Bool="true"/>
      </Annotations>
      <Annotations Target="ContractsService.PricingFormulas/modified_at">
        <Annotation Term="Core.Computed" Bool="true"/>
      </Annotations>
      <Annotations Target="ContractsService.PricingFormulas/modified_by">
        <Annotation Term="Core.Computed" Bool="true"/>
      </Annotations>
      <Annotations Target="ContractsService.PricingFormulas/formula_code">
        <Annotation Term="Common.FieldControl" EnumMember="Common.FieldControlType/Mandatory"/>
      </Annotations>
      <Annotations Target="ContractsService.PricingFormulas/formula_name">
        <Annotation Term="Common.FieldControl" EnumMember="Common.FieldControlType/Mandatory"/>
      </Annotations>
      <Annotations Target="ContractsService.PricingFormulas/currency_code">
        <Annotation Term="Common.FieldControl" EnumMember="Common.FieldControlType/Mandatory"/>
      </Annotations>
      <Annotations Target="ContractsService.PricingFormulas/uom_code">
        <Annotation Term="Common.FieldControl" EnumMember="Common.FieldControlType/Mandatory"/>
      </Annotations>
      <Annotations Target="ContractsService.PricingFormulas/valid_from">
        <Annotation Term="Common.FieldControl" EnumMember="Common.FieldControlType/Mandatory"/>
      </Annotations>
      <Annotations Target="ContractsService.FormulaElements/ID">
        <Annotation Term="Core.ComputedDefaultValue" Bool="true"/>
      </Annotations>
      <Annotations Target="ContractsService.FormulaElements/formula_ID">
        <Annotation Term="Common.FieldControl" EnumMember="Common.FieldControlType/Mandatory"/>
      </Annotations>
      <Annotations Target="ContractsService.FormulaElements/sequence">
        <Annotation Term="Common.FieldControl" EnumMember="Common.FieldControlType/Mandatory"/>
      </Annotations>
      <Annotations Target="ContractsService.FormulaElements/element_code">
        <Annotation Term="Common.FieldControl" EnumMember="Common.FieldControlType/Mandatory"/>
      </Annotations>
      <Annotations Target="ContractsService.FormulaElements/element_name">
        <Annotation Term="Common.FieldControl" EnumMember="Common.FieldControlType/Mandatory"/>
      </Annotations>
      <Annotations Target="ContractsService.FormulaElements/category">
        <Annotation Term="Common.FieldControl" EnumMember="Common.FieldControlType/Mandatory"/>
        <Annotation Term="Validation.AllowedValues">
          <Collection>
            <Record Type="Validation.AllowedValue">
              <Annotation Term="Core.SymbolicName" String="MARKET_INDEX"/>
              <PropertyValue Property="Value" String="MARKET_INDEX"/>
            </Record>
            <Record Type="Validation.AllowedValue">
              <Annotation Term="Core.SymbolicName" String="SERVICE_FEE"/>
              <PropertyValue Property="Value" String="SERVICE_FEE"/>
            </Record>
            <Record Type="Validation.AllowedValue">
              <Annotation Term="Core.SymbolicName" String="TAX"/>
              <PropertyValue Property="Value" String="TAX"/>
            </Record>
          </Collection>
        </Annotation>
      </Annotations>
      <Annotations Target="ContractsService.FormulaElements/element_type">
        <Annotation Term="Common.FieldControl" EnumMember="Common.FieldControlType/Mandatory"/>
        <Annotation Term="Validation.AllowedValues">
          <Collection>
            <Record Type="Validation.AllowedValue">
              <Annotation Term="Core.SymbolicName" String="INDEX"/>
              <PropertyValue Property="Value" String="INDEX"/>
            </Record>
            <Record Type="Validation.AllowedValue">
              <Annotation Term="Core.SymbolicName" String="FIXED"/>
              <PropertyValue Property="Value" String="FIXED"/>
            </Record>
            <Record Type="Validation.AllowedValue">
              <Annotation Term="Core.SymbolicName" String="PERCENTAGE"/>
              <PropertyValue Property="Value" String="PERCENTAGE"/>
            </Record>
          </Collection>
        </Annotation>
      </Annotations>
      <Annotations Target="ContractsService.MarketIndices/ID">
        <Annotation Term="Core.ComputedDefaultValue" Bool="true"/>
      </Annotations>
      <Annotations Target="ContractsService.MarketIndices/created_at">
        <Annotation Term="Core.Computed" Bool="true"/>
      </Annotations>
      <Annotations Target="ContractsService.MarketIndices/created_by">
        <Annotation Term="Core.Computed" Bool="true"/>
      </Annotations>
      <Annotations Target="ContractsService.MarketIndices/modified_at">
        <Annotation Term="Core.Computed" Bool="true"/>
      </Annotations>
      <Annotations Target="ContractsService.MarketIndices/modified_by">
        <Annotation Term="Core.Computed" Bool="true"/>
      </Annotations>
      <Annotations Target="ContractsService.MarketIndices/index_code">
        <Annotation Term="Common.FieldControl" EnumMember="Common.FieldControlType/Mandatory"/>
      </Annotations>
      <Annotations Target="ContractsService.MarketIndices/index_name">
        <Annotation Term="Common.FieldControl" EnumMember="Common.FieldControlType/Mandatory"/>
      </Annotations>
      <Annotations Target="ContractsService.MarketIndices/index_provider">
        <Annotation Term="Common.FieldControl" EnumMember="Common.FieldControlType/Mandatory"/>
      </Annotations>
      <Annotations Target="ContractsService.MarketIndices/index_region">
        <Annotation Term="Common.FieldControl" EnumMember="Common.FieldControlType/Mandatory"/>
      </Annotations>
      <Annotations Target="ContractsService.MarketIndices/product_type">
        <Annotation Term="Common.FieldControl" EnumMember="Common.FieldControlType/Mandatory"/>
      </Annotations>
      <Annotations Target="ContractsService.MarketIndices/currency_code">
        <Annotation Term="Common.FieldControl" EnumMember="Common.FieldControlType/Mandatory"/>
      </Annotations>
      <Annotations Target="ContractsService.MarketIndices/uom_code">
        <Annotation Term="Common.FieldControl" EnumMember="Common.FieldControlType/Mandatory"/>
      </Annotations>
      <Annotations Target="ContractsService.MarketIndices/publication_frequency">
        <Annotation Term="Common.FieldControl" EnumMember="Common.FieldControlType/Mandatory"/>
      </Annotations>
      <Annotations Target="ContractsService.IndexValues/ID">
        <Annotation Term="Core.ComputedDefaultValue" Bool="true"/>
      </Annotations>
      <Annotations Target="ContractsService.IndexValues/marketIndex_ID">
        <Annotation Term="Common.FieldControl" EnumMember="Common.FieldControlType/Mandatory"/>
      </Annotations>
      <Annotations Target="ContractsService.IndexValues/effective_date">
        <Annotation Term="Common.FieldControl" EnumMember="Common.FieldControlType/Mandatory"/>
      </Annotations>
      <Annotations Target="ContractsService.IndexValues/price_value">
        <Annotation Term="Common.FieldControl" EnumMember="Common.FieldControlType/Mandatory"/>
      </Annotations>
      <Annotations Target="ContractsService.IndexValues/imported_at">
        <Annotation Term="Core.Computed" Bool="true"/>
      </Annotations>
      <Annotations Target="ContractsService.EntityContainer/DerivedPrices">
        <Annotation Term="Capabilities.DeleteRestrictions">
          <Record Type="Capabilities.DeleteRestrictionsType">
            <PropertyValue Property="Deletable" Bool="false"/>
          </Record>
        </Annotation>
        <Annotation Term="Capabilities.InsertRestrictions">
          <Record Type="Capabilities.InsertRestrictionsType">
            <PropertyValue Property="Insertable" Bool="false"/>
          </Record>
        </Annotation>
        <Annotation Term="Capabilities.UpdateRestrictions">
          <Record Type="Capabilities.UpdateRestrictionsType">
            <PropertyValue Property="Updatable" Bool="false"/>
          </Record>
        </Annotation>
      </Annotations>
      <Annotations Target="ContractsService.DerivedPrices/ID">
        <Annotation Term="Core.ComputedDefaultValue" Bool="true"/>
      </Annotations>
      <Annotations Target="ContractsService.DerivedPrices/calculation_id">
        <Annotation Term="Common.FieldControl" EnumMember="Common.FieldControlType/Mandatory"/>
      </Annotations>
      <Annotations Target="ContractsService.DerivedPrices/calculation_date">
        <Annotation Term="Common.FieldControl" EnumMember="Common.FieldControlType/Mandatory"/>
      </Annotations>
      <Annotations Target="ContractsService.DerivedPrices/quantity">
        <Annotation Term="Common.FieldControl" EnumMember="Common.FieldControlType/Mandatory"/>
      </Annotations>
      <Annotations Target="ContractsService.DerivedPrices/uom_code">
        <Annotation Term="Common.FieldControl" EnumMember="Common.FieldControlType/Mandatory"/>
      </Annotations>
      <Annotations Target="ContractsService.DerivedPrices/engine_mode">
        <Annotation Term="Common.FieldControl" EnumMember="Common.FieldControlType/Mandatory"/>
        <Annotation Term="Validation.AllowedValues">
          <Collection>
            <Record Type="Validation.AllowedValue">
              <Annotation Term="Core.SymbolicName" String="NATIVE"/>
              <PropertyValue Property="Value" String="NATIVE"/>
            </Record>
            <Record Type="Validation.AllowedValue">
              <Annotation Term="Core.SymbolicName" String="CPE"/>
              <PropertyValue Property="Value" String="CPE"/>
            </Record>
            <Record Type="Validation.AllowedValue">
              <Annotation Term="Core.SymbolicName" String="HYBRID"/>
              <PropertyValue Property="Value" String="HYBRID"/>
            </Record>
          </Collection>
        </Annotation>
      </Annotations>
      <Annotations Target="ContractsService.DerivedPrices/engine_used">
        <Annotation Term="Common.FieldControl" EnumMember="Common.FieldControlType/Mandatory"/>
      </Annotations>
      <Annotations Target="ContractsService.DerivedPrices/final_unit_price">
        <Annotation Term="Common.FieldControl" EnumMember="Common.FieldControlType/Mandatory"/>
      </Annotations>
      <Annotations Target="ContractsService.DerivedPrices/total_amount">
        <Annotation Term="Common.FieldControl" EnumMember="Common.FieldControlType/Mandatory"/>
      </Annotations>
      <Annotations Target="ContractsService.DerivedPrices/currency_code">
        <Annotation Term="Common.FieldControl" EnumMember="Common.FieldControlType/Mandatory"/>
      </Annotations>
      <Annotations Target="ContractsService.DerivedPrices/calculated_at">
        <Annotation Term="Core.Computed" Bool="true"/>
      </Annotations>
      <Annotations Target="ContractsService.EntityContainer/Suppliers">
        <Annotation Term="Capabilities.DeleteRestrictions">
          <Record Type="Capabilities.DeleteRestrictionsType">
            <PropertyValue Property="Deletable" Bool="false"/>
          </Record>
        </Annotation>
        <Annotation Term="Capabilities.InsertRestrictions">
          <Record Type="Capabilities.InsertRestrictionsType">
            <PropertyValue Property="Insertable" Bool="false"/>
          </Record>
        </Annotation>
        <Annotation Term="Capabilities.UpdateRestrictions">
          <Record Type="Capabilities.UpdateRestrictionsType">
            <PropertyValue Property="Updatable" Bool="false"/>
          </Record>
        </Annotation>
      </Annotations>
      <Annotations Target="ContractsService.Suppliers/ID">
        <Annotation Term="Core.ComputedDefaultValue" Bool="true"/>
      </Annotations>
      <Annotations Target="ContractsService.Suppliers/created_at">
        <Annotation Term="Core.Computed" Bool="true"/>
      </Annotations>
      <Annotations Target="ContractsService.Suppliers/created_by">
        <Annotation Term="Core.Computed" Bool="true"/>
      </Annotations>
      <Annotations Target="ContractsService.Suppliers/modified_at">
        <Annotation Term="Core.Computed" Bool="true"/>
      </Annotations>
      <Annotations Target="ContractsService.Suppliers/modified_by">
        <Annotation Term="Core.Computed" Bool="true"/>
      </Annotations>
      <Annotations Target="ContractsService.Suppliers/supplier_code">
        <Annotation Term="Common.FieldControl" EnumMember="Common.FieldControlType/Mandatory"/>
      </Annotations>
      <Annotations Target="ContractsService.Suppliers/supplier_name">
        <Annotation Term="Common.FieldControl" EnumMember="Common.FieldControlType/Mandatory"/>
      </Annotations>
      <Annotations Target="ContractsService.Suppliers/supplier_type">
        <Annotation Term="Common.FieldControl" EnumMember="Common.FieldControlType/Mandatory"/>
      </Annotations>
      <Annotations Target="ContractsService.Suppliers/country_code">
        <Annotation Term="Common.FieldControl" EnumMember="Common.FieldControlType/Mandatory"/>
      </Annotations>
      <Annotations Target="ContractsService.EntityContainer/Products">
        <Annotation Term="Capabilities.DeleteRestrictions">
          <Record Type="Capabilities.DeleteRestrictionsType">
            <PropertyValue Property="Deletable" Bool="false"/>
          </Record>
        </Annotation>
        <Annotation Term="Capabilities.InsertRestrictions">
          <Record Type="Capabilities.InsertRestrictionsType">
            <PropertyValue Property="Insertable" Bool="false"/>
          </Record>
        </Annotation>
        <Annotation Term="Capabilities.UpdateRestrictions">
          <Record Type="Capabilities.UpdateRestrictionsType">
            <PropertyValue Property="Updatable" Bool="false"/>
          </Record>
        </Annotation>
      </Annotations>
      <Annotations Target="ContractsService.Products/ID">
        <Annotation Term="Core.ComputedDefaultValue" Bool="true"/>
      </Annotations>
      <Annotations Target="ContractsService.Products/created_at">
        <Annotation Term="Core.Computed" Bool="true"/>
      </Annotations>
      <Annotations Target="ContractsService.Products/created_by">
        <Annotation Term="Core.Computed" Bool="true"/>
      </Annotations>
      <Annotations Target="ContractsService.Products/modified_at">
        <Annotation Term="Core.Computed" Bool="true"/>
      </Annotations>
      <Annotations Target="ContractsService.Products/modified_by">
        <Annotation Term="Core.Computed" Bool="true"/>
      </Annotations>
      <Annotations Target="ContractsService.Products/product_code">
        <Annotation Term="Common.FieldControl" EnumMember="Common.FieldControlType/Mandatory"/>
      </Annotations>
      <Annotations Target="ContractsService.Products/product_name">
        <Annotation Term="Common.FieldControl" EnumMember="Common.FieldControlType/Mandatory"/>
      </Annotations>
      <Annotations Target="ContractsService.Products/product_type">
        <Annotation Term="Common.FieldControl" EnumMember="Common.FieldControlType/Mandatory"/>
      </Annotations>
      <Annotations Target="ContractsService.Products/specification">
        <Annotation Term="Common.FieldControl" EnumMember="Common.FieldControlType/Mandatory"/>
      </Annotations>
      <Annotations Target="ContractsService.Products/uom_code">
        <Annotation Term="Common.FieldControl" EnumMember="Common.FieldControlType/Mandatory"/>
      </Annotations>
      <Annotations Target="ContractsService.EntityContainer/Airports">
        <Annotation Term="Capabilities.DeleteRestrictions">
          <Record Type="Capabilities.DeleteRestrictionsType">
            <PropertyValue Property="Deletable" Bool="false"/>
          </Record>
        </Annotation>
        <Annotation Term="Capabilities.InsertRestrictions">
          <Record Type="Capabilities.InsertRestrictionsType">
            <PropertyValue Property="Insertable" Bool="false"/>
          </Record>
        </Annotation>
        <Annotation Term="Capabilities.UpdateRestrictions">
          <Record Type="Capabilities.UpdateRestrictionsType">
            <PropertyValue Property="Updatable" Bool="false"/>
          </Record>
        </Annotation>
      </Annotations>
      <Annotations Target="ContractsService.Airports/ID">
        <Annotation Term="Core.ComputedDefaultValue" Bool="true"/>
      </Annotations>
      <Annotations Target="ContractsService.Airports/created_at">
        <Annotation Term="Core.Computed" Bool="true"/>
      </Annotations>
      <Annotations Target="ContractsService.Airports/created_by">
        <Annotation Term="Core.Computed" Bool="true"/>
      </Annotations>
      <Annotations Target="ContractsService.Airports/modified_at">
        <Annotation Term="Core.Computed" Bool="true"/>
      </Annotations>
      <Annotations Target="ContractsService.Airports/modified_by">
        <Annotation Term="Core.Computed" Bool="true"/>
      </Annotations>
      <Annotations Target="ContractsService.Airports/iata_code">
        <Annotation Term="Common.FieldControl" EnumMember="Common.FieldControlType/Mandatory"/>
      </Annotations>
      <Annotations Target="ContractsService.Airports/airport_name">
        <Annotation Term="Common.FieldControl" EnumMember="Common.FieldControlType/Mandatory"/>
      </Annotations>
      <Annotations Target="ContractsService.Airports/city">
        <Annotation Term="Common.FieldControl" EnumMember="Common.FieldControlType/Mandatory"/>
      </Annotations>
      <Annotations Target="ContractsService.Airports/country_code">
        <Annotation Term="Common.FieldControl" EnumMember="Common.FieldControlType/Mandatory"/>
      </Annotations>
      <Annotations Target="ContractsService.EntityContainer/Countries">
        <Annotation Term="Capabilities.DeleteRestrictions">
          <Record Type="Capabilities.DeleteRestrictionsType">
            <PropertyValue Property="Deletable" Bool="false"/>
          </Record>
        </Annotation>
        <Annotation Term="Capabilities.InsertRestrictions">
          <Record Type="Capabilities.InsertRestrictionsType">
            <PropertyValue Property="Insertable" Bool="false"/>
          </Record>
        </Annotation>
        <Annotation Term="Capabilities.UpdateRestrictions">
          <Record Type="Capabilities.UpdateRestrictionsType">
            <PropertyValue Property="Updatable" Bool="false"/>
          </Record>
        </Annotation>
      </Annotations>
      <Annotations Target="ContractsService.EntityContainer/Currencies">
        <Annotation Term="Capabilities.DeleteRestrictions">
          <Record Type="Capabilities.DeleteRestrictionsType">
            <PropertyValue Property="Deletable" Bool="false"/>
          </Record>
        </Annotation>
        <Annotation Term="Capabilities.InsertRestrictions">
          <Record Type="Capabilities.InsertRestrictionsType">
            <PropertyValue Property="Insertable" Bool="false"/>
          </Record>
        </Annotation>
        <Annotation Term="Capabilities.UpdateRestrictions">
          <Record Type="Capabilities.UpdateRestrictionsType">
            <PropertyValue Property="Updatable" Bool="false"/>
          </Record>
        </Annotation>
      </Annotations>
      <Annotations Target="ContractsService.EntityContainer/UnitsOfMeasure">
        <Annotation Term="Capabilities.DeleteRestrictions">
          <Record Type="Capabilities.DeleteRestrictionsType">
            <PropertyValue Property="Deletable" Bool="false"/>
          </Record>
        </Annotation>
        <Annotation Term="Capabilities.InsertRestrictions">
          <Record Type="Capabilities.InsertRestrictionsType">
            <PropertyValue Property="Insertable" Bool="false"/>
          </Record>
        </Annotation>
        <Annotation Term="Capabilities.UpdateRestrictions">
          <Record Type="Capabilities.UpdateRestrictionsType">
            <PropertyValue Property="Updatable" Bool="false"/>
          </Record>
        </Annotation>
      </Annotations>
      <Annotations Target="ContractsService.getFormula(Edm.Guid)/formulaId">
        <Annotation Term="Core.OptionalParameter">
          <Record Type="Core.OptionalParameterType"/>
        </Annotation>
      </Annotations>
      <Annotations Target="ContractsService.getApplicableContracts(Edm.Guid,Edm.Guid,Edm.Date)/airportId">
        <Annotation Term="Core.OptionalParameter">
          <Record Type="Core.OptionalParameterType"/>
        </Annotation>
      </Annotations>
      <Annotations Target="ContractsService.getApplicableContracts(Edm.Guid,Edm.Guid,Edm.Date)/productId">
        <Annotation Term="Core.OptionalParameter">
          <Record Type="Core.OptionalParameterType"/>
        </Annotation>
      </Annotations>
      <Annotations Target="ContractsService.getApplicableContracts(Edm.Guid,Edm.Guid,Edm.Date)/priceDate">
        <Annotation Term="Core.OptionalParameter">
          <Record Type="Core.OptionalParameterType"/>
        </Annotation>
      </Annotations>
      <Annotations Target="ContractsService.getPricingConfig(Edm.String)/companyCode">
        <Annotation Term="Core.OptionalParameter">
          <Record Type="Core.OptionalParameterType"/>
        </Annotation>
      </Annotations>
    </Schema>
  </edmx:DataServices>
</edmx:Edmx>