<?xml version="1.0" encoding="utf-8"?>
<edmx:Edmx Version="4.0" xmlns:edmx="http://docs.oasis-open.org/odata/ns/edmx">
  <edmx:Reference Uri="https://oasis-tcs.github.io/odata-vocabularies/vocabularies/Org.OData.Capabilities.V1.xml">
    <edmx:Include Alias="Capabilities" Namespace="Org.OData.Capabilities.V1"/>
  </edmx:Reference>
  <edmx:Reference Uri="https://sap.github.io/odata-vocabularies/vocabularies/Common.xml">
    <edmx:Include Alias="Common" Namespace="com.sap.vocabularies.Common.v1"/>
  </edmx:Reference>
  <edmx:Reference Uri="https://oasis-tcs.github.io/odata-vocabularies/vocabularies/Org.OData.Core.V1.xml">
    <edmx:Include Alias="Core" Namespace="Org.OData.Core.V1"/>
  </edmx:Reference>
  <edmx:Reference Uri="https://sap.github.io/odata-vocabularies/vocabularies/UI.xml">
    <edmx:Include Alias="UI" Namespace="com.sap.vocabularies.UI.v1"/>
  </edmx:Reference>
  <edmx:Reference Uri="https://oasis-tcs.github.io/odata-vocabularies/vocabularies/Org.OData.Validation.V1.xml">
    <edmx:Include Alias="Validation" Namespace="Org.OData.Validation.V1"/>
  </edmx:Reference>
  <edmx:DataServices>
    <Schema Namespace="IntegrationService" xmlns="http://docs.oasis-open.org/odata/ns/edm">
      <Annotation Term="Core.Links">
        <Collection>
          <Record>
            <PropertyValue Property="rel" String="author"/>
            <PropertyValue Property="href" String="https://cap.cloud.sap"/>
          </Record>
        </Collection>
      </Annotation>
      <EntityContainer Name="EntityContainer">
        <EntitySet Name="IntegrationMessages" EntityType="IntegrationService.IntegrationMessages"/>
        <EntitySet Name="SystemHealthLogs" EntityType="IntegrationService.SystemHealthLogs"/>
        <EntitySet Name="ErrorLogs" EntityType="IntegrationService.ErrorLogs"/>
        <EntitySet Name="ExceptionItems" EntityType="IntegrationService.ExceptionItems">
          <NavigationPropertyBinding Path="SiblingEntity" Target="ExceptionItems"/>
        </EntitySet>
        <EntitySet Name="APIPerformanceMetrics" EntityType="IntegrationService.APIPerformanceMetrics"/>
        <EntitySet Name="DataSyncStatus" EntityType="IntegrationService.DataSyncStatus"/>
        <EntitySet Name="IntegrationConfigs" EntityType="IntegrationService.IntegrationConfigs">
          <NavigationPropertyBinding Path="SiblingEntity" Target="IntegrationConfigs"/>
        </EntitySet>
        <EntitySet Name="AlertDefinitions" EntityType="IntegrationService.AlertDefinitions">
          <NavigationPropertyBinding Path="SiblingEntity" Target="AlertDefinitions"/>
        </EntitySet>
        <EntitySet Name="AlertInstances" EntityType="IntegrationService.AlertInstances">
          <NavigationPropertyBinding Path="alert_definition" Target="AlertDefinitions"/>
        </EntitySet>
        <EntitySet Name="DataQualityMetrics" EntityType="IntegrationService.DataQualityMetrics"/>
        <ActionImport Name="runHealthCheck" Action="IntegrationService.runHealthCheck"/>
        <ActionImport Name="runComponentHealthCheck" Action="IntegrationService.runComponentHealthCheck"/>
        <ActionImport Name="logIntegrationMessage" Action="IntegrationService.logIntegrationMessage" EntitySet="IntegrationMessages"/>
        <ActionImport Name="createExceptionItem" Action="IntegrationService.createExceptionItem" EntitySet="ExceptionItems"/>
        <ActionImport Name="triggerDataSync" Action="IntegrationService.triggerDataSync"/>
        <ActionImport Name="calculateDataQuality" Action="IntegrationService.calculateDataQuality"/>
        <ActionImport Name="archiveOldMessages" Action="IntegrationService.archiveOldMessages"/>
        <ActionImport Name="processExceptionQueue" Action="IntegrationService.processExceptionQueue"/>
        <ActionImport Name="aggregatePerformanceMetrics" Action="IntegrationService.aggregatePerformanceMetrics"/>
        <FunctionImport Name="getDashboardSummary" Function="IntegrationService.getDashboardSummary"/>
        <FunctionImport Name="getCurrentHealthStatus" Function="IntegrationService.getCurrentHealthStatus"/>
        <FunctionImport Name="getExceptionQueueStats" Function="IntegrationService.getExceptionQueueStats"/>
        <FunctionImport Name="getSLAComplianceReport" Function="IntegrationService.getSLAComplianceReport"/>
        <FunctionImport Name="getErrorTrend" Function="IntegrationService.getErrorTrend"/>
        <FunctionImport Name="getActiveAlertsSummary" Function="IntegrationService.getActiveAlertsSummary"/>
        <FunctionImport Name="getDataQualitySummary" Function="IntegrationService.getDataQualitySummary"/>
        <FunctionImport Name="getMessageHistory" Function="IntegrationService.getMessageHistory" EntitySet="IntegrationMessages"/>
        <FunctionImport Name="getPerformancePercentiles" Function="IntegrationService.getPerformancePercentiles"/>
        <FunctionImport Name="searchErrors" Function="IntegrationService.searchErrors" EntitySet="ErrorLogs"/>
        <FunctionImport Name="getSyncStatusForEntity" Function="IntegrationService.getSyncStatusForEntity"/>
      </EntityContainer>
      <EntityType Name="IntegrationMessages">
        <Key>
          <PropertyRef Name="ID"/>
        </Key>
        <Property Name="ID" Type="Edm.Guid" Nullable="false"/>
        <Property Name="correlation_id" Type="Edm.Guid"/>
        <Property Name="message_id" Type="Edm.String" MaxLength="50"/>
        <Property Name="sequence_number" Type="Edm.Int32" DefaultValue="1"/>
        <Property Name="timestamp" Type="Edm.DateTimeOffset"/>
        <Property Name="request_time" Type="Edm.DateTimeOffset"/>
        <Property Name="response_time" Type="Edm.DateTimeOffset"/>
        <Property Name="duration_ms" Type="Edm.Int32"/>
        <Property Name="integration_name" Type="Edm.String" MaxLength="50"/>
        <Property Name="direction" Type="Edm.String" MaxLength="10"/>
        <Property Name="endpoint_url" Type="Edm.String" MaxLength="500"/>
        <Property Name="http_method" Type="Edm.String" MaxLength="10"/>
        <Property Name="source_system" Type="Edm.String" MaxLength="30"/>
        <Property Name="target_system" Type="Edm.String" MaxLength="30"/>
        <Property Name="company_code" Type="Edm.String" MaxLength="4"/>
        <Property Name="request_headers" Type="Edm.String"/>
        <Property Name="request_payload" Type="Edm.String"/>
        <Property Name="response_headers" Type="Edm.String"/>
        <Property Name="response_payload" Type="Edm.String"/>
        <Property Name="payload_size_bytes" Type="Edm.Int32"/>
        <Property Name="http_status_code" Type="Edm.Int32"/>
        <Property Name="status" Type="Edm.String" MaxLength="20"/>
        <Property Name="error_code" Type="Edm.String" MaxLength="20"/>
        <Property Name="error_message" Type="Edm.String" MaxLength="1000"/>
        <Property Name="business_object_type" Type="Edm.String" MaxLength="50"/>
        <Property Name="business_object_id" Type="Edm.Guid"/>
        <Property Name="business_object_key" Type="Edm.String" MaxLength="100"/>
        <Property Name="user_id" Type="Edm.String" MaxLength="100"/>
        <Property Name="user_ip" Type="Edm.String" MaxLength="45"/>
        <Property Name="retry_count" Type="Edm.Int32" DefaultValue="0"/>
        <Property Name="is_retry" Type="Edm.Boolean" DefaultValue="false"/>
        <Property Name="original_message_id" Type="Edm.Guid"/>
        <Property Name="retention_days" Type="Edm.Int32" DefaultValue="90"/>
        <Property Name="is_archived" Type="Edm.Boolean" DefaultValue="false"/>
      </EntityType>
      <EntityType Name="SystemHealthLogs">
        <Key>
          <PropertyRef Name="ID"/>
        </Key>
        <Property Name="ID" Type="Edm.Guid" Nullable="false"/>
        <Property Name="check_id" Type="Edm.String" MaxLength="50"/>
        <Property Name="check_name" Type="Edm.String" MaxLength="100"/>
        <Property Name="check_time" Type="Edm.DateTimeOffset"/>
        <Property Name="next_check_time" Type="Edm.DateTimeOffset"/>
        <Property Name="duration_ms" Type="Edm.Int32"/>
        <Property Name="component_name" Type="Edm.String" MaxLength="50"/>
        <Property Name="component_type" Type="Edm.String" MaxLength="30"/>
        <Property Name="environment" Type="Edm.String" MaxLength="20"/>
        <Property Name="status" Type="Edm.String" MaxLength="15"/>
        <Property Name="previous_status" Type="Edm.String" MaxLength="15"/>
        <Property Name="status_changed" Type="Edm.Boolean" DefaultValue="false"/>
        <Property Name="response_time_ms" Type="Edm.Int32"/>
        <Property Name="cpu_usage_pct" Type="Edm.Decimal" Precision="5" Scale="2"/>
        <Property Name="memory_usage_pct" Type="Edm.Decimal" Precision="5" Scale="2"/>
        <Property Name="disk_usage_pct" Type="Edm.Decimal" Precision="5" Scale="2"/>
        <Property Name="active_connections" Type="Edm.Int32"/>
        <Property Name="queue_depth" Type="Edm.Int32"/>
        <Property Name="response_threshold_ms" Type="Edm.Int32"/>
        <Property Name="critical_threshold_ms" Type="Edm.Int32"/>
        <Property Name="details" Type="Edm.String"/>
        <Property Name="error_message" Type="Edm.String" MaxLength="1000"/>
        <Property Name="alert_triggered" Type="Edm.Boolean" DefaultValue="false"/>
        <Property Name="alert_id" Type="Edm.Guid"/>
      </EntityType>
      <EntityType Name="ErrorLogs">
        <Key>
          <PropertyRef Name="ID"/>
        </Key>
        <Property Name="ID" Type="Edm.Guid" Nullable="false"/>
        <Property Name="error_id" Type="Edm.String" MaxLength="50"/>
        <Property Name="correlation_id" Type="Edm.Guid"/>
        <Property Name="timestamp" Type="Edm.DateTimeOffset"/>
        <Property Name="error_code" Type="Edm.String" MaxLength="20"/>
        <Property Name="error_type" Type="Edm.String" MaxLength="50"/>
        <Property Name="severity" Type="Edm.String" MaxLength="10"/>
        <Property Name="error_message" Type="Edm.String" MaxLength="1000"/>
        <Property Name="error_details" Type="Edm.String"/>
        <Property Name="integration_name" Type="Edm.String" MaxLength="50"/>
        <Property Name="source_system" Type="Edm.String" MaxLength="30"/>
        <Property Name="target_system" Type="Edm.String" MaxLength="30"/>
        <Property Name="component" Type="Edm.String" MaxLength="50"/>
        <Property Name="method_name" Type="Edm.String" MaxLength="100"/>
        <Property Name="line_number" Type="Edm.Int32"/>
        <Property Name="business_object_type" Type="Edm.String" MaxLength="50"/>
        <Property Name="business_object_id" Type="Edm.Guid"/>
        <Property Name="business_object_key" Type="Edm.String" MaxLength="100"/>
        <Property Name="company_code" Type="Edm.String" MaxLength="4"/>
        <Property Name="user_id" Type="Edm.String" MaxLength="100"/>
        <Property Name="session_id" Type="Edm.String" MaxLength="100"/>
        <Property Name="is_resolved" Type="Edm.Boolean" DefaultValue="false"/>
        <Property Name="resolved_by" Type="Edm.String" MaxLength="100"/>
        <Property Name="resolved_at" Type="Edm.DateTimeOffset"/>
        <Property Name="resolution_notes" Type="Edm.String" MaxLength="1000"/>
        <Property Name="root_cause" Type="Edm.String" MaxLength="500"/>
        <Property Name="exception_item_id" Type="Edm.Guid"/>
      </EntityType>
      <EntityType Name="ExceptionItems">
        <Key>
          <PropertyRef Name="ID"/>
          <PropertyRef Name="IsActiveEntity"/>
        </Key>
        <Property Name="ID" Type="Edm.Guid" Nullable="false"/>
        <Property Name="created_at" Type="Edm.DateTimeOffset"/>
        <Property Name="created_by" Type="Edm.String" MaxLength="100"/>
        <Property Name="modified_at" Type="Edm.DateTimeOffset"/>
        <Property Name="modified_by" Type="Edm.String" MaxLength="100"/>
        <Property Name="exception_number" Type="Edm.String" MaxLength="25"/>
        <Property Name="correlation_id" Type="Edm.Guid"/>
        <Property Name="original_message_id" Type="Edm.Guid"/>
        <Property Name="integration_name" Type="Edm.String" MaxLength="50"/>
        <Property Name="source_system" Type="Edm.String" MaxLength="30"/>
        <Property Name="target_system" Type="Edm.String" MaxLength="30"/>
        <Property Name="direction" Type="Edm.String" MaxLength="10"/>
        <Property Name="business_object_type" Type="Edm.String" MaxLength="50"/>
        <Property Name="business_object_id" Type="Edm.Guid"/>
        <Property Name="business_object_key" Type="Edm.String" MaxLength="100"/>
        <Property Name="company_code" Type="Edm.String" MaxLength="4"/>
        <Property Name="error_code" Type="Edm.String" MaxLength="20"/>
        <Property Name="error_message" Type="Edm.String" MaxLength="1000"/>
        <Property Name="error_details" Type="Edm.String"/>
        <Property Name="first_failure_time" Type="Edm.DateTimeOffset"/>
        <Property Name="last_failure_time" Type="Edm.DateTimeOffset"/>
        <Property Name="original_payload" Type="Edm.String"/>
        <Property Name="payload_hash" Type="Edm.String" MaxLength="64"/>
        <Property Name="retry_status" Type="Edm.String" MaxLength="15" DefaultValue="PENDING"/>
        <Property Name="retry_count" Type="Edm.Int32" DefaultValue="0"/>
        <Property Name="max_retries" Type="Edm.Int32" DefaultValue="3"/>
        <Property Name="next_retry_time" Type="Edm.DateTimeOffset"/>
        <Property Name="retry_interval_mins" Type="Edm.Int32" DefaultValue="15"/>
        <Property Name="last_retry_error" Type="Edm.String" MaxLength="1000"/>
        <Property Name="priority" Type="Edm.String" MaxLength="10" DefaultValue="MEDIUM"/>
        <Property Name="sla_deadline" Type="Edm.DateTimeOffset"/>
        <Property Name="sla_breached" Type="Edm.Boolean" DefaultValue="false"/>
        <Property Name="assigned_to" Type="Edm.String" MaxLength="100"/>
        <Property Name="assigned_at" Type="Edm.DateTimeOffset"/>
        <Property Name="escalated_to" Type="Edm.String" MaxLength="100"/>
        <Property Name="escalated_at" Type="Edm.DateTimeOffset"/>
        <Property Name="status" Type="Edm.String" MaxLength="20" DefaultValue="OPEN"/>
        <Property Name="resolution_type" Type="Edm.String" MaxLength="30"/>
        <Property Name="resolution_notes" Type="Edm.String"/>
        <Property Name="resolved_by" Type="Edm.String" MaxLength="100"/>
        <Property Name="resolved_at" Type="Edm.DateTimeOffset"/>
        <Property Name="notification_sent" Type="Edm.Boolean" DefaultValue="false"/>
        <Property Name="notification_count" Type="Edm.Int32" DefaultValue="0"/>
        <Property Name="IsActiveEntity" Type="Edm.Boolean" Nullable="false" DefaultValue="true"/>
        <Property Name="HasActiveEntity" Type="Edm.Boolean" Nullable="false" DefaultValue="false"/>
        <Property Name="HasDraftEntity" Type="Edm.Boolean" Nullable="false" DefaultValue="false"/>
        <NavigationProperty Name="DraftAdministrativeData" Type="IntegrationService.DraftAdministrativeData" ContainsTarget="true"/>
        <NavigationProperty Name="SiblingEntity" Type="IntegrationService.ExceptionItems"/>
      </EntityType>
      <EntityType Name="APIPerformanceMetrics">
        <Key>
          <PropertyRef Name="ID"/>
        </Key>
        <Property Name="ID" Type="Edm.Guid" Nullable="false"/>
        <Property Name="metric_date" Type="Edm.Date"/>
        <Property Name="metric_hour" Type="Edm.Int32"/>
        <Property Name="period_type" Type="Edm.String" MaxLength="10"/>
        <Property Name="integration_name" Type="Edm.String" MaxLength="50"/>
        <Property Name="endpoint_url" Type="Edm.String" MaxLength="500"/>
        <Property Name="http_method" Type="Edm.String" MaxLength="10"/>
        <Property Name="source_system" Type="Edm.String" MaxLength="30"/>
        <Property Name="target_system" Type="Edm.String" MaxLength="30"/>
        <Property Name="total_calls" Type="Edm.Int32"/>
        <Property Name="successful_calls" Type="Edm.Int32"/>
        <Property Name="failed_calls" Type="Edm.Int32"/>
        <Property Name="timeout_calls" Type="Edm.Int32" DefaultValue="0"/>
        <Property Name="success_rate_pct" Type="Edm.Decimal" Precision="5" Scale="2"/>
        <Property Name="avg_response_time" Type="Edm.Decimal" Precision="10" Scale="2"/>
        <Property Name="min_response_time" Type="Edm.Int32"/>
        <Property Name="max_response_time" Type="Edm.Int32"/>
        <Property Name="p50_response_time" Type="Edm.Int32"/>
        <Property Name="p90_response_time" Type="Edm.Int32"/>
        <Property Name="p95_response_time" Type="Edm.Int32"/>
        <Property Name="p99_response_time" Type="Edm.Int32"/>
        <Property Name="std_deviation" Type="Edm.Decimal" Precision="10" Scale="2"/>
        <Property Name="requests_per_second" Type="Edm.Decimal" Precision="10" Scale="2"/>
        <Property Name="peak_requests_per_second" Type="Edm.Decimal" Precision="10" Scale="2"/>
        <Property Name="total_bytes_sent" Type="Edm.Int64"/>
        <Property Name="total_bytes_received" Type="Edm.Int64"/>
        <Property Name="error_4xx_count" Type="Edm.Int32" DefaultValue="0"/>
        <Property Name="error_5xx_count" Type="Edm.Int32" DefaultValue="0"/>
        <Property Name="retry_count" Type="Edm.Int32" DefaultValue="0"/>
        <Property Name="sla_target_ms" Type="Edm.Int32"/>
        <Property Name="sla_compliance_pct" Type="Edm.Decimal" Precision="5" Scale="2"/>
        <Property Name="sla_breaches" Type="Edm.Int32" DefaultValue="0"/>
        <Property Name="calculated_at" Type="Edm.DateTimeOffset"/>
      </EntityType>
      <EntityType Name="DataSyncStatus">
        <Key>
          <PropertyRef Name="ID"/>
        </Key>
        <Property Name="ID" Type="Edm.Guid" Nullable="false"/>
        <Property Name="created_at" Type="Edm.DateTimeOffset"/>
        <Property Name="created_by" Type="Edm.String" MaxLength="100"/>
        <Property Name="modified_at" Type="Edm.DateTimeOffset"/>
        <Property Name="modified_by" Type="Edm.String" MaxLength="100"/>
        <Property Name="sync_id" Type="Edm.String" MaxLength="50"/>
        <Property Name="sync_name" Type="Edm.String" MaxLength="100"/>
        <Property Name="sync_start_time" Type="Edm.DateTimeOffset"/>
        <Property Name="sync_end_time" Type="Edm.DateTimeOffset"/>
        <Property Name="duration_seconds" Type="Edm.Int32"/>
        <Property Name="entity_type" Type="Edm.String" MaxLength="50"/>
        <Property Name="direction" Type="Edm.String" MaxLength="10"/>
        <Property Name="company_code" Type="Edm.String" MaxLength="4"/>
        <Property Name="sync_mode" Type="Edm.String" MaxLength="20"/>
        <Property Name="filter_criteria" Type="Edm.String" MaxLength="500"/>
        <Property Name="last_sync_timestamp" Type="Edm.DateTimeOffset"/>
        <Property Name="records_processed" Type="Edm.Int32" DefaultValue="0"/>
        <Property Name="records_created" Type="Edm.Int32" DefaultValue="0"/>
        <Property Name="records_updated" Type="Edm.Int32" DefaultValue="0"/>
        <Property Name="records_deleted" Type="Edm.Int32" DefaultValue="0"/>
        <Property Name="records_skipped" Type="Edm.Int32" DefaultValue="0"/>
        <Property Name="records_failed" Type="Edm.Int32" DefaultValue="0"/>
        <Property Name="status" Type="Edm.String" MaxLength="20"/>
        <Property Name="error_count" Type="Edm.Int32" DefaultValue="0"/>
        <Property Name="warning_count" Type="Edm.Int32" DefaultValue="0"/>
        <Property Name="error_summary" Type="Edm.String"/>
        <Property Name="last_processed_key" Type="Edm.String" MaxLength="100"/>
        <Property Name="checkpoint_data" Type="Edm.String"/>
        <Property Name="trigger_type" Type="Edm.String" MaxLength="20"/>
        <Property Name="triggered_by" Type="Edm.String" MaxLength="100"/>
        <Property Name="schedule_id" Type="Edm.String" MaxLength="50"/>
        <Property Name="notification_sent" Type="Edm.Boolean" DefaultValue="false"/>
      </EntityType>
      <EntityType Name="IntegrationConfigs">
        <Key>
          <PropertyRef Name="ID"/>
          <PropertyRef Name="IsActiveEntity"/>
        </Key>
        <Property Name="ID" Type="Edm.Guid" Nullable="false"/>
        <Property Name="is_active" Type="Edm.Boolean" DefaultValue="true"/>
        <Property Name="created_at" Type="Edm.DateTimeOffset"/>
        <Property Name="created_by" Type="Edm.String" MaxLength="100"/>
        <Property Name="modified_at" Type="Edm.DateTimeOffset"/>
        <Property Name="modified_by" Type="Edm.String" MaxLength="100"/>
        <Property Name="config_key" Type="Edm.String" MaxLength="100"/>
        <Property Name="config_name" Type="Edm.String" MaxLength="100"/>
        <Property Name="config_group" Type="Edm.String" MaxLength="50"/>
        <Property Name="config_value" Type="Edm.String" MaxLength="1000"/>
        <Property Name="config_type" Type="Edm.String" MaxLength="20"/>
        <Property Name="default_value" Type="Edm.String" MaxLength="1000"/>
        <Property Name="is_encrypted" Type="Edm.Boolean" DefaultValue="false"/>
        <Property Name="company_code" Type="Edm.String" MaxLength="4"/>
        <Property Name="environment" Type="Edm.String" MaxLength="20"/>
        <Property Name="validation_regex" Type="Edm.String" MaxLength="500"/>
        <Property Name="min_value" Type="Edm.Decimal" Precision="15" Scale="4"/>
        <Property Name="max_value" Type="Edm.Decimal" Precision="15" Scale="4"/>
        <Property Name="allowed_values" Type="Edm.String" MaxLength="1000"/>
        <Property Name="description" Type="Edm.String" MaxLength="500"/>
        <Property Name="example_value" Type="Edm.String" MaxLength="500"/>
        <Property Name="requires_restart" Type="Edm.Boolean" DefaultValue="false"/>
        <Property Name="last_changed_reason" Type="Edm.String" MaxLength="500"/>
        <Property Name="IsActiveEntity" Type="Edm.Boolean" Nullable="false" DefaultValue="true"/>
        <Property Name="HasActiveEntity" Type="Edm.Boolean" Nullable="false" DefaultValue="false"/>
        <Property Name="HasDraftEntity" Type="Edm.Boolean" Nullable="false" DefaultValue="false"/>
        <NavigationProperty Name="DraftAdministrativeData" Type="IntegrationService.DraftAdministrativeData" ContainsTarget="true"/>
        <NavigationProperty Name="SiblingEntity" Type="IntegrationService.IntegrationConfigs"/>
      </EntityType>
      <EntityType Name="AlertDefinitions">
        <Key>
          <PropertyRef Name="ID"/>
          <PropertyRef Name="IsActiveEntity"/>
        </Key>
        <Property Name="ID" Type="Edm.Guid" Nullable="false"/>
        <Property Name="is_active" Type="Edm.Boolean" DefaultValue="true"/>
        <Property Name="created_at" Type="Edm.DateTimeOffset"/>
        <Property Name="created_by" Type="Edm.String" MaxLength="100"/>
        <Property Name="modified_at" Type="Edm.DateTimeOffset"/>
        <Property Name="modified_by" Type="Edm.String" MaxLength="100"/>
        <Property Name="alert_code" Type="Edm.String" MaxLength="30"/>
        <Property Name="alert_name" Type="Edm.String" MaxLength="100"/>
        <Property Name="description" Type="Edm.String" MaxLength="500"/>
        <Property Name="integration_name" Type="Edm.String" MaxLength="50"/>
        <Property Name="component_name" Type="Edm.String" MaxLength="50"/>
        <Property Name="company_code" Type="Edm.String" MaxLength="4"/>
        <Property Name="metric_type" Type="Edm.String" MaxLength="50"/>
        <Property Name="threshold_operator" Type="Edm.String" MaxLength="10"/>
        <Property Name="threshold_value" Type="Edm.Decimal" Precision="15" Scale="4"/>
        <Property Name="threshold_unit" Type="Edm.String" MaxLength="20"/>
        <Property Name="evaluation_window_mins" Type="Edm.Int32" DefaultValue="5"/>
        <Property Name="min_occurrences" Type="Edm.Int32" DefaultValue="1"/>
        <Property Name="severity" Type="Edm.String" MaxLength="10"/>
        <Property Name="auto_resolve" Type="Edm.Boolean" DefaultValue="true"/>
        <Property Name="notification_channels" Type="Edm.String" MaxLength="200"/>
        <Property Name="notification_recipients" Type="Edm.String" MaxLength="1000"/>
        <Property Name="notification_template" Type="Edm.String" MaxLength="50"/>
        <Property Name="cooldown_mins" Type="Edm.Int32" DefaultValue="15"/>
        <Property Name="escalation_mins" Type="Edm.Int32"/>
        <Property Name="escalation_recipients" Type="Edm.String" MaxLength="500"/>
        <Property Name="auto_action_enabled" Type="Edm.Boolean" DefaultValue="false"/>
        <Property Name="auto_action_type" Type="Edm.String" MaxLength="50"/>
        <Property Name="runbook_url" Type="Edm.String" MaxLength="500"/>
        <Property Name="last_triggered_at" Type="Edm.DateTimeOffset"/>
        <Property Name="trigger_count" Type="Edm.Int32" DefaultValue="0"/>
        <Property Name="false_positive_count" Type="Edm.Int32" DefaultValue="0"/>
        <Property Name="IsActiveEntity" Type="Edm.Boolean" Nullable="false" DefaultValue="true"/>
        <Property Name="HasActiveEntity" Type="Edm.Boolean" Nullable="false" DefaultValue="false"/>
        <Property Name="HasDraftEntity" Type="Edm.Boolean" Nullable="false" DefaultValue="false"/>
        <NavigationProperty Name="DraftAdministrativeData" Type="IntegrationService.DraftAdministrativeData" ContainsTarget="true"/>
        <NavigationProperty Name="SiblingEntity" Type="IntegrationService.AlertDefinitions"/>
      </EntityType>
      <EntityType Name="AlertInstances">
        <Key>
          <PropertyRef Name="ID"/>
        </Key>
        <Property Name="ID" Type="Edm.Guid" Nullable="false"/>
        <NavigationProperty Name="alert_definition" Type="IntegrationService.AlertDefinitions">
          <ReferentialConstraint Property="alert_definition_ID" ReferencedProperty="ID"/>
        </NavigationProperty>
        <Property Name="alert_definition_ID" Type="Edm.Guid"/>
        <Property Name="alert_code" Type="Edm.String" MaxLength="30"/>
        <Property Name="triggered_at" Type="Edm.DateTimeOffset"/>
        <Property Name="acknowledged_at" Type="Edm.DateTimeOffset"/>
        <Property Name="resolved_at" Type="Edm.DateTimeOffset"/>
        <Property Name="duration_mins" Type="Edm.Int32"/>
        <Property Name="trigger_value" Type="Edm.Decimal" Precision="15" Scale="4"/>
        <Property Name="threshold_value" Type="Edm.Decimal" Precision="15" Scale="4"/>
        <Property Name="metric_type" Type="Edm.String" MaxLength="50"/>
        <Property Name="correlation_id" Type="Edm.Guid"/>
        <Property Name="integration_name" Type="Edm.String" MaxLength="50"/>
        <Property Name="component_name" Type="Edm.String" MaxLength="50"/>
        <Property Name="error_code" Type="Edm.String" MaxLength="20"/>
        <Property Name="details" Type="Edm.String"/>
        <Property Name="status" Type="Edm.String" MaxLength="20" DefaultValue="ACTIVE"/>
        <Property Name="severity" Type="Edm.String" MaxLength="10"/>
        <Property Name="acknowledged_by" Type="Edm.String" MaxLength="100"/>
        <Property Name="resolved_by" Type="Edm.String" MaxLength="100"/>
        <Property Name="resolution_notes" Type="Edm.String" MaxLength="1000"/>
        <Property Name="notifications_sent" Type="Edm.Int32" DefaultValue="0"/>
        <Property Name="last_notification_at" Type="Edm.DateTimeOffset"/>
        <Property Name="escalated" Type="Edm.Boolean" DefaultValue="false"/>
        <Property Name="escalated_at" Type="Edm.DateTimeOffset"/>
      </EntityType>
      <EntityType Name="DataQualityMetrics">
        <Key>
          <PropertyRef Name="ID"/>
        </Key>
        <Property Name="ID" Type="Edm.Guid" Nullable="false"/>
        <Property Name="metric_date" Type="Edm.Date"/>
        <Property Name="period_type" Type="Edm.String" MaxLength="10"/>
        <Property Name="entity_type" Type="Edm.String" MaxLength="50"/>
        <Property Name="entity_source" Type="Edm.String" MaxLength="30"/>
        <Property Name="company_code" Type="Edm.String" MaxLength="4"/>
        <Property Name="total_records" Type="Edm.Int32"/>
        <Property Name="valid_records" Type="Edm.Int32"/>
        <Property Name="invalid_records" Type="Edm.Int32"/>
        <Property Name="duplicate_records" Type="Edm.Int32" DefaultValue="0"/>
        <Property Name="orphan_records" Type="Edm.Int32" DefaultValue="0"/>
        <Property Name="completeness_score" Type="Edm.Decimal" Precision="5" Scale="2"/>
        <Property Name="accuracy_score" Type="Edm.Decimal" Precision="5" Scale="2"/>
        <Property Name="consistency_score" Type="Edm.Decimal" Precision="5" Scale="2"/>
        <Property Name="timeliness_score" Type="Edm.Decimal" Precision="5" Scale="2"/>
        <Property Name="uniqueness_score" Type="Edm.Decimal" Precision="5" Scale="2"/>
        <Property Name="overall_score" Type="Edm.Decimal" Precision="5" Scale="2"/>
        <Property Name="missing_required" Type="Edm.Int32" DefaultValue="0"/>
        <Property Name="invalid_format" Type="Edm.Int32" DefaultValue="0"/>
        <Property Name="out_of_range" Type="Edm.Int32" DefaultValue="0"/>
        <Property Name="referential_errors" Type="Edm.Int32" DefaultValue="0"/>
        <Property Name="business_rule_errors" Type="Edm.Int32" DefaultValue="0"/>
        <Property Name="previous_score" Type="Edm.Decimal" Precision="5" Scale="2"/>
        <Property Name="score_change" Type="Edm.Decimal" Precision="5" Scale="2"/>
        <Property Name="top_issues" Type="Edm.String"/>
        <Property Name="sample_errors" Type="Edm.String"/>
        <Property Name="calculated_at" Type="Edm.DateTimeOffset"/>
      </EntityType>
      <EntityType Name="DraftAdministrativeData">
        <Key>
          <PropertyRef Name="DraftUUID"/>
        </Key>
        <Property Name="DraftUUID" Type="Edm.Guid" Nullable="false"/>
        <Property Name="CreationDateTime" Type="Edm.DateTimeOffset" Precision="7"/>
        <Property Name="CreatedByUser" Type="Edm.String" MaxLength="256"/>
        <Property Name="DraftIsCreatedByMe" Type="Edm.Boolean"/>
        <Property Name="LastChangeDateTime" Type="Edm.DateTimeOffset" Precision="7"/>
        <Property Name="LastChangedByUser" Type="Edm.String" MaxLength="256"/>
        <Property Name="InProcessByUser" Type="Edm.String" MaxLength="256"/>
        <Property Name="DraftIsProcessedByMe" Type="Edm.Boolean"/>
      </EntityType>
      <ComplexType Name="HealthCheckResult">
        <Property Name="success" Type="Edm.Boolean"/>
        <Property Name="checkTime" Type="Edm.DateTimeOffset"/>
        <Property Name="totalComponents" Type="Edm.Int32"/>
        <Property Name="healthyCount" Type="Edm.Int32"/>
        <Property Name="degradedCount" Type="Edm.Int32"/>
        <Property Name="unhealthyCount" Type="Edm.Int32"/>
        <Property Name="components" Type="Collection(IntegrationService.ComponentHealthResult)" Nullable="true"/>
      </ComplexType>
      <ComplexType Name="ComponentHealthResult">
        <Property Name="componentName" Type="Edm.String" MaxLength="50"/>
        <Property Name="componentType" Type="Edm.String" MaxLength="30"/>
        <Property Name="status" Type="Edm.String" MaxLength="15"/>
        <Property Name="responseTimeMs" Type="Edm.Int32"/>
        <Property Name="details" Type="Edm.String" MaxLength="500"/>
        <Property Name="lastCheckTime" Type="Edm.DateTimeOffset"/>
      </ComplexType>
      <ComplexType Name="RetryResult">
        <Property Name="success" Type="Edm.Boolean"/>
        <Property Name="exceptionId" Type="Edm.Guid"/>
        <Property Name="exceptionNumber" Type="Edm.String" MaxLength="25"/>
        <Property Name="retryCount" Type="Edm.Int32"/>
        <Property Name="status" Type="Edm.String" MaxLength="20"/>
        <Property Name="newCorrelationId" Type="Edm.Guid"/>
        <Property Name="errorMessage" Type="Edm.String" MaxLength="1000"/>
      </ComplexType>
      <ComplexType Name="ConfigValidationResult">
        <Property Name="isValid" Type="Edm.Boolean"/>
        <Property Name="configKey" Type="Edm.String" MaxLength="100"/>
        <Property Name="issues" Type="Collection(IntegrationService.ValidationIssue)" Nullable="true"/>
      </ComplexType>
      <ComplexType Name="ValidationIssue">
        <Property Name="field" Type="Edm.String" MaxLength="50"/>
        <Property Name="severity" Type="Edm.String" MaxLength="10"/>
        <Property Name="message" Type="Edm.String" MaxLength="500"/>
      </ComplexType>
      <ComplexType Name="AlertTestResult">
        <Property Name="success" Type="Edm.Boolean"/>
        <Property Name="alertCode" Type="Edm.String" MaxLength="30"/>
        <Property Name="wouldTrigger" Type="Edm.Boolean"/>
        <Property Name="currentValue" Type="Edm.Decimal" Precision="15" Scale="4"/>
        <Property Name="thresholdValue" Type="Edm.Decimal" Precision="15" Scale="4"/>
        <Property Name="message" Type="Edm.String" MaxLength="500"/>
      </ComplexType>
      <ComplexType Name="DataSyncResult">
        <Property Name="success" Type="Edm.Boolean"/>
        <Property Name="syncId" Type="Edm.String" MaxLength="50"/>
        <Property Name="entityType" Type="Edm.String" MaxLength="50"/>
        <Property Name="direction" Type="Edm.String" MaxLength="10"/>
        <Property Name="recordsProcessed" Type="Edm.Int32"/>
        <Property Name="recordsCreated" Type="Edm.Int32"/>
        <Property Name="recordsUpdated" Type="Edm.Int32"/>
        <Property Name="recordsFailed" Type="Edm.Int32"/>
        <Property Name="durationSeconds" Type="Edm.Int32"/>
        <Property Name="message" Type="Edm.String" MaxLength="500"/>
      </ComplexType>
      <ComplexType Name="DataQualityResult">
        <Property Name="success" Type="Edm.Boolean"/>
        <Property Name="entityType" Type="Edm.String" MaxLength="50"/>
        <Property Name="totalRecords" Type="Edm.Int32"/>
        <Property Name="validRecords" Type="Edm.Int32"/>
        <Property Name="overallScore" Type="Edm.Decimal" Precision="5" Scale="2"/>
        <Property Name="completenessScore" Type="Edm.Decimal" Precision="5" Scale="2"/>
        <Property Name="accuracyScore" Type="Edm.Decimal" Precision="5" Scale="2"/>
        <Property Name="consistencyScore" Type="Edm.Decimal" Precision="5" Scale="2"/>
        <Property Name="message" Type="Edm.String" MaxLength="500"/>
      </ComplexType>
      <ComplexType Name="ArchiveResult">
        <Property Name="success" Type="Edm.Boolean"/>
        <Property Name="archivedCount" Type="Edm.Int32"/>
        <Property Name="retentionDays" Type="Edm.Int32"/>
        <Property Name="oldestArchived" Type="Edm.DateTimeOffset"/>
        <Property Name="message" Type="Edm.String" MaxLength="500"/>
      </ComplexType>
      <ComplexType Name="BatchRetryResult">
        <Property Name="success" Type="Edm.Boolean"/>
        <Property Name="totalProcessed" Type="Edm.Int32"/>
        <Property Name="successCount" Type="Edm.Int32"/>
        <Property Name="failedCount" Type="Edm.Int32"/>
        <Property Name="skippedCount" Type="Edm.Int32"/>
        <Property Name="results" Type="Collection(IntegrationService.RetryResult)" Nullable="true"/>
      </ComplexType>
      <ComplexType Name="AggregationResult">
        <Property Name="success" Type="Edm.Boolean"/>
        <Property Name="integrationName" Type="Edm.String" MaxLength="50"/>
        <Property Name="periodType" Type="Edm.String" MaxLength="10"/>
        <Property Name="metricDate" Type="Edm.Date"/>
        <Property Name="totalCalls" Type="Edm.Int32"/>
        <Property Name="avgResponseTime" Type="Edm.Decimal" Precision="10" Scale="2"/>
        <Property Name="successRate" Type="Edm.Decimal" Precision="5" Scale="2"/>
        <Property Name="message" Type="Edm.String" MaxLength="500"/>
      </ComplexType>
      <ComplexType Name="IntegrationDashboard">
        <Property Name="lastUpdated" Type="Edm.DateTimeOffset"/>
        <Property Name="totalIntegrations" Type="Edm.Int32"/>
        <Property Name="healthyIntegrations" Type="Edm.Int32"/>
        <Property Name="degradedIntegrations" Type="Edm.Int32"/>
        <Property Name="unhealthyIntegrations" Type="Edm.Int32"/>
        <Property Name="messagesLast24h" Type="Edm.Int32"/>
        <Property Name="errorsLast24h" Type="Edm.Int32"/>
        <Property Name="errorRate24h" Type="Edm.Decimal" Precision="5" Scale="2"/>
        <Property Name="openExceptions" Type="Edm.Int32"/>
        <Property Name="criticalExceptions" Type="Edm.Int32"/>
        <Property Name="activeAlerts" Type="Edm.Int32"/>
        <Property Name="criticalAlerts" Type="Edm.Int32"/>
        <Property Name="avgResponseTime24h" Type="Edm.Decimal" Precision="10" Scale="2"/>
        <Property Name="slaCompliancePct" Type="Edm.Decimal" Precision="5" Scale="2"/>
      </ComplexType>
      <ComplexType Name="ExceptionQueueStats">
        <Property Name="totalOpen" Type="Edm.Int32"/>
        <Property Name="pendingRetry" Type="Edm.Int32"/>
        <Property Name="inProgress" Type="Edm.Int32"/>
        <Property Name="exhaustedRetries" Type="Edm.Int32"/>
        <Property Name="byPriority" Type="Collection(IntegrationService.PriorityCount)" Nullable="true"/>
        <Property Name="byIntegration" Type="Collection(IntegrationService.IntegrationCount)" Nullable="true"/>
        <Property Name="oldestOpenDate" Type="Edm.DateTimeOffset"/>
        <Property Name="slaBreachedCount" Type="Edm.Int32"/>
      </ComplexType>
      <ComplexType Name="PriorityCount">
        <Property Name="priority" Type="Edm.String" MaxLength="10"/>
        <Property Name="count" Type="Edm.Int32"/>
      </ComplexType>
      <ComplexType Name="IntegrationCount">
        <Property Name="integrationName" Type="Edm.String" MaxLength="50"/>
        <Property Name="count" Type="Edm.Int32"/>
      </ComplexType>
      <ComplexType Name="SLAComplianceReport">
        <Property Name="integrationName" Type="Edm.String" MaxLength="50"/>
        <Property Name="fromDate" Type="Edm.Date"/>
        <Property Name="toDate" Type="Edm.Date"/>
        <Property Name="totalCalls" Type="Edm.Int32"/>
        <Property Name="withinSLA" Type="Edm.Int32"/>
        <Property Name="breachedSLA" Type="Edm.Int32"/>
        <Property Name="compliancePct" Type="Edm.Decimal" Precision="5" Scale="2"/>
        <Property Name="avgResponseTime" Type="Edm.Decimal" Precision="10" Scale="2"/>
        <Property Name="p95ResponseTime" Type="Edm.Int32"/>
        <Property Name="slaTargetMs" Type="Edm.Int32"/>
      </ComplexType>
      <ComplexType Name="ErrorTrendItem">
        <Property Name="date" Type="Edm.Date"/>
        <Property Name="errorCount" Type="Edm.Int32"/>
        <Property Name="errorRate" Type="Edm.Decimal" Precision="5" Scale="2"/>
        <Property Name="topErrorCode" Type="Edm.String" MaxLength="20"/>
        <Property Name="topErrorCount" Type="Edm.Int32"/>
      </ComplexType>
      <ComplexType Name="AlertsSummary">
        <Property Name="totalActive" Type="Edm.Int32"/>
        <Property Name="critical" Type="Edm.Int32"/>
        <Property Name="high" Type="Edm.Int32"/>
        <Property Name="medium" Type="Edm.Int32"/>
        <Property Name="low" Type="Edm.Int32"/>
        <Property Name="acknowledgedCount" Type="Edm.Int32"/>
        <Property Name="avgResolutionMins" Type="Edm.Int32"/>
      </ComplexType>
      <ComplexType Name="DataQualitySummary">
        <Property Name="companyCode" Type="Edm.String" MaxLength="4"/>
        <Property Name="lastCalculated" Type="Edm.DateTimeOffset"/>
        <Property Name="overallScore" Type="Edm.Decimal" Precision="5" Scale="2"/>
        <Property Name="entities" Type="Collection(IntegrationService.EntityQualityScore)" Nullable="true"/>
      </ComplexType>
      <ComplexType Name="EntityQualityScore">
        <Property Name="entityType" Type="Edm.String" MaxLength="50"/>
        <Property Name="score" Type="Edm.Decimal" Precision="5" Scale="2"/>
        <Property Name="trend" Type="Edm.String" MaxLength="10"/>
        <Property Name="issueCount" Type="Edm.Int32"/>
      </ComplexType>
      <ComplexType Name="PerformancePercentiles">
        <Property Name="integrationName" Type="Edm.String" MaxLength="50"/>
        <Property Name="fromDate" Type="Edm.Date"/>
        <Property Name="toDate" Type="Edm.Date"/>
        <Property Name="totalCalls" Type="Edm.Int32"/>
        <Property Name="avgResponseTime" Type="Edm.Decimal" Precision="10" Scale="2"/>
        <Property Name="minResponseTime" Type="Edm.Int32"/>
        <Property Name="maxResponseTime" Type="Edm.Int32"/>
        <Property Name="p50" Type="Edm.Int32"/>
        <Property Name="p75" Type="Edm.Int32"/>
        <Property Name="p90" Type="Edm.Int32"/>
        <Property Name="p95" Type="Edm.Int32"/>
        <Property Name="p99" Type="Edm.Int32"/>
      </ComplexType>
      <ComplexType Name="LatestSyncStatus">
        <Property Name="entityType" Type="Edm.String" MaxLength="50"/>
        <Property Name="lastSyncTime" Type="Edm.DateTimeOffset"/>
        <Property Name="status" Type="Edm.String" MaxLength="20"/>
        <Property Name="recordsSynced" Type="Edm.Int32"/>
        <Property Name="recordsFailed" Type="Edm.Int32"/>
        <Property Name="nextScheduledSync" Type="Edm.DateTimeOffset"/>
      </ComplexType>
      <Action Name="archive" IsBound="true">
        <Parameter Name="in" Type="IntegrationService.IntegrationMessages"/>
        <ReturnType Type="IntegrationService.ArchiveResult"/>
      </Action>
      <Action Name="resolve" IsBound="true" EntitySetPath="in">
        <Parameter Name="in" Type="IntegrationService.ErrorLogs"/>
        <Parameter Name="resolution_notes" Type="Edm.String"/>
        <Parameter Name="root_cause" Type="Edm.String"/>
        <ReturnType Type="IntegrationService.ErrorLogs"/>
      </Action>
      <Action Name="resolve" IsBound="true" EntitySetPath="in">
        <Parameter Name="in" Type="IntegrationService.ExceptionItems"/>
        <Parameter Name="resolution_type" Type="Edm.String"/>
        <Parameter Name="resolution_notes" Type="Edm.String"/>
        <ReturnType Type="IntegrationService.ExceptionItems"/>
      </Action>
      <Action Name="resolve" IsBound="true" EntitySetPath="in">
        <Parameter Name="in" Type="IntegrationService.AlertInstances"/>
        <Parameter Name="resolution_notes" Type="Edm.String"/>
        <ReturnType Type="IntegrationService.AlertInstances"/>
      </Action>
      <Action Name="retry" IsBound="true">
        <Parameter Name="in" Type="IntegrationService.ExceptionItems"/>
        <ReturnType Type="IntegrationService.RetryResult"/>
      </Action>
      <Action Name="retryWithPayload" IsBound="true">
        <Parameter Name="in" Type="IntegrationService.ExceptionItems"/>
        <Parameter Name="modifiedPayload" Type="Edm.String"/>
        <ReturnType Type="IntegrationService.RetryResult"/>
      </Action>
      <Action Name="assign" IsBound="true" EntitySetPath="in">
        <Parameter Name="in" Type="IntegrationService.ExceptionItems"/>
        <Parameter Name="assignee" Type="Edm.String"/>
        <ReturnType Type="IntegrationService.ExceptionItems"/>
      </Action>
      <Action Name="escalate" IsBound="true" EntitySetPath="in">
        <Parameter Name="in" Type="IntegrationService.ExceptionItems"/>
        <Parameter Name="escalateTo" Type="Edm.String"/>
        <Parameter Name="reason" Type="Edm.String"/>
        <ReturnType Type="IntegrationService.ExceptionItems"/>
      </Action>
      <Action Name="escalate" IsBound="true" EntitySetPath="in">
        <Parameter Name="in" Type="IntegrationService.AlertInstances"/>
        <ReturnType Type="IntegrationService.AlertInstances"/>
      </Action>
      <Action Name="cancel" IsBound="true" EntitySetPath="in">
        <Parameter Name="in" Type="IntegrationService.ExceptionItems"/>
        <Parameter Name="reason" Type="Edm.String"/>
        <ReturnType Type="IntegrationService.ExceptionItems"/>
      </Action>
      <Action Name="resetRetries" IsBound="true" EntitySetPath="in">
        <Parameter Name="in" Type="IntegrationService.ExceptionItems"/>
        <ReturnType Type="IntegrationService.ExceptionItems"/>
      </Action>
      <Action Name="draftPrepare" IsBound="true" EntitySetPath="in">
        <Parameter Name="in" Type="IntegrationService.ExceptionItems"/>
        <Parameter Name="SideEffectsQualifier" Type="Edm.String"/>
        <ReturnType Type="IntegrationService.ExceptionItems"/>
      </Action>
      <Action Name="draftPrepare" IsBound="true" EntitySetPath="in">
        <Parameter Name="in" Type="IntegrationService.IntegrationConfigs"/>
        <Parameter Name="SideEffectsQualifier" Type="Edm.String"/>
        <ReturnType Type="IntegrationService.IntegrationConfigs"/>
      </Action>
      <Action Name="draftPrepare" IsBound="true" EntitySetPath="in">
        <Parameter Name="in" Type="IntegrationService.AlertDefinitions"/>
        <Parameter Name="SideEffectsQualifier" Type="Edm.String"/>
        <ReturnType Type="IntegrationService.AlertDefinitions"/>
      </Action>
      <Action Name="draftActivate" IsBound="true" EntitySetPath="in">
        <Parameter Name="in" Type="IntegrationService.ExceptionItems"/>
        <ReturnType Type="IntegrationService.ExceptionItems"/>
      </Action>
      <Action Name="draftActivate" IsBound="true" EntitySetPath="in">
        <Parameter Name="in" Type="IntegrationService.IntegrationConfigs"/>
        <ReturnType Type="IntegrationService.IntegrationConfigs"/>
      </Action>
      <Action Name="draftActivate" IsBound="true" EntitySetPath="in">
        <Parameter Name="in" Type="IntegrationService.AlertDefinitions"/>
        <ReturnType Type="IntegrationService.AlertDefinitions"/>
      </Action>
      <Action Name="draftEdit" IsBound="true" EntitySetPath="in">
        <Parameter Name="in" Type="IntegrationService.ExceptionItems"/>
        <Parameter Name="PreserveChanges" Type="Edm.Boolean"/>
        <ReturnType Type="IntegrationService.ExceptionItems"/>
      </Action>
      <Action Name="draftEdit" IsBound="true" EntitySetPath="in">
        <Parameter Name="in" Type="IntegrationService.IntegrationConfigs"/>
        <Parameter Name="PreserveChanges" Type="Edm.Boolean"/>
        <ReturnType Type="IntegrationService.IntegrationConfigs"/>
      </Action>
      <Action Name="draftEdit" IsBound="true" EntitySetPath="in">
        <Parameter Name="in" Type="IntegrationService.AlertDefinitions"/>
        <Parameter Name="PreserveChanges" Type="Edm.Boolean"/>
        <ReturnType Type="IntegrationService.AlertDefinitions"/>
      </Action>
      <Action Name="restart" IsBound="true" EntitySetPath="in">
        <Parameter Name="in" Type="IntegrationService.DataSyncStatus"/>
        <ReturnType Type="IntegrationService.DataSyncStatus"/>
      </Action>
      <Action Name="forceFullSync" IsBound="true" EntitySetPath="in">
        <Parameter Name="in" Type="IntegrationService.DataSyncStatus"/>
        <ReturnType Type="IntegrationService.DataSyncStatus"/>
      </Action>
      <Action Name="validate" IsBound="true">
        <Parameter Name="in" Type="IntegrationService.IntegrationConfigs"/>
        <ReturnType Type="IntegrationService.ConfigValidationResult"/>
      </Action>
      <Action Name="resetToDefault" IsBound="true" EntitySetPath="in">
        <Parameter Name="in" Type="IntegrationService.IntegrationConfigs"/>
        <ReturnType Type="IntegrationService.IntegrationConfigs"/>
      </Action>
      <Action Name="copyToEnvironment" IsBound="true" EntitySetPath="in">
        <Parameter Name="in" Type="IntegrationService.IntegrationConfigs"/>
        <Parameter Name="targetEnv" Type="Edm.String"/>
        <ReturnType Type="IntegrationService.IntegrationConfigs"/>
      </Action>
      <Action Name="test" IsBound="true">
        <Parameter Name="in" Type="IntegrationService.AlertDefinitions"/>
        <ReturnType Type="IntegrationService.AlertTestResult"/>
      </Action>
      <Action Name="enable" IsBound="true" EntitySetPath="in">
        <Parameter Name="in" Type="IntegrationService.AlertDefinitions"/>
        <ReturnType Type="IntegrationService.AlertDefinitions"/>
      </Action>
      <Action Name="disable" IsBound="true" EntitySetPath="in">
        <Parameter Name="in" Type="IntegrationService.AlertDefinitions"/>
        <ReturnType Type="IntegrationService.AlertDefinitions"/>
      </Action>
      <Action Name="resetStats" IsBound="true" EntitySetPath="in">
        <Parameter Name="in" Type="IntegrationService.AlertDefinitions"/>
        <ReturnType Type="IntegrationService.AlertDefinitions"/>
      </Action>
      <Action Name="acknowledge" IsBound="true" EntitySetPath="in">
        <Parameter Name="in" Type="IntegrationService.AlertInstances"/>
        <ReturnType Type="IntegrationService.AlertInstances"/>
      </Action>
      <Action Name="suppress" IsBound="true" EntitySetPath="in">
        <Parameter Name="in" Type="IntegrationService.AlertInstances"/>
        <Parameter Name="reason" Type="Edm.String"/>
        <ReturnType Type="IntegrationService.AlertInstances"/>
      </Action>
      <Action Name="runHealthCheck" IsBound="false">
        <ReturnType Type="IntegrationService.HealthCheckResult"/>
      </Action>
      <Action Name="runComponentHealthCheck" IsBound="false">
        <Parameter Name="componentName" Type="Edm.String"/>
        <ReturnType Type="IntegrationService.ComponentHealthResult"/>
      </Action>
      <Action Name="logIntegrationMessage" IsBound="false">
        <Parameter Name="correlationId" Type="Edm.Guid"/>
        <Parameter Name="integrationName" Type="Edm.String"/>
        <Parameter Name="direction" Type="Edm.String"/>
        <Parameter Name="sourceSystem" Type="Edm.String"/>
        <Parameter Name="targetSystem" Type="Edm.String"/>
        <Parameter Name="status" Type="Edm.String"/>
        <Parameter Name="httpStatusCode" Type="Edm.Int32"/>
        <Parameter Name="durationMs" Type="Edm.Int32"/>
        <Parameter Name="errorCode" Type="Edm.String"/>
        <Parameter Name="errorMessage" Type="Edm.String"/>
        <Parameter Name="businessObjectType" Type="Edm.String"/>
        <Parameter Name="businessObjectId" Type="Edm.Guid"/>
        <Parameter Name="businessObjectKey" Type="Edm.String"/>
        <ReturnType Type="IntegrationService.IntegrationMessages"/>
      </Action>
      <Action Name="createExceptionItem" IsBound="false">
        <Parameter Name="correlationId" Type="Edm.Guid"/>
        <Parameter Name="integrationName" Type="Edm.String"/>
        <Parameter Name="sourceSystem" Type="Edm.String"/>
        <Parameter Name="targetSystem" Type="Edm.String"/>
        <Parameter Name="direction" Type="Edm.String"/>
        <Parameter Name="businessObjectType" Type="Edm.String"/>
        <Parameter Name="businessObjectId" Type="Edm.Guid"/>
        <Parameter Name="errorCode" Type="Edm.String"/>
        <Parameter Name="errorMessage" Type="Edm.String"/>
        <Parameter Name="originalPayload" Type="Edm.String"/>
        <Parameter Name="priority" Type="Edm.String"/>
        <ReturnType Type="IntegrationService.ExceptionItems"/>
      </Action>
      <Action Name="triggerDataSync" IsBound="false">
        <Parameter Name="entityType" Type="Edm.String"/>
        <Parameter Name="direction" Type="Edm.String"/>
        <Parameter Name="syncMode" Type="Edm.String"/>
        <Parameter Name="companyCode" Type="Edm.String"/>
        <ReturnType Type="IntegrationService.DataSyncResult"/>
      </Action>
      <Action Name="calculateDataQuality" IsBound="false">
        <Parameter Name="entityType" Type="Edm.String"/>
        <Parameter Name="companyCode" Type="Edm.String"/>
        <ReturnType Type="IntegrationService.DataQualityResult"/>
      </Action>
      <Action Name="archiveOldMessages" IsBound="false">
        <Parameter Name="olderThanDays" Type="Edm.Int32"/>
        <ReturnType Type="IntegrationService.ArchiveResult"/>
      </Action>
      <Action Name="processExceptionQueue" IsBound="false">
        <Parameter Name="integrationName" Type="Edm.String"/>
        <Parameter Name="maxItems" Type="Edm.Int32"/>
        <ReturnType Type="IntegrationService.BatchRetryResult"/>
      </Action>
      <Action Name="aggregatePerformanceMetrics" IsBound="false">
        <Parameter Name="integrationName" Type="Edm.String"/>
        <Parameter Name="periodType" Type="Edm.String"/>
        <Parameter Name="metricDate" Type="Edm.Date"/>
        <ReturnType Type="IntegrationService.AggregationResult"/>
      </Action>
      <Function Name="getDashboardSummary" IsBound="false" IsComposable="false">
        <ReturnType Type="IntegrationService.IntegrationDashboard"/>
      </Function>
      <Function Name="getCurrentHealthStatus" IsBound="false" IsComposable="false">
        <ReturnType Type="Collection(IntegrationService.ComponentHealthResult)" Nullable="true"/>
      </Function>
      <Function Name="getExceptionQueueStats" IsBound="false" IsComposable="false">
        <ReturnType Type="IntegrationService.ExceptionQueueStats"/>
      </Function>
      <Function Name="getSLAComplianceReport" IsBound="false" IsComposable="false">
        <Parameter Name="integrationName" Type="Edm.String"/>
        <Parameter Name="fromDate" Type="Edm.Date"/>
        <Parameter Name="toDate" Type="Edm.Date"/>
        <ReturnType Type="IntegrationService.SLAComplianceReport"/>
      </Function>
      <Function Name="getErrorTrend" IsBound="false" IsComposable="false">
        <Parameter Name="integrationName" Type="Edm.String"/>
        <Parameter Name="days" Type="Edm.Int32"/>
        <ReturnType Type="Collection(IntegrationService.ErrorTrendItem)" Nullable="true"/>
      </Function>
      <Function Name="getActiveAlertsSummary" IsBound="false" IsComposable="false">
        <ReturnType Type="IntegrationService.AlertsSummary"/>
      </Function>
      <Function Name="getDataQualitySummary" IsBound="false" IsComposable="false">
        <Parameter Name="companyCode" Type="Edm.String"/>
        <ReturnType Type="IntegrationService.DataQualitySummary"/>
      </Function>
      <Function Name="getMessageHistory" IsBound="false" IsComposable="false">
        <Parameter Name="correlationId" Type="Edm.Guid"/>
        <ReturnType Type="Collection(IntegrationService.IntegrationMessages)"/>
      </Function>
      <Function Name="getPerformancePercentiles" IsBound="false" IsComposable="false">
        <Parameter Name="integrationName" Type="Edm.String"/>
        <Parameter Name="fromDate" Type="Edm.Date"/>
        <Parameter Name="toDate" Type="Edm.Date"/>
        <ReturnType Type="IntegrationService.PerformancePercentiles"/>
      </Function>
      <Function Name="searchErrors" IsBound="false" IsComposable="false">
        <Parameter Name="errorCode" Type="Edm.String"/>
        <Parameter Name="integrationName" Type="Edm.String"/>
        <Parameter Name="fromDate" Type="Edm.Date"/>
        <Parameter Name="toDate" Type="Edm.Date"/>
        <Parameter Name="severity" Type="Edm.String"/>
        <ReturnType Type="Collection(IntegrationService.ErrorLogs)"/>
      </Function>
      <Function Name="getSyncStatusForEntity" IsBound="false" IsComposable="false">
        <Parameter Name="entityType" Type="Edm.String"/>
        <ReturnType Type="IntegrationService.LatestSyncStatus"/>
      </Function>
      <Annotations Target="IntegrationService.EntityContainer/IntegrationMessages">
        <Annotation Term="Capabilities.DeleteRestrictions">
          <Record Type="Capabilities.DeleteRestrictionsType">
            <PropertyValue Property="Deletable" Bool="false"/>
          </Record>
        </Annotation>
        <Annotation Term="Capabilities.InsertRestrictions">
          <Record Type="Capabilities.InsertRestrictionsType">
            <PropertyValue Property="Insertable" Bool="false"/>
          </Record>
        </Annotation>
        <Annotation Term="Capabilities.UpdateRestrictions">
          <Record Type="Capabilities.UpdateRestrictionsType">
            <PropertyValue Property="Updatable" Bool="false"/>
          </Record>
        </Annotation>
      </Annotations>
      <Annotations Target="IntegrationService.IntegrationMessages/ID">
        <Annotation Term="Core.ComputedDefaultValue" Bool="true"/>
      </Annotations>
      <Annotations Target="IntegrationService.IntegrationMessages/correlation_id">
        <Annotation Term="Common.FieldControl" EnumMember="Common.FieldControlType/Mandatory"/>
      </Annotations>
      <Annotations Target="IntegrationService.IntegrationMessages/timestamp">
        <Annotation Term="Common.FieldControl" EnumMember="Common.FieldControlType/Mandatory"/>
      </Annotations>
      <Annotations Target="IntegrationService.IntegrationMessages/integration_name">
        <Annotation Term="Common.FieldControl" EnumMember="Common.FieldControlType/Mandatory"/>
      </Annotations>
      <Annotations Target="IntegrationService.IntegrationMessages/direction">
        <Annotation Term="Common.FieldControl" EnumMember="Common.FieldControlType/Mandatory"/>
        <Annotation Term="Validation.AllowedValues">
          <Collection>
            <Record Type="Validation.AllowedValue">
              <Annotation Term="Core.SymbolicName" String="INBOUND"/>
              <PropertyValue Property="Value" String="INBOUND"/>
            </Record>
            <Record Type="Validation.AllowedValue">
              <Annotation Term="Core.SymbolicName" String="OUTBOUND"/>
              <PropertyValue Property="Value" String="OUTBOUND"/>
            </Record>
            <Record Type="Validation.AllowedValue">
              <Annotation Term="Core.SymbolicName" String="BIDIRECTIONAL"/>
              <PropertyValue Property="Value" String="BIDIRECTIONAL"/>
            </Record>
          </Collection>
        </Annotation>
      </Annotations>
      <Annotations Target="IntegrationService.IntegrationMessages/source_system">
        <Annotation Term="Common.FieldControl" EnumMember="Common.FieldControlType/Mandatory"/>
      </Annotations>
      <Annotations Target="IntegrationService.IntegrationMessages/target_system">
        <Annotation Term="Common.FieldControl" EnumMember="Common.FieldControlType/Mandatory"/>
      </Annotations>
      <Annotations Target="IntegrationService.IntegrationMessages/status">
        <Annotation Term="Common.FieldControl" EnumMember="Common.FieldControlType/Mandatory"/>
        <Annotation Term="Validation.AllowedValues">
          <Collection>
            <Record Type="Validation.AllowedValue">
              <Annotation Term="Core.SymbolicName" String="SUCCESS"/>
              <PropertyValue Property="Value" String="SUCCESS"/>
            </Record>
            <Record Type="Validation.AllowedValue">
              <Annotation Term="Core.SymbolicName" String="FAILURE"/>
              <PropertyValue Property="Value" String="FAILURE"/>
            </Record>
            <Record Type="Validation.AllowedValue">
              <Annotation Term="Core.SymbolicName" String="PARTIAL"/>
              <PropertyValue Property="Value" String="PARTIAL"/>
            </Record>
            <Record Type="Validation.AllowedValue">
              <Annotation Term="Core.SymbolicName" String="TIMEOUT"/>
              <PropertyValue Property="Value" String="TIMEOUT"/>
            </Record>
            <Record Type="Validation.AllowedValue">
              <Annotation Term="Core.SymbolicName" String="PENDING"/>
              <PropertyValue Property="Value" String="PENDING"/>
            </Record>
            <Record Type="Validation.AllowedValue">
              <Annotation Term="Core.SymbolicName" String="RETRYING"/>
              <PropertyValue Property="Value" String="RETRYING"/>
            </Record>
          </Collection>
        </Annotation>
      </Annotations>
      <Annotations Target="IntegrationService.EntityContainer/SystemHealthLogs">
        <Annotation Term="Capabilities.DeleteRestrictions">
          <Record Type="Capabilities.DeleteRestrictionsType">
            <PropertyValue Property="Deletable" Bool="false"/>
          </Record>
        </Annotation>
        <Annotation Term="Capabilities.InsertRestrictions">
          <Record Type="Capabilities.InsertRestrictionsType">
            <PropertyValue Property="Insertable" Bool="false"/>
          </Record>
        </Annotation>
        <Annotation Term="Capabilities.UpdateRestrictions">
          <Record Type="Capabilities.UpdateRestrictionsType">
            <PropertyValue Property="Updatable" Bool="false"/>
          </Record>
        </Annotation>
      </Annotations>
      <Annotations Target="IntegrationService.SystemHealthLogs/ID">
        <Annotation Term="Core.ComputedDefaultValue" Bool="true"/>
      </Annotations>
      <Annotations Target="IntegrationService.SystemHealthLogs/check_id">
        <Annotation Term="Common.FieldControl" EnumMember="Common.FieldControlType/Mandatory"/>
      </Annotations>
      <Annotations Target="IntegrationService.SystemHealthLogs/check_name">
        <Annotation Term="Common.FieldControl" EnumMember="Common.FieldControlType/Mandatory"/>
      </Annotations>
      <Annotations Target="IntegrationService.SystemHealthLogs/check_time">
        <Annotation Term="Common.FieldControl" EnumMember="Common.FieldControlType/Mandatory"/>
      </Annotations>
      <Annotations Target="IntegrationService.SystemHealthLogs/component_name">
        <Annotation Term="Common.FieldControl" EnumMember="Common.FieldControlType/Mandatory"/>
      </Annotations>
      <Annotations Target="IntegrationService.SystemHealthLogs/component_type">
        <Annotation Term="Common.FieldControl" EnumMember="Common.FieldControlType/Mandatory"/>
      </Annotations>
      <Annotations Target="IntegrationService.SystemHealthLogs/environment">
        <Annotation Term="Common.FieldControl" EnumMember="Common.FieldControlType/Mandatory"/>
      </Annotations>
      <Annotations Target="IntegrationService.SystemHealthLogs/status">
        <Annotation Term="Common.FieldControl" EnumMember="Common.FieldControlType/Mandatory"/>
        <Annotation Term="Validation.AllowedValues">
          <Collection>
            <Record Type="Validation.AllowedValue">
              <Annotation Term="Core.SymbolicName" String="HEALTHY"/>
              <PropertyValue Property="Value" String="HEALTHY"/>
            </Record>
            <Record Type="Validation.AllowedValue">
              <Annotation Term="Core.SymbolicName" String="DEGRADED"/>
              <PropertyValue Property="Value" String="DEGRADED"/>
            </Record>
            <Record Type="Validation.AllowedValue">
              <Annotation Term="Core.SymbolicName" String="UNHEALTHY"/>
              <PropertyValue Property="Value" String="UNHEALTHY"/>
            </Record>
            <Record Type="Validation.AllowedValue">
              <Annotation Term="Core.SymbolicName" String="UNKNOWN"/>
              <PropertyValue Property="Value" String="UNKNOWN"/>
            </Record>
          </Collection>
        </Annotation>
      </Annotations>
      <Annotations Target="IntegrationService.SystemHealthLogs/previous_status">
        <Annotation Term="Validation.AllowedValues">
          <Collection>
            <Record Type="Validation.AllowedValue">
              <Annotation Term="Core.SymbolicName" String="HEALTHY"/>
              <PropertyValue Property="Value" String="HEALTHY"/>
            </Record>
            <Record Type="Validation.AllowedValue">
              <Annotation Term="Core.SymbolicName" String="DEGRADED"/>
              <PropertyValue Property="Value" String="DEGRADED"/>
            </Record>
            <Record Type="Validation.AllowedValue">
              <Annotation Term="Core.SymbolicName" String="UNHEALTHY"/>
              <PropertyValue Property="Value" String="UNHEALTHY"/>
            </Record>
            <Record Type="Validation.AllowedValue">
              <Annotation Term="Core.SymbolicName" String="UNKNOWN"/>
              <PropertyValue Property="Value" String="UNKNOWN"/>
            </Record>
          </Collection>
        </Annotation>
      </Annotations>
      <Annotations Target="IntegrationService.ErrorLogs/ID">
        <Annotation Term="Core.ComputedDefaultValue" Bool="true"/>
      </Annotations>
      <Annotations Target="IntegrationService.ErrorLogs/error_id">
        <Annotation Term="Common.FieldControl" EnumMember="Common.FieldControlType/Mandatory"/>
      </Annotations>
      <Annotations Target="IntegrationService.ErrorLogs/timestamp">
        <Annotation Term="Common.FieldControl" EnumMember="Common.FieldControlType/Mandatory"/>
      </Annotations>
      <Annotations Target="IntegrationService.ErrorLogs/error_code">
        <Annotation Term="Common.FieldControl" EnumMember="Common.FieldControlType/Mandatory"/>
      </Annotations>
      <Annotations Target="IntegrationService.ErrorLogs/error_type">
        <Annotation Term="Common.FieldControl" EnumMember="Common.FieldControlType/Mandatory"/>
      </Annotations>
      <Annotations Target="IntegrationService.ErrorLogs/severity">
        <Annotation Term="Common.FieldControl" EnumMember="Common.FieldControlType/Mandatory"/>
        <Annotation Term="Validation.AllowedValues">
          <Collection>
            <Record Type="Validation.AllowedValue">
              <Annotation Term="Core.SymbolicName" String="INFO"/>
              <PropertyValue Property="Value" String="INFO"/>
            </Record>
            <Record Type="Validation.AllowedValue">
              <Annotation Term="Core.SymbolicName" String="WARNING"/>
              <PropertyValue Property="Value" String="WARNING"/>
            </Record>
            <Record Type="Validation.AllowedValue">
              <Annotation Term="Core.SymbolicName" String="ERROR"/>
              <PropertyValue Property="Value" String="ERROR"/>
            </Record>
            <Record Type="Validation.AllowedValue">
              <Annotation Term="Core.SymbolicName" String="CRITICAL"/>
              <PropertyValue Property="Value" String="CRITICAL"/>
            </Record>
          </Collection>
        </Annotation>
      </Annotations>
      <Annotations Target="IntegrationService.ErrorLogs/error_message">
        <Annotation Term="Common.FieldControl" EnumMember="Common.FieldControlType/Mandatory"/>
      </Annotations>
      <Annotations Target="IntegrationService.ErrorLogs/integration_name">
        <Annotation Term="Common.FieldControl" EnumMember="Common.FieldControlType/Mandatory"/>
      </Annotations>
      <Annotations Target="IntegrationService.ErrorLogs/source_system">
        <Annotation Term="Common.FieldControl" EnumMember="Common.FieldControlType/Mandatory"/>
      </Annotations>
      <Annotations Target="IntegrationService.ErrorLogs/target_system">
        <Annotation Term="Common.FieldControl" EnumMember="Common.FieldControlType/Mandatory"/>
      </Annotations>
      <Annotations Target="IntegrationService.EntityContainer/ExceptionItems">
        <Annotation Term="Common.DraftRoot">
          <Record Type="Common.DraftRootType">
            <PropertyValue Property="ActivationAction" String="IntegrationService.draftActivate"/>
            <PropertyValue Property="EditAction" String="IntegrationService.draftEdit"/>
            <PropertyValue Property="PreparationAction" String="IntegrationService.draftPrepare"/>
          </Record>
        </Annotation>
      </Annotations>
      <Annotations Target="IntegrationService.ExceptionItems/ID">
        <Annotation Term="Core.ComputedDefaultValue" Bool="true"/>
      </Annotations>
      <Annotations Target="IntegrationService.ExceptionItems/created_at">
        <Annotation Term="Core.Computed" Bool="true"/>
      </Annotations>
      <Annotations Target="IntegrationService.ExceptionItems/created_by">
        <Annotation Term="Core.Computed" Bool="true"/>
      </Annotations>
      <Annotations Target="IntegrationService.ExceptionItems/modified_at">
        <Annotation Term="Core.Computed" Bool="true"/>
      </Annotations>
      <Annotations Target="IntegrationService.ExceptionItems/modified_by">
        <Annotation Term="Core.Computed" Bool="true"/>
      </Annotations>
      <Annotations Target="IntegrationService.ExceptionItems/exception_number">
        <Annotation Term="Common.FieldControl" EnumMember="Common.FieldControlType/Mandatory"/>
      </Annotations>
      <Annotations Target="IntegrationService.ExceptionItems/correlation_id">
        <Annotation Term="Common.FieldControl" EnumMember="Common.FieldControlType/Mandatory"/>
      </Annotations>
      <Annotations Target="IntegrationService.ExceptionItems/integration_name">
        <Annotation Term="Common.FieldControl" EnumMember="Common.FieldControlType/Mandatory"/>
      </Annotations>
      <Annotations Target="IntegrationService.ExceptionItems/source_system">
        <Annotation Term="Common.FieldControl" EnumMember="Common.FieldControlType/Mandatory"/>
      </Annotations>
      <Annotations Target="IntegrationService.ExceptionItems/target_system">
        <Annotation Term="Common.FieldControl" EnumMember="Common.FieldControlType/Mandatory"/>
      </Annotations>
      <Annotations Target="IntegrationService.ExceptionItems/direction">
        <Annotation Term="Common.FieldControl" EnumMember="Common.FieldControlType/Mandatory"/>
        <Annotation Term="Validation.AllowedValues">
          <Collection>
            <Record Type="Validation.AllowedValue">
              <Annotation Term="Core.SymbolicName" String="INBOUND"/>
              <PropertyValue Property="Value" String="INBOUND"/>
            </Record>
            <Record Type="Validation.AllowedValue">
              <Annotation Term="Core.SymbolicName" String="OUTBOUND"/>
              <PropertyValue Property="Value" String="OUTBOUND"/>
            </Record>
            <Record Type="Validation.AllowedValue">
              <Annotation Term="Core.SymbolicName" String="BIDIRECTIONAL"/>
              <PropertyValue Property="Value" String="BIDIRECTIONAL"/>
            </Record>
          </Collection>
        </Annotation>
      </Annotations>
      <Annotations Target="IntegrationService.ExceptionItems/business_object_type">
        <Annotation Term="Common.FieldControl" EnumMember="Common.FieldControlType/Mandatory"/>
      </Annotations>
      <Annotations Target="IntegrationService.ExceptionItems/error_code">
        <Annotation Term="Common.FieldControl" EnumMember="Common.FieldControlType/Mandatory"/>
      </Annotations>
      <Annotations Target="IntegrationService.ExceptionItems/error_message">
        <Annotation Term="Common.FieldControl" EnumMember="Common.FieldControlType/Mandatory"/>
      </Annotations>
      <Annotations Target="IntegrationService.ExceptionItems/first_failure_time">
        <Annotation Term="Common.FieldControl" EnumMember="Common.FieldControlType/Mandatory"/>
      </Annotations>
      <Annotations Target="IntegrationService.ExceptionItems/retry_status">
        <Annotation Term="Validation.AllowedValues">
          <Collection>
            <Record Type="Validation.AllowedValue">
              <Annotation Term="Core.SymbolicName" String="PENDING"/>
              <PropertyValue Property="Value" String="PENDING"/>
            </Record>
            <Record Type="Validation.AllowedValue">
              <Annotation Term="Core.SymbolicName" String="IN_PROGRESS"/>
              <PropertyValue Property="Value" String="IN_PROGRESS"/>
            </Record>
            <Record Type="Validation.AllowedValue">
              <Annotation Term="Core.SymbolicName" String="SUCCESS"/>
              <PropertyValue Property="Value" String="SUCCESS"/>
            </Record>
            <Record Type="Validation.AllowedValue">
              <Annotation Term="Core.SymbolicName" String="FAILED"/>
              <PropertyValue Property="Value" String="FAILED"/>
            </Record>
            <Record Type="Validation.AllowedValue">
              <Annotation Term="Core.SymbolicName" String="EXHAUSTED"/>
              <PropertyValue Property="Value" String="EXHAUSTED"/>
            </Record>
            <Record Type="Validation.AllowedValue">
              <Annotation Term="Core.SymbolicName" String="CANCELLED"/>
              <PropertyValue Property="Value" String="CANCELLED"/>
            </Record>
          </Collection>
        </Annotation>
      </Annotations>
      <Annotations Target="IntegrationService.ExceptionItems/priority">
        <Annotation Term="Validation.AllowedValues">
          <Collection>
            <Record Type="Validation.AllowedValue">
              <Annotation Term="Core.SymbolicName" String="LOW"/>
              <PropertyValue Property="Value" String="LOW"/>
            </Record>
            <Record Type="Validation.AllowedValue">
              <Annotation Term="Core.SymbolicName" String="MEDIUM"/>
              <PropertyValue Property="Value" String="MEDIUM"/>
            </Record>
            <Record Type="Validation.AllowedValue">
              <Annotation Term="Core.SymbolicName" String="HIGH"/>
              <PropertyValue Property="Value" String="HIGH"/>
            </Record>
            <Record Type="Validation.AllowedValue">
              <Annotation Term="Core.SymbolicName" String="CRITICAL"/>
              <PropertyValue Property="Value" String="CRITICAL"/>
            </Record>
          </Collection>
        </Annotation>
      </Annotations>
      <Annotations Target="IntegrationService.ExceptionItems/IsActiveEntity">
        <Annotation Term="UI.Hidden" Bool="true"/>
      </Annotations>
      <Annotations Target="IntegrationService.ExceptionItems/HasActiveEntity">
        <Annotation Term="UI.Hidden" Bool="true"/>
      </Annotations>
      <Annotations Target="IntegrationService.ExceptionItems/HasDraftEntity">
        <Annotation Term="UI.Hidden" Bool="true"/>
      </Annotations>
      <Annotations Target="IntegrationService.ExceptionItems/DraftAdministrativeData">
        <Annotation Term="UI.Hidden" Bool="true"/>
      </Annotations>
      <Annotations Target="IntegrationService.EntityContainer/APIPerformanceMetrics">
        <Annotation Term="Capabilities.DeleteRestrictions">
          <Record Type="Capabilities.DeleteRestrictionsType">
            <PropertyValue Property="Deletable" Bool="false"/>
          </Record>
        </Annotation>
        <Annotation Term="Capabilities.InsertRestrictions">
          <Record Type="Capabilities.InsertRestrictionsType">
            <PropertyValue Property="Insertable" Bool="false"/>
          </Record>
        </Annotation>
        <Annotation Term="Capabilities.UpdateRestrictions">
          <Record Type="Capabilities.UpdateRestrictionsType">
            <PropertyValue Property="Updatable" Bool="false"/>
          </Record>
        </Annotation>
      </Annotations>
      <Annotations Target="IntegrationService.APIPerformanceMetrics/ID">
        <Annotation Term="Core.ComputedDefaultValue" Bool="true"/>
      </Annotations>
      <Annotations Target="IntegrationService.APIPerformanceMetrics/metric_date">
        <Annotation Term="Common.FieldControl" EnumMember="Common.FieldControlType/Mandatory"/>
      </Annotations>
      <Annotations Target="IntegrationService.APIPerformanceMetrics/period_type">
        <Annotation Term="Common.FieldControl" EnumMember="Common.FieldControlType/Mandatory"/>
      </Annotations>
      <Annotations Target="IntegrationService.APIPerformanceMetrics/integration_name">
        <Annotation Term="Common.FieldControl" EnumMember="Common.FieldControlType/Mandatory"/>
      </Annotations>
      <Annotations Target="IntegrationService.APIPerformanceMetrics/source_system">
        <Annotation Term="Common.FieldControl" EnumMember="Common.FieldControlType/Mandatory"/>
      </Annotations>
      <Annotations Target="IntegrationService.APIPerformanceMetrics/target_system">
        <Annotation Term="Common.FieldControl" EnumMember="Common.FieldControlType/Mandatory"/>
      </Annotations>
      <Annotations Target="IntegrationService.APIPerformanceMetrics/total_calls">
        <Annotation Term="Common.FieldControl" EnumMember="Common.FieldControlType/Mandatory"/>
      </Annotations>
      <Annotations Target="IntegrationService.APIPerformanceMetrics/successful_calls">
        <Annotation Term="Common.FieldControl" EnumMember="Common.FieldControlType/Mandatory"/>
      </Annotations>
      <Annotations Target="IntegrationService.APIPerformanceMetrics/failed_calls">
        <Annotation Term="Common.FieldControl" EnumMember="Common.FieldControlType/Mandatory"/>
      </Annotations>
      <Annotations Target="IntegrationService.APIPerformanceMetrics/calculated_at">
        <Annotation Term="Common.FieldControl" EnumMember="Common.FieldControlType/Mandatory"/>
      </Annotations>
      <Annotations Target="IntegrationService.DataSyncStatus/ID">
        <Annotation Term="Core.ComputedDefaultValue" Bool="true"/>
      </Annotations>
      <Annotations Target="IntegrationService.DataSyncStatus/created_at">
        <Annotation Term="Core.Computed" Bool="true"/>
      </Annotations>
      <Annotations Target="IntegrationService.DataSyncStatus/created_by">
        <Annotation Term="Core.Computed" Bool="true"/>
      </Annotations>
      <Annotations Target="IntegrationService.DataSyncStatus/modified_at">
        <Annotation Term="Core.Computed" Bool="true"/>
      </Annotations>
      <Annotations Target="IntegrationService.DataSyncStatus/modified_by">
        <Annotation Term="Core.Computed" Bool="true"/>
      </Annotations>
      <Annotations Target="IntegrationService.DataSyncStatus/sync_id">
        <Annotation Term="Common.FieldControl" EnumMember="Common.FieldControlType/Mandatory"/>
      </Annotations>
      <Annotations Target="IntegrationService.DataSyncStatus/sync_start_time">
        <Annotation Term="Common.FieldControl" EnumMember="Common.FieldControlType/Mandatory"/>
      </Annotations>
      <Annotations Target="IntegrationService.DataSyncStatus/entity_type">
        <Annotation Term="Common.FieldControl" EnumMember="Common.FieldControlType/Mandatory"/>
      </Annotations>
      <Annotations Target="IntegrationService.DataSyncStatus/direction">
        <Annotation Term="Common.FieldControl" EnumMember="Common.FieldControlType/Mandatory"/>
        <Annotation Term="Validation.AllowedValues">
          <Collection>
            <Record Type="Validation.AllowedValue">
              <Annotation Term="Core.SymbolicName" String="S4_TO_FS"/>
              <PropertyValue Property="Value" String="S4_TO_FS"/>
            </Record>
            <Record Type="Validation.AllowedValue">
              <Annotation Term="Core.SymbolicName" String="FS_TO_S4"/>
              <PropertyValue Property="Value" String="FS_TO_S4"/>
            </Record>
            <Record Type="Validation.AllowedValue">
              <Annotation Term="Core.SymbolicName" String="BIDIRECTIONAL"/>
              <PropertyValue Property="Value" String="BIDIRECTIONAL"/>
            </Record>
          </Collection>
        </Annotation>
      </Annotations>
      <Annotations Target="IntegrationService.DataSyncStatus/sync_mode">
        <Annotation Term="Common.FieldControl" EnumMember="Common.FieldControlType/Mandatory"/>
      </Annotations>
      <Annotations Target="IntegrationService.DataSyncStatus/status">
        <Annotation Term="Common.FieldControl" EnumMember="Common.FieldControlType/Mandatory"/>
        <Annotation Term="Validation.AllowedValues">
          <Collection>
            <Record Type="Validation.AllowedValue">
              <Annotation Term="Core.SymbolicName" String="SUCCESS"/>
              <PropertyValue Property="Value" String="SUCCESS"/>
            </Record>
            <Record Type="Validation.AllowedValue">
              <Annotation Term="Core.SymbolicName" String="FAILURE"/>
              <PropertyValue Property="Value" String="FAILURE"/>
            </Record>
            <Record Type="Validation.AllowedValue">
              <Annotation Term="Core.SymbolicName" String="PARTIAL"/>
              <PropertyValue Property="Value" String="PARTIAL"/>
            </Record>
            <Record Type="Validation.AllowedValue">
              <Annotation Term="Core.SymbolicName" String="TIMEOUT"/>
              <PropertyValue Property="Value" String="TIMEOUT"/>
            </Record>
            <Record Type="Validation.AllowedValue">
              <Annotation Term="Core.SymbolicName" String="PENDING"/>
              <PropertyValue Property="Value" String="PENDING"/>
            </Record>
            <Record Type="Validation.AllowedValue">
              <Annotation Term="Core.SymbolicName" String="RETRYING"/>
              <PropertyValue Property="Value" String="RETRYING"/>
            </Record>
          </Collection>
        </Annotation>
      </Annotations>
      <Annotations Target="IntegrationService.DataSyncStatus/trigger_type">
        <Annotation Term="Common.FieldControl" EnumMember="Common.FieldControlType/Mandatory"/>
      </Annotations>
      <Annotations Target="IntegrationService.EntityContainer/IntegrationConfigs">
        <Annotation Term="Common.DraftRoot">
          <Record Type="Common.DraftRootType">
            <PropertyValue Property="ActivationAction" String="IntegrationService.draftActivate"/>
            <PropertyValue Property="EditAction" String="IntegrationService.draftEdit"/>
            <PropertyValue Property="PreparationAction" String="IntegrationService.draftPrepare"/>
          </Record>
        </Annotation>
      </Annotations>
      <Annotations Target="IntegrationService.IntegrationConfigs/ID">
        <Annotation Term="Core.ComputedDefaultValue" Bool="true"/>
      </Annotations>
      <Annotations Target="IntegrationService.IntegrationConfigs/created_at">
        <Annotation Term="Core.Computed" Bool="true"/>
      </Annotations>
      <Annotations Target="IntegrationService.IntegrationConfigs/created_by">
        <Annotation Term="Core.Computed" Bool="true"/>
      </Annotations>
      <Annotations Target="IntegrationService.IntegrationConfigs/modified_at">
        <Annotation Term="Core.Computed" Bool="true"/>
      </Annotations>
      <Annotations Target="IntegrationService.IntegrationConfigs/modified_by">
        <Annotation Term="Core.Computed" Bool="true"/>
      </Annotations>
      <Annotations Target="IntegrationService.IntegrationConfigs/config_key">
        <Annotation Term="Common.FieldControl" EnumMember="Common.FieldControlType/Mandatory"/>
      </Annotations>
      <Annotations Target="IntegrationService.IntegrationConfigs/config_name">
        <Annotation Term="Common.FieldControl" EnumMember="Common.FieldControlType/Mandatory"/>
      </Annotations>
      <Annotations Target="IntegrationService.IntegrationConfigs/config_group">
        <Annotation Term="Common.FieldControl" EnumMember="Common.FieldControlType/Mandatory"/>
      </Annotations>
      <Annotations Target="IntegrationService.IntegrationConfigs/config_value">
        <Annotation Term="Common.FieldControl" EnumMember="Common.FieldControlType/Mandatory"/>
      </Annotations>
      <Annotations Target="IntegrationService.IntegrationConfigs/config_type">
        <Annotation Term="Common.FieldControl" EnumMember="Common.FieldControlType/Mandatory"/>
      </Annotations>
      <Annotations Target="IntegrationService.IntegrationConfigs/IsActiveEntity">
        <Annotation Term="UI.Hidden" Bool="true"/>
      </Annotations>
      <Annotations Target="IntegrationService.IntegrationConfigs/HasActiveEntity">
        <Annotation Term="UI.Hidden" Bool="true"/>
      </Annotations>
      <Annotations Target="IntegrationService.IntegrationConfigs/HasDraftEntity">
        <Annotation Term="UI.Hidden" Bool="true"/>
      </Annotations>
      <Annotations Target="IntegrationService.IntegrationConfigs/DraftAdministrativeData">
        <Annotation Term="UI.Hidden" Bool="true"/>
      </Annotations>
      <Annotations Target="IntegrationService.EntityContainer/AlertDefinitions">
        <Annotation Term="Common.DraftRoot">
          <Record Type="Common.DraftRootType">
            <PropertyValue Property="ActivationAction" String="IntegrationService.draftActivate"/>
            <PropertyValue Property="EditAction" String="IntegrationService.draftEdit"/>
            <PropertyValue Property="PreparationAction" String="IntegrationService.draftPrepare"/>
          </Record>
        </Annotation>
      </Annotations>
      <Annotations Target="IntegrationService.AlertDefinitions/ID">
        <Annotation Term="Core.ComputedDefaultValue" Bool="true"/>
      </Annotations>
      <Annotations Target="IntegrationService.AlertDefinitions/created_at">
        <Annotation Term="Core.Computed" Bool="true"/>
      </Annotations>
      <Annotations Target="IntegrationService.AlertDefinitions/created_by">
        <Annotation Term="Core.Computed" Bool="true"/>
      </Annotations>
      <Annotations Target="IntegrationService.AlertDefinitions/modified_at">
        <Annotation Term="Core.Computed" Bool="true"/>
      </Annotations>
      <Annotations Target="IntegrationService.AlertDefinitions/modified_by">
        <Annotation Term="Core.Computed" Bool="true"/>
      </Annotations>
      <Annotations Target="IntegrationService.AlertDefinitions/alert_code">
        <Annotation Term="Common.FieldControl" EnumMember="Common.FieldControlType/Mandatory"/>
      </Annotations>
      <Annotations Target="IntegrationService.AlertDefinitions/alert_name">
        <Annotation Term="Common.FieldControl" EnumMember="Common.FieldControlType/Mandatory"/>
      </Annotations>
      <Annotations Target="IntegrationService.AlertDefinitions/metric_type">
        <Annotation Term="Common.FieldControl" EnumMember="Common.FieldControlType/Mandatory"/>
      </Annotations>
      <Annotations Target="IntegrationService.AlertDefinitions/threshold_operator">
        <Annotation Term="Common.FieldControl" EnumMember="Common.FieldControlType/Mandatory"/>
      </Annotations>
      <Annotations Target="IntegrationService.AlertDefinitions/threshold_value">
        <Annotation Term="Common.FieldControl" EnumMember="Common.FieldControlType/Mandatory"/>
      </Annotations>
      <Annotations Target="IntegrationService.AlertDefinitions/severity">
        <Annotation Term="Common.FieldControl" EnumMember="Common.FieldControlType/Mandatory"/>
        <Annotation Term="Validation.AllowedValues">
          <Collection>
            <Record Type="Validation.AllowedValue">
              <Annotation Term="Core.SymbolicName" String="LOW"/>
              <PropertyValue Property="Value" String="LOW"/>
            </Record>
            <Record Type="Validation.AllowedValue">
              <Annotation Term="Core.SymbolicName" String="MEDIUM"/>
              <PropertyValue Property="Value" String="MEDIUM"/>
            </Record>
            <Record Type="Validation.AllowedValue">
              <Annotation Term="Core.SymbolicName" String="HIGH"/>
              <PropertyValue Property="Value" String="HIGH"/>
            </Record>
            <Record Type="Validation.AllowedValue">
              <Annotation Term="Core.SymbolicName" String="CRITICAL"/>
              <PropertyValue Property="Value" String="CRITICAL"/>
            </Record>
          </Collection>
        </Annotation>
      </Annotations>
      <Annotations Target="IntegrationService.AlertDefinitions/IsActiveEntity">
        <Annotation Term="UI.Hidden" Bool="true"/>
      </Annotations>
      <Annotations Target="IntegrationService.AlertDefinitions/HasActiveEntity">
        <Annotation Term="UI.Hidden" Bool="true"/>
      </Annotations>
      <Annotations Target="IntegrationService.AlertDefinitions/HasDraftEntity">
        <Annotation Term="UI.Hidden" Bool="true"/>
      </Annotations>
      <Annotations Target="IntegrationService.AlertDefinitions/DraftAdministrativeData">
        <Annotation Term="UI.Hidden" Bool="true"/>
      </Annotations>
      <Annotations Target="IntegrationService.AlertInstances/ID">
        <Annotation Term="Core.ComputedDefaultValue" Bool="true"/>
      </Annotations>
      <Annotations Target="IntegrationService.AlertInstances/alert_definition_ID">
        <Annotation Term="Common.FieldControl" EnumMember="Common.FieldControlType/Mandatory"/>
      </Annotations>
      <Annotations Target="IntegrationService.AlertInstances/alert_code">
        <Annotation Term="Common.FieldControl" EnumMember="Common.FieldControlType/Mandatory"/>
      </Annotations>
      <Annotations Target="IntegrationService.AlertInstances/triggered_at">
        <Annotation Term="Common.FieldControl" EnumMember="Common.FieldControlType/Mandatory"/>
      </Annotations>
      <Annotations Target="IntegrationService.AlertInstances/trigger_value">
        <Annotation Term="Common.FieldControl" EnumMember="Common.FieldControlType/Mandatory"/>
      </Annotations>
      <Annotations Target="IntegrationService.AlertInstances/threshold_value">
        <Annotation Term="Common.FieldControl" EnumMember="Common.FieldControlType/Mandatory"/>
      </Annotations>
      <Annotations Target="IntegrationService.AlertInstances/metric_type">
        <Annotation Term="Common.FieldControl" EnumMember="Common.FieldControlType/Mandatory"/>
      </Annotations>
      <Annotations Target="IntegrationService.AlertInstances/severity">
        <Annotation Term="Common.FieldControl" EnumMember="Common.FieldControlType/Mandatory"/>
        <Annotation Term="Validation.AllowedValues">
          <Collection>
            <Record Type="Validation.AllowedValue">
              <Annotation Term="Core.SymbolicName" String="LOW"/>
              <PropertyValue Property="Value" String="LOW"/>
            </Record>
            <Record Type="Validation.AllowedValue">
              <Annotation Term="Core.SymbolicName" String="MEDIUM"/>
              <PropertyValue Property="Value" String="MEDIUM"/>
            </Record>
            <Record Type="Validation.AllowedValue">
              <Annotation Term="Core.SymbolicName" String="HIGH"/>
              <PropertyValue Property="Value" String="HIGH"/>
            </Record>
            <Record Type="Validation.AllowedValue">
              <Annotation Term="Core.SymbolicName" String="CRITICAL"/>
              <PropertyValue Property="Value" String="CRITICAL"/>
            </Record>
          </Collection>
        </Annotation>
      </Annotations>
      <Annotations Target="IntegrationService.EntityContainer/DataQualityMetrics">
        <Annotation Term="Capabilities.DeleteRestrictions">
          <Record Type="Capabilities.DeleteRestrictionsType">
            <PropertyValue Property="Deletable" Bool="false"/>
          </Record>
        </Annotation>
        <Annotation Term="Capabilities.InsertRestrictions">
          <Record Type="Capabilities.InsertRestrictionsType">
            <PropertyValue Property="Insertable" Bool="false"/>
          </Record>
        </Annotation>
        <Annotation Term="Capabilities.UpdateRestrictions">
          <Record Type="Capabilities.UpdateRestrictionsType">
            <PropertyValue Property="Updatable" Bool="false"/>
          </Record>
        </Annotation>
      </Annotations>
      <Annotations Target="IntegrationService.DataQualityMetrics/ID">
        <Annotation Term="Core.ComputedDefaultValue" Bool="true"/>
      </Annotations>
      <Annotations Target="IntegrationService.DataQualityMetrics/metric_date">
        <Annotation Term="Common.FieldControl" EnumMember="Common.FieldControlType/Mandatory"/>
      </Annotations>
      <Annotations Target="IntegrationService.DataQualityMetrics/period_type">
        <Annotation Term="Common.FieldControl" EnumMember="Common.FieldControlType/Mandatory"/>
      </Annotations>
      <Annotations Target="IntegrationService.DataQualityMetrics/entity_type">
        <Annotation Term="Common.FieldControl" EnumMember="Common.FieldControlType/Mandatory"/>
      </Annotations>
      <Annotations Target="IntegrationService.DataQualityMetrics/entity_source">
        <Annotation Term="Common.FieldControl" EnumMember="Common.FieldControlType/Mandatory"/>
      </Annotations>
      <Annotations Target="IntegrationService.DataQualityMetrics/total_records">
        <Annotation Term="Common.FieldControl" EnumMember="Common.FieldControlType/Mandatory"/>
      </Annotations>
      <Annotations Target="IntegrationService.DataQualityMetrics/valid_records">
        <Annotation Term="Common.FieldControl" EnumMember="Common.FieldControlType/Mandatory"/>
      </Annotations>
      <Annotations Target="IntegrationService.DataQualityMetrics/invalid_records">
        <Annotation Term="Common.FieldControl" EnumMember="Common.FieldControlType/Mandatory"/>
      </Annotations>
      <Annotations Target="IntegrationService.DataQualityMetrics/calculated_at">
        <Annotation Term="Common.FieldControl" EnumMember="Common.FieldControlType/Mandatory"/>
      </Annotations>
      <Annotations Target="IntegrationService.getSLAComplianceReport(Edm.String,Edm.Date,Edm.Date)/integrationName">
        <Annotation Term="Core.OptionalParameter">
          <Record Type="Core.OptionalParameterType"/>
        </Annotation>
      </Annotations>
      <Annotations Target="IntegrationService.getSLAComplianceReport(Edm.String,Edm.Date,Edm.Date)/fromDate">
        <Annotation Term="Core.OptionalParameter">
          <Record Type="Core.OptionalParameterType"/>
        </Annotation>
      </Annotations>
      <Annotations Target="IntegrationService.getSLAComplianceReport(Edm.String,Edm.Date,Edm.Date)/toDate">
        <Annotation Term="Core.OptionalParameter">
          <Record Type="Core.OptionalParameterType"/>
        </Annotation>
      </Annotations>
      <Annotations Target="IntegrationService.getErrorTrend(Edm.String,Edm.Int32)/integrationName">
        <Annotation Term="Core.OptionalParameter">
          <Record Type="Core.OptionalParameterType"/>
        </Annotation>
      </Annotations>
      <Annotations Target="IntegrationService.getErrorTrend(Edm.String,Edm.Int32)/days">
        <Annotation Term="Core.OptionalParameter">
          <Record Type="Core.OptionalParameterType"/>
        </Annotation>
      </Annotations>
      <Annotations Target="IntegrationService.getDataQualitySummary(Edm.String)/companyCode">
        <Annotation Term="Core.OptionalParameter">
          <Record Type="Core.OptionalParameterType"/>
        </Annotation>
      </Annotations>
      <Annotations Target="IntegrationService.getMessageHistory(Edm.Guid)/correlationId">
        <Annotation Term="Core.OptionalParameter">
          <Record Type="Core.OptionalParameterType"/>
        </Annotation>
      </Annotations>
      <Annotations Target="IntegrationService.getPerformancePercentiles(Edm.String,Edm.Date,Edm.Date)/integrationName">
        <Annotation Term="Core.OptionalParameter">
          <Record Type="Core.OptionalParameterType"/>
        </Annotation>
      </Annotations>
      <Annotations Target="IntegrationService.getPerformancePercentiles(Edm.String,Edm.Date,Edm.Date)/fromDate">
        <Annotation Term="Core.OptionalParameter">
          <Record Type="Core.OptionalParameterType"/>
        </Annotation>
      </Annotations>
      <Annotations Target="IntegrationService.getPerformancePercentiles(Edm.String,Edm.Date,Edm.Date)/toDate">
        <Annotation Term="Core.OptionalParameter">
          <Record Type="Core.OptionalParameterType"/>
        </Annotation>
      </Annotations>
      <Annotations Target="IntegrationService.searchErrors(Edm.String,Edm.String,Edm.Date,Edm.Date,Edm.String)/errorCode">
        <Annotation Term="Core.OptionalParameter">
          <Record Type="Core.OptionalParameterType"/>
        </Annotation>
      </Annotations>
      <Annotations Target="IntegrationService.searchErrors(Edm.String,Edm.String,Edm.Date,Edm.Date,Edm.String)/integrationName">
        <Annotation Term="Core.OptionalParameter">
          <Record Type="Core.OptionalParameterType"/>
        </Annotation>
      </Annotations>
      <Annotations Target="IntegrationService.searchErrors(Edm.String,Edm.String,Edm.Date,Edm.Date,Edm.String)/fromDate">
        <Annotation Term="Core.OptionalParameter">
          <Record Type="Core.OptionalParameterType"/>
        </Annotation>
      </Annotations>
      <Annotations Target="IntegrationService.searchErrors(Edm.String,Edm.String,Edm.Date,Edm.Date,Edm.String)/toDate">
        <Annotation Term="Core.OptionalParameter">
          <Record Type="Core.OptionalParameterType"/>
        </Annotation>
      </Annotations>
      <Annotations Target="IntegrationService.searchErrors(Edm.String,Edm.String,Edm.Date,Edm.Date,Edm.String)/severity">
        <Annotation Term="Core.OptionalParameter">
          <Record Type="Core.OptionalParameterType"/>
        </Annotation>
      </Annotations>
      <Annotations Target="IntegrationService.getSyncStatusForEntity(Edm.String)/entityType">
        <Annotation Term="Core.OptionalParameter">
          <Record Type="Core.OptionalParameterType"/>
        </Annotation>
      </Annotations>
      <Annotations Target="IntegrationService.DraftAdministrativeData">
        <Annotation Term="Common.Label" String="{i18n>Draft_DraftAdministrativeData}"/>
      </Annotations>
      <Annotations Target="IntegrationService.DraftAdministrativeData/DraftUUID">
        <Annotation Term="UI.Hidden" Bool="true"/>
        <Annotation Term="Common.Label" String="{i18n>Draft_DraftUUID}"/>
        <Annotation Term="Core.ComputedDefaultValue" Bool="true"/>
      </Annotations>
      <Annotations Target="IntegrationService.DraftAdministrativeData/CreationDateTime">
        <Annotation Term="Common.Label" String="{i18n>Draft_CreationDateTime}"/>
      </Annotations>
      <Annotations Target="IntegrationService.DraftAdministrativeData/CreatedByUser">
        <Annotation Term="Common.Label" String="{i18n>Draft_CreatedByUser}"/>
      </Annotations>
      <Annotations Target="IntegrationService.DraftAdministrativeData/DraftIsCreatedByMe">
        <Annotation Term="UI.Hidden" Bool="true"/>
        <Annotation Term="Common.Label" String="{i18n>Draft_DraftIsCreatedByMe}"/>
      </Annotations>
      <Annotations Target="IntegrationService.DraftAdministrativeData/LastChangeDateTime">
        <Annotation Term="Common.Label" String="{i18n>Draft_LastChangeDateTime}"/>
      </Annotations>
      <Annotations Target="IntegrationService.DraftAdministrativeData/LastChangedByUser">
        <Annotation Term="Common.Label" String="{i18n>Draft_LastChangedByUser}"/>
      </Annotations>
      <Annotations Target="IntegrationService.DraftAdministrativeData/InProcessByUser">
        <Annotation Term="Common.Label" String="{i18n>Draft_InProcessByUser}"/>
      </Annotations>
      <Annotations Target="IntegrationService.DraftAdministrativeData/DraftIsProcessedByMe">
        <Annotation Term="UI.Hidden" Bool="true"/>
        <Annotation Term="Common.Label" String="{i18n>Draft_DraftIsProcessedByMe}"/>
      </Annotations>
    </Schema>
  </edmx:DataServices>
</edmx:Edmx>