<?xml version="1.0" encoding="utf-8"?>
<edmx:Edmx Version="4.0" xmlns:edmx="http://docs.oasis-open.org/odata/ns/edmx">
  <edmx:Reference Uri="https://oasis-tcs.github.io/odata-vocabularies/vocabularies/Org.OData.Capabilities.V1.xml">
    <edmx:Include Alias="Capabilities" Namespace="Org.OData.Capabilities.V1"/>
  </edmx:Reference>
  <edmx:Reference Uri="https://sap.github.io/odata-vocabularies/vocabularies/Common.xml">
    <edmx:Include Alias="Common" Namespace="com.sap.vocabularies.Common.v1"/>
  </edmx:Reference>
  <edmx:Reference Uri="https://oasis-tcs.github.io/odata-vocabularies/vocabularies/Org.OData.Core.V1.xml">
    <edmx:Include Alias="Core" Namespace="Org.OData.Core.V1"/>
  </edmx:Reference>
  <edmx:Reference Uri="https://sap.github.io/odata-vocabularies/vocabularies/UI.xml">
    <edmx:Include Alias="UI" Namespace="com.sap.vocabularies.UI.v1"/>
  </edmx:Reference>
  <edmx:Reference Uri="https://oasis-tcs.github.io/odata-vocabularies/vocabularies/Org.OData.Validation.V1.xml">
    <edmx:Include Alias="Validation" Namespace="Org.OData.Validation.V1"/>
  </edmx:Reference>
  <edmx:DataServices>
    <Schema Namespace="TicketService" xmlns="http://docs.oasis-open.org/odata/ns/edm">
      <Annotation Term="Core.Links">
        <Collection>
          <Record>
            <PropertyValue Property="rel" String="author"/>
            <PropertyValue Property="href" String="https://cap.cloud.sap"/>
          </Record>
        </Collection>
      </Annotation>
      <EntityContainer Name="EntityContainer">
        <EntitySet Name="FuelTickets" EntityType="TicketService.FuelTickets">
          <NavigationPropertyBinding Path="order" Target="FuelOrders"/>
          <NavigationPropertyBinding Path="delivery" Target="FuelDeliveries"/>
          <NavigationPropertyBinding Path="SiblingEntity" Target="FuelTickets"/>
        </EntitySet>
        <EntitySet Name="FuelOrders" EntityType="TicketService.FuelOrders">
          <NavigationPropertyBinding Path="airport" Target="Airports"/>
          <NavigationPropertyBinding Path="supplier" Target="Suppliers"/>
          <NavigationPropertyBinding Path="deliveries" Target="FuelDeliveries"/>
          <NavigationPropertyBinding Path="tickets" Target="FuelTickets"/>
        </EntitySet>
        <EntitySet Name="FuelDeliveries" EntityType="TicketService.FuelDeliveries">
          <NavigationPropertyBinding Path="order" Target="FuelOrders"/>
        </EntitySet>
        <EntitySet Name="Airports" EntityType="TicketService.Airports"/>
        <EntitySet Name="Suppliers" EntityType="TicketService.Suppliers"/>
        <FunctionImport Name="generateTicketNumber" Function="TicketService.generateTicketNumber"/>
        <FunctionImport Name="getTicketsByOrder" Function="TicketService.getTicketsByOrder" EntitySet="FuelTickets"/>
        <FunctionImport Name="getUnattachedTickets" Function="TicketService.getUnattachedTickets" EntitySet="FuelTickets"/>
      </EntityContainer>
      <EntityType Name="FuelTickets">
        <Key>
          <PropertyRef Name="ID"/>
          <PropertyRef Name="IsActiveEntity"/>
        </Key>
        <Property Name="ID" Type="Edm.Guid" Nullable="false"/>
        <Property Name="created_at" Type="Edm.DateTimeOffset"/>
        <Property Name="created_by" Type="Edm.String" MaxLength="100"/>
        <Property Name="modified_at" Type="Edm.DateTimeOffset"/>
        <Property Name="modified_by" Type="Edm.String" MaxLength="100"/>
        <NavigationProperty Name="order" Type="TicketService.FuelOrders" Partner="tickets">
          <ReferentialConstraint Property="order_ID" ReferencedProperty="ID"/>
        </NavigationProperty>
        <Property Name="order_ID" Type="Edm.Guid"/>
        <NavigationProperty Name="delivery" Type="TicketService.FuelDeliveries">
          <ReferentialConstraint Property="delivery_ID" ReferencedProperty="ID"/>
        </NavigationProperty>
        <Property Name="delivery_ID" Type="Edm.Guid"/>
        <Property Name="ticket_number" Type="Edm.String" MaxLength="50"/>
        <Property Name="internal_number" Type="Edm.String" MaxLength="25"/>
        <Property Name="aircraft_reg" Type="Edm.String" MaxLength="10"/>
        <Property Name="flight_number" Type="Edm.String" MaxLength="10"/>
        <Property Name="quantity" Type="Edm.Decimal" Precision="15" Scale="2"/>
        <Property Name="uom_code" Type="Edm.String" MaxLength="3" DefaultValue="KG"/>
        <Property Name="delivery_timestamp" Type="Edm.DateTimeOffset"/>
        <Property Name="supplier_ticket_ref" Type="Edm.String" MaxLength="50"/>
        <Property Name="status" Type="Edm.String" MaxLength="20" DefaultValue="Open"/>
        <Property Name="verified_by" Type="Edm.String" MaxLength="100"/>
        <Property Name="verified_at" Type="Edm.DateTimeOffset"/>
        <Property Name="statusCriticality" Type="Edm.Int32"/>
        <Property Name="IsActiveEntity" Type="Edm.Boolean" Nullable="false" DefaultValue="true"/>
        <Property Name="HasActiveEntity" Type="Edm.Boolean" Nullable="false" DefaultValue="false"/>
        <Property Name="HasDraftEntity" Type="Edm.Boolean" Nullable="false" DefaultValue="false"/>
        <NavigationProperty Name="DraftAdministrativeData" Type="TicketService.DraftAdministrativeData" ContainsTarget="true"/>
        <NavigationProperty Name="SiblingEntity" Type="TicketService.FuelTickets"/>
      </EntityType>
      <EntityType Name="FuelOrders">
        <Key>
          <PropertyRef Name="ID"/>
        </Key>
        <Property Name="ID" Type="Edm.Guid" Nullable="false"/>
        <Property Name="created_at" Type="Edm.DateTimeOffset"/>
        <Property Name="created_by" Type="Edm.String" MaxLength="100"/>
        <Property Name="modified_at" Type="Edm.DateTimeOffset"/>
        <Property Name="modified_by" Type="Edm.String" MaxLength="100"/>
        <Property Name="order_number" Type="Edm.String" MaxLength="25"/>
        <Property Name="flight_ID" Type="Edm.Guid"/>
        <NavigationProperty Name="airport" Type="TicketService.Airports">
          <ReferentialConstraint Property="airport_ID" ReferencedProperty="ID"/>
        </NavigationProperty>
        <Property Name="airport_ID" Type="Edm.Guid"/>
        <Property Name="station_code" Type="Edm.String" MaxLength="3"/>
        <NavigationProperty Name="supplier" Type="TicketService.Suppliers">
          <ReferentialConstraint Property="supplier_ID" ReferencedProperty="ID"/>
        </NavigationProperty>
        <Property Name="supplier_ID" Type="Edm.Guid"/>
        <Property Name="contract_ID" Type="Edm.Guid"/>
        <Property Name="product_ID" Type="Edm.Guid"/>
        <Property Name="uom_code" Type="Edm.String" MaxLength="3" DefaultValue="KG"/>
        <Property Name="ordered_quantity" Type="Edm.Decimal" Precision="12" Scale="2"/>
        <Property Name="unit_price" Type="Edm.Decimal" Precision="15" Scale="4"/>
        <Property Name="total_amount" Type="Edm.Decimal" Precision="15" Scale="2"/>
        <Property Name="currency_code" Type="Edm.String" MaxLength="3" DefaultValue="USD"/>
        <Property Name="requested_date" Type="Edm.Date"/>
        <Property Name="requested_time" Type="Edm.TimeOfDay"/>
        <Property Name="priority" Type="Edm.String" MaxLength="10" DefaultValue="Normal"/>
        <Property Name="status" Type="Edm.String" MaxLength="20" DefaultValue="Draft"/>
        <Property Name="s4_po_number" Type="Edm.String" MaxLength="10"/>
        <Property Name="s4_po_item" Type="Edm.String" MaxLength="5"/>
        <Property Name="notes" Type="Edm.String" MaxLength="1000"/>
        <Property Name="cancelled_reason" Type="Edm.String" MaxLength="500"/>
        <Property Name="cancelled_by" Type="Edm.String" MaxLength="100"/>
        <Property Name="cancelled_at" Type="Edm.DateTimeOffset"/>
        <NavigationProperty Name="deliveries" Type="Collection(TicketService.FuelDeliveries)" Partner="order">
          <OnDelete Action="Cascade"/>
        </NavigationProperty>
        <NavigationProperty Name="tickets" Type="Collection(TicketService.FuelTickets)" Partner="order">
          <OnDelete Action="Cascade"/>
        </NavigationProperty>
      </EntityType>
      <EntityType Name="FuelDeliveries">
        <Key>
          <PropertyRef Name="ID"/>
        </Key>
        <Property Name="ID" Type="Edm.Guid" Nullable="false"/>
        <Property Name="created_at" Type="Edm.DateTimeOffset"/>
        <Property Name="created_by" Type="Edm.String" MaxLength="100"/>
        <Property Name="modified_at" Type="Edm.DateTimeOffset"/>
        <Property Name="modified_by" Type="Edm.String" MaxLength="100"/>
        <NavigationProperty Name="order" Type="TicketService.FuelOrders" Partner="deliveries">
          <ReferentialConstraint Property="order_ID" ReferencedProperty="ID"/>
        </NavigationProperty>
        <Property Name="order_ID" Type="Edm.Guid"/>
        <Property Name="delivery_number" Type="Edm.String" MaxLength="25"/>
        <Property Name="delivery_date" Type="Edm.Date"/>
        <Property Name="delivery_time" Type="Edm.TimeOfDay"/>
        <Property Name="delivered_quantity" Type="Edm.Decimal" Precision="12" Scale="2"/>
        <Property Name="temperature" Type="Edm.Decimal" Precision="5" Scale="2"/>
        <Property Name="density" Type="Edm.Decimal" Precision="8" Scale="4"/>
        <Property Name="temperature_corrected_qty" Type="Edm.Decimal" Precision="12" Scale="2"/>
        <Property Name="vehicle_id" Type="Edm.String" MaxLength="20"/>
        <Property Name="driver_name" Type="Edm.String" MaxLength="100"/>
        <Property Name="pilot_signature" Type="Edm.Binary"/>
        <Property Name="pilot_name" Type="Edm.String" MaxLength="100"/>
        <Property Name="ground_crew_signature" Type="Edm.Binary"/>
        <Property Name="ground_crew_name" Type="Edm.String" MaxLength="100"/>
        <Property Name="signature_timestamp" Type="Edm.DateTimeOffset" Precision="7"/>
        <Property Name="signature_location" Type="Edm.String" MaxLength="100"/>
        <Property Name="s4_gr_number" Type="Edm.String" MaxLength="10"/>
        <Property Name="s4_gr_year" Type="Edm.String" MaxLength="4"/>
        <Property Name="s4_gr_item" Type="Edm.String" MaxLength="4"/>
        <Property Name="status" Type="Edm.String" MaxLength="20" DefaultValue="Pending"/>
        <Property Name="quantity_variance" Type="Edm.Decimal" Precision="12" Scale="2"/>
        <Property Name="variance_percentage" Type="Edm.Decimal" Precision="5" Scale="2"/>
        <Property Name="variance_flag" Type="Edm.Boolean" DefaultValue="false"/>
        <Property Name="variance_reason" Type="Edm.String" MaxLength="500"/>
      </EntityType>
      <EntityType Name="Airports">
        <Key>
          <PropertyRef Name="ID"/>
        </Key>
        <Property Name="ID" Type="Edm.Guid" Nullable="false"/>
        <Property Name="is_active" Type="Edm.Boolean" DefaultValue="true"/>
        <Property Name="created_at" Type="Edm.DateTimeOffset"/>
        <Property Name="created_by" Type="Edm.String" MaxLength="100"/>
        <Property Name="modified_at" Type="Edm.DateTimeOffset"/>
        <Property Name="modified_by" Type="Edm.String" MaxLength="100"/>
        <Property Name="iata_code" Type="Edm.String" MaxLength="3"/>
        <Property Name="icao_code" Type="Edm.String" MaxLength="4"/>
        <Property Name="airport_name" Type="Edm.String" MaxLength="100"/>
        <Property Name="city" Type="Edm.String" MaxLength="50"/>
        <Property Name="country_code" Type="Edm.String" MaxLength="3"/>
        <Property Name="timezone" Type="Edm.String" MaxLength="50"/>
        <Property Name="s4_plant_code" Type="Edm.String" MaxLength="4"/>
      </EntityType>
      <EntityType Name="Suppliers">
        <Key>
          <PropertyRef Name="ID"/>
        </Key>
        <Property Name="ID" Type="Edm.Guid" Nullable="false"/>
        <Property Name="is_active" Type="Edm.Boolean" DefaultValue="true"/>
        <Property Name="created_at" Type="Edm.DateTimeOffset"/>
        <Property Name="created_by" Type="Edm.String" MaxLength="100"/>
        <Property Name="modified_at" Type="Edm.DateTimeOffset"/>
        <Property Name="modified_by" Type="Edm.String" MaxLength="100"/>
        <Property Name="supplier_code" Type="Edm.String" MaxLength="20"/>
        <Property Name="supplier_name" Type="Edm.String" MaxLength="100"/>
        <Property Name="supplier_type" Type="Edm.String" MaxLength="20"/>
        <Property Name="country_code" Type="Edm.String" MaxLength="3"/>
        <Property Name="payment_terms" Type="Edm.String" MaxLength="20"/>
        <Property Name="s4_vendor_no" Type="Edm.String" MaxLength="10"/>
      </EntityType>
      <EntityType Name="DraftAdministrativeData">
        <Key>
          <PropertyRef Name="DraftUUID"/>
        </Key>
        <Property Name="DraftUUID" Type="Edm.Guid" Nullable="false"/>
        <Property Name="CreationDateTime" Type="Edm.DateTimeOffset" Precision="7"/>
        <Property Name="CreatedByUser" Type="Edm.String" MaxLength="256"/>
        <Property Name="DraftIsCreatedByMe" Type="Edm.Boolean"/>
        <Property Name="LastChangeDateTime" Type="Edm.DateTimeOffset" Precision="7"/>
        <Property Name="LastChangedByUser" Type="Edm.String" MaxLength="256"/>
        <Property Name="InProcessByUser" Type="Edm.String" MaxLength="256"/>
        <Property Name="DraftIsProcessedByMe" Type="Edm.Boolean"/>
      </EntityType>
      <Action Name="attachToDelivery" IsBound="true" EntitySetPath="in">
        <Parameter Name="in" Type="TicketService.FuelTickets"/>
        <Parameter Name="deliveryId" Type="Edm.Guid"/>
        <ReturnType Type="TicketService.FuelTickets"/>
      </Action>
      <Action Name="verify" IsBound="true" EntitySetPath="in">
        <Parameter Name="in" Type="TicketService.FuelTickets"/>
        <ReturnType Type="TicketService.FuelTickets"/>
      </Action>
      <Action Name="reject" IsBound="true" EntitySetPath="in">
        <Parameter Name="in" Type="TicketService.FuelTickets"/>
        <Parameter Name="reason" Type="Edm.String"/>
        <ReturnType Type="TicketService.FuelTickets"/>
      </Action>
      <Action Name="draftPrepare" IsBound="true" EntitySetPath="in">
        <Parameter Name="in" Type="TicketService.FuelTickets"/>
        <Parameter Name="SideEffectsQualifier" Type="Edm.String"/>
        <ReturnType Type="TicketService.FuelTickets"/>
      </Action>
      <Action Name="draftActivate" IsBound="true" EntitySetPath="in">
        <Parameter Name="in" Type="TicketService.FuelTickets"/>
        <ReturnType Type="TicketService.FuelTickets"/>
      </Action>
      <Action Name="draftEdit" IsBound="true" EntitySetPath="in">
        <Parameter Name="in" Type="TicketService.FuelTickets"/>
        <Parameter Name="PreserveChanges" Type="Edm.Boolean"/>
        <ReturnType Type="TicketService.FuelTickets"/>
      </Action>
      <Function Name="generateTicketNumber" IsBound="false" IsComposable="false">
        <Parameter Name="stationCode" Type="Edm.String"/>
        <Parameter Name="ticketDate" Type="Edm.Date"/>
        <ReturnType Type="Edm.String"/>
      </Function>
      <Function Name="getTicketsByOrder" IsBound="false" IsComposable="false">
        <Parameter Name="orderId" Type="Edm.Guid"/>
        <ReturnType Type="Collection(TicketService.FuelTickets)"/>
      </Function>
      <Function Name="getUnattachedTickets" IsBound="false" IsComposable="false">
        <Parameter Name="stationCode" Type="Edm.String"/>
        <ReturnType Type="Collection(TicketService.FuelTickets)"/>
      </Function>
      <Annotations Target="TicketService.EntityContainer/FuelTickets">
        <Annotation Term="Common.DraftRoot">
          <Record Type="Common.DraftRootType">
            <PropertyValue Property="ActivationAction" String="TicketService.draftActivate"/>
            <PropertyValue Property="EditAction" String="TicketService.draftEdit"/>
            <PropertyValue Property="PreparationAction" String="TicketService.draftPrepare"/>
          </Record>
        </Annotation>
      </Annotations>
      <Annotations Target="TicketService.FuelTickets/ID">
        <Annotation Term="Core.ComputedDefaultValue" Bool="true"/>
      </Annotations>
      <Annotations Target="TicketService.FuelTickets/created_at">
        <Annotation Term="Core.Computed" Bool="true"/>
      </Annotations>
      <Annotations Target="TicketService.FuelTickets/created_by">
        <Annotation Term="Core.Computed" Bool="true"/>
      </Annotations>
      <Annotations Target="TicketService.FuelTickets/modified_at">
        <Annotation Term="Core.Computed" Bool="true"/>
      </Annotations>
      <Annotations Target="TicketService.FuelTickets/modified_by">
        <Annotation Term="Core.Computed" Bool="true"/>
      </Annotations>
      <Annotations Target="TicketService.FuelTickets/order_ID">
        <Annotation Term="Common.FieldControl" EnumMember="Common.FieldControlType/Mandatory"/>
      </Annotations>
      <Annotations Target="TicketService.FuelTickets/ticket_number">
        <Annotation Term="Common.FieldControl" EnumMember="Common.FieldControlType/Mandatory"/>
      </Annotations>
      <Annotations Target="TicketService.FuelTickets/quantity">
        <Annotation Term="Common.FieldControl" EnumMember="Common.FieldControlType/Mandatory"/>
      </Annotations>
      <Annotations Target="TicketService.FuelTickets/delivery_timestamp">
        <Annotation Term="Common.FieldControl" EnumMember="Common.FieldControlType/Mandatory"/>
      </Annotations>
      <Annotations Target="TicketService.FuelTickets/status">
        <Annotation Term="Validation.AllowedValues">
          <Collection>
            <Record Type="Validation.AllowedValue">
              <Annotation Term="Core.SymbolicName" String="Open"/>
              <PropertyValue Property="Value" String="Open"/>
            </Record>
            <Record Type="Validation.AllowedValue">
              <Annotation Term="Core.SymbolicName" String="Attached"/>
              <PropertyValue Property="Value" String="Attached"/>
            </Record>
            <Record Type="Validation.AllowedValue">
              <Annotation Term="Core.SymbolicName" String="Verified"/>
              <PropertyValue Property="Value" String="Verified"/>
            </Record>
            <Record Type="Validation.AllowedValue">
              <Annotation Term="Core.SymbolicName" String="Closed"/>
              <PropertyValue Property="Value" String="Closed"/>
            </Record>
          </Collection>
        </Annotation>
      </Annotations>
      <Annotations Target="TicketService.FuelTickets/statusCriticality">
        <Annotation Term="Core.Computed" Bool="true"/>
      </Annotations>
      <Annotations Target="TicketService.FuelTickets/IsActiveEntity">
        <Annotation Term="UI.Hidden" Bool="true"/>
      </Annotations>
      <Annotations Target="TicketService.FuelTickets/HasActiveEntity">
        <Annotation Term="UI.Hidden" Bool="true"/>
      </Annotations>
      <Annotations Target="TicketService.FuelTickets/HasDraftEntity">
        <Annotation Term="UI.Hidden" Bool="true"/>
      </Annotations>
      <Annotations Target="TicketService.FuelTickets/DraftAdministrativeData">
        <Annotation Term="UI.Hidden" Bool="true"/>
      </Annotations>
      <Annotations Target="TicketService.EntityContainer/FuelOrders">
        <Annotation Term="Capabilities.DeleteRestrictions">
          <Record Type="Capabilities.DeleteRestrictionsType">
            <PropertyValue Property="Deletable" Bool="false"/>
          </Record>
        </Annotation>
        <Annotation Term="Capabilities.InsertRestrictions">
          <Record Type="Capabilities.InsertRestrictionsType">
            <PropertyValue Property="Insertable" Bool="false"/>
          </Record>
        </Annotation>
        <Annotation Term="Capabilities.UpdateRestrictions">
          <Record Type="Capabilities.UpdateRestrictionsType">
            <PropertyValue Property="Updatable" Bool="false"/>
          </Record>
        </Annotation>
      </Annotations>
      <Annotations Target="TicketService.FuelOrders/ID">
        <Annotation Term="Core.ComputedDefaultValue" Bool="true"/>
      </Annotations>
      <Annotations Target="TicketService.FuelOrders/created_at">
        <Annotation Term="Core.Computed" Bool="true"/>
      </Annotations>
      <Annotations Target="TicketService.FuelOrders/created_by">
        <Annotation Term="Core.Computed" Bool="true"/>
      </Annotations>
      <Annotations Target="TicketService.FuelOrders/modified_at">
        <Annotation Term="Core.Computed" Bool="true"/>
      </Annotations>
      <Annotations Target="TicketService.FuelOrders/modified_by">
        <Annotation Term="Core.Computed" Bool="true"/>
      </Annotations>
      <Annotations Target="TicketService.FuelOrders/order_number">
        <Annotation Term="Common.FieldControl" EnumMember="Common.FieldControlType/Mandatory"/>
      </Annotations>
      <Annotations Target="TicketService.FuelOrders/station_code">
        <Annotation Term="Common.FieldControl" EnumMember="Common.FieldControlType/Mandatory"/>
      </Annotations>
      <Annotations Target="TicketService.FuelOrders/ordered_quantity">
        <Annotation Term="Common.FieldControl" EnumMember="Common.FieldControlType/Mandatory"/>
      </Annotations>
      <Annotations Target="TicketService.FuelOrders/requested_date">
        <Annotation Term="Common.FieldControl" EnumMember="Common.FieldControlType/Mandatory"/>
      </Annotations>
      <Annotations Target="TicketService.FuelOrders/priority">
        <Annotation Term="Validation.AllowedValues">
          <Collection>
            <Record Type="Validation.AllowedValue">
              <Annotation Term="Core.SymbolicName" String="Normal"/>
              <PropertyValue Property="Value" String="Normal"/>
            </Record>
            <Record Type="Validation.AllowedValue">
              <Annotation Term="Core.SymbolicName" String="High"/>
              <PropertyValue Property="Value" String="High"/>
            </Record>
            <Record Type="Validation.AllowedValue">
              <Annotation Term="Core.SymbolicName" String="Urgent"/>
              <PropertyValue Property="Value" String="Urgent"/>
            </Record>
          </Collection>
        </Annotation>
      </Annotations>
      <Annotations Target="TicketService.FuelOrders/status">
        <Annotation Term="Validation.AllowedValues">
          <Collection>
            <Record Type="Validation.AllowedValue">
              <Annotation Term="Core.SymbolicName" String="Draft"/>
              <PropertyValue Property="Value" String="Draft"/>
            </Record>
            <Record Type="Validation.AllowedValue">
              <Annotation Term="Core.SymbolicName" String="Submitted"/>
              <PropertyValue Property="Value" String="Submitted"/>
            </Record>
            <Record Type="Validation.AllowedValue">
              <Annotation Term="Core.SymbolicName" String="Confirmed"/>
              <PropertyValue Property="Value" String="Confirmed"/>
            </Record>
            <Record Type="Validation.AllowedValue">
              <Annotation Term="Core.SymbolicName" String="InProgress"/>
              <PropertyValue Property="Value" String="InProgress"/>
            </Record>
            <Record Type="Validation.AllowedValue">
              <Annotation Term="Core.SymbolicName" String="Delivered"/>
              <PropertyValue Property="Value" String="Delivered"/>
            </Record>
            <Record Type="Validation.AllowedValue">
              <Annotation Term="Core.SymbolicName" String="Cancelled"/>
              <PropertyValue Property="Value" String="Cancelled"/>
            </Record>
          </Collection>
        </Annotation>
      </Annotations>
      <Annotations Target="TicketService.EntityContainer/FuelDeliveries">
        <Annotation Term="Capabilities.DeleteRestrictions">
          <Record Type="Capabilities.DeleteRestrictionsType">
            <PropertyValue Property="Deletable" Bool="false"/>
          </Record>
        </Annotation>
        <Annotation Term="Capabilities.InsertRestrictions">
          <Record Type="Capabilities.InsertRestrictionsType">
            <PropertyValue Property="Insertable" Bool="false"/>
          </Record>
        </Annotation>
        <Annotation Term="Capabilities.UpdateRestrictions">
          <Record Type="Capabilities.UpdateRestrictionsType">
            <PropertyValue Property="Updatable" Bool="false"/>
          </Record>
        </Annotation>
      </Annotations>
      <Annotations Target="TicketService.FuelDeliveries/ID">
        <Annotation Term="Core.ComputedDefaultValue" Bool="true"/>
      </Annotations>
      <Annotations Target="TicketService.FuelDeliveries/created_at">
        <Annotation Term="Core.Computed" Bool="true"/>
      </Annotations>
      <Annotations Target="TicketService.FuelDeliveries/created_by">
        <Annotation Term="Core.Computed" Bool="true"/>
      </Annotations>
      <Annotations Target="TicketService.FuelDeliveries/modified_at">
        <Annotation Term="Core.Computed" Bool="true"/>
      </Annotations>
      <Annotations Target="TicketService.FuelDeliveries/modified_by">
        <Annotation Term="Core.Computed" Bool="true"/>
      </Annotations>
      <Annotations Target="TicketService.FuelDeliveries/order_ID">
        <Annotation Term="Common.FieldControl" EnumMember="Common.FieldControlType/Mandatory"/>
      </Annotations>
      <Annotations Target="TicketService.FuelDeliveries/delivery_number">
        <Annotation Term="Common.FieldControl" EnumMember="Common.FieldControlType/Mandatory"/>
      </Annotations>
      <Annotations Target="TicketService.FuelDeliveries/delivery_date">
        <Annotation Term="Common.FieldControl" EnumMember="Common.FieldControlType/Mandatory"/>
      </Annotations>
      <Annotations Target="TicketService.FuelDeliveries/delivery_time">
        <Annotation Term="Common.FieldControl" EnumMember="Common.FieldControlType/Mandatory"/>
      </Annotations>
      <Annotations Target="TicketService.FuelDeliveries/delivered_quantity">
        <Annotation Term="Common.FieldControl" EnumMember="Common.FieldControlType/Mandatory"/>
      </Annotations>
      <Annotations Target="TicketService.FuelDeliveries/temperature">
        <Annotation Term="Validation.Minimum" Int="-40"/>
        <Annotation Term="Validation.Maximum" Int="50"/>
      </Annotations>
      <Annotations Target="TicketService.FuelDeliveries/density">
        <Annotation Term="Validation.Minimum" Float="0.775"/>
        <Annotation Term="Validation.Maximum" Float="0.84"/>
      </Annotations>
      <Annotations Target="TicketService.FuelDeliveries/status">
        <Annotation Term="Validation.AllowedValues">
          <Collection>
            <Record Type="Validation.AllowedValue">
              <Annotation Term="Core.SymbolicName" String="Pending"/>
              <PropertyValue Property="Value" String="Pending"/>
            </Record>
            <Record Type="Validation.AllowedValue">
              <Annotation Term="Core.SymbolicName" String="Verified"/>
              <PropertyValue Property="Value" String="Verified"/>
            </Record>
            <Record Type="Validation.AllowedValue">
              <Annotation Term="Core.SymbolicName" String="Posted"/>
              <PropertyValue Property="Value" String="Posted"/>
            </Record>
            <Record Type="Validation.AllowedValue">
              <Annotation Term="Core.SymbolicName" String="Disputed"/>
              <PropertyValue Property="Value" String="Disputed"/>
            </Record>
          </Collection>
        </Annotation>
      </Annotations>
      <Annotations Target="TicketService.EntityContainer/Airports">
        <Annotation Term="Capabilities.DeleteRestrictions">
          <Record Type="Capabilities.DeleteRestrictionsType">
            <PropertyValue Property="Deletable" Bool="false"/>
          </Record>
        </Annotation>
        <Annotation Term="Capabilities.InsertRestrictions">
          <Record Type="Capabilities.InsertRestrictionsType">
            <PropertyValue Property="Insertable" Bool="false"/>
          </Record>
        </Annotation>
        <Annotation Term="Capabilities.UpdateRestrictions">
          <Record Type="Capabilities.UpdateRestrictionsType">
            <PropertyValue Property="Updatable" Bool="false"/>
          </Record>
        </Annotation>
      </Annotations>
      <Annotations Target="TicketService.Airports/ID">
        <Annotation Term="Core.ComputedDefaultValue" Bool="true"/>
      </Annotations>
      <Annotations Target="TicketService.Airports/created_at">
        <Annotation Term="Core.Computed" Bool="true"/>
      </Annotations>
      <Annotations Target="TicketService.Airports/created_by">
        <Annotation Term="Core.Computed" Bool="true"/>
      </Annotations>
      <Annotations Target="TicketService.Airports/modified_at">
        <Annotation Term="Core.Computed" Bool="true"/>
      </Annotations>
      <Annotations Target="TicketService.Airports/modified_by">
        <Annotation Term="Core.Computed" Bool="true"/>
      </Annotations>
      <Annotations Target="TicketService.Airports/iata_code">
        <Annotation Term="Common.FieldControl" EnumMember="Common.FieldControlType/Mandatory"/>
      </Annotations>
      <Annotations Target="TicketService.Airports/airport_name">
        <Annotation Term="Common.FieldControl" EnumMember="Common.FieldControlType/Mandatory"/>
      </Annotations>
      <Annotations Target="TicketService.Airports/city">
        <Annotation Term="Common.FieldControl" EnumMember="Common.FieldControlType/Mandatory"/>
      </Annotations>
      <Annotations Target="TicketService.Airports/country_code">
        <Annotation Term="Common.FieldControl" EnumMember="Common.FieldControlType/Mandatory"/>
      </Annotations>
      <Annotations Target="TicketService.EntityContainer/Suppliers">
        <Annotation Term="Capabilities.DeleteRestrictions">
          <Record Type="Capabilities.DeleteRestrictionsType">
            <PropertyValue Property="Deletable" Bool="false"/>
          </Record>
        </Annotation>
        <Annotation Term="Capabilities.InsertRestrictions">
          <Record Type="Capabilities.InsertRestrictionsType">
            <PropertyValue Property="Insertable" Bool="false"/>
          </Record>
        </Annotation>
        <Annotation Term="Capabilities.UpdateRestrictions">
          <Record Type="Capabilities.UpdateRestrictionsType">
            <PropertyValue Property="Updatable" Bool="false"/>
          </Record>
        </Annotation>
      </Annotations>
      <Annotations Target="TicketService.Suppliers/ID">
        <Annotation Term="Core.ComputedDefaultValue" Bool="true"/>
      </Annotations>
      <Annotations Target="TicketService.Suppliers/created_at">
        <Annotation Term="Core.Computed" Bool="true"/>
      </Annotations>
      <Annotations Target="TicketService.Suppliers/created_by">
        <Annotation Term="Core.Computed" Bool="true"/>
      </Annotations>
      <Annotations Target="TicketService.Suppliers/modified_at">
        <Annotation Term="Core.Computed" Bool="true"/>
      </Annotations>
      <Annotations Target="TicketService.Suppliers/modified_by">
        <Annotation Term="Core.Computed" Bool="true"/>
      </Annotations>
      <Annotations Target="TicketService.Suppliers/supplier_code">
        <Annotation Term="Common.FieldControl" EnumMember="Common.FieldControlType/Mandatory"/>
      </Annotations>
      <Annotations Target="TicketService.Suppliers/supplier_name">
        <Annotation Term="Common.FieldControl" EnumMember="Common.FieldControlType/Mandatory"/>
      </Annotations>
      <Annotations Target="TicketService.Suppliers/supplier_type">
        <Annotation Term="Common.FieldControl" EnumMember="Common.FieldControlType/Mandatory"/>
      </Annotations>
      <Annotations Target="TicketService.Suppliers/country_code">
        <Annotation Term="Common.FieldControl" EnumMember="Common.FieldControlType/Mandatory"/>
      </Annotations>
      <Annotations Target="TicketService.generateTicketNumber(Edm.String,Edm.Date)/stationCode">
        <Annotation Term="Core.OptionalParameter">
          <Record Type="Core.OptionalParameterType"/>
        </Annotation>
      </Annotations>
      <Annotations Target="TicketService.generateTicketNumber(Edm.String,Edm.Date)/ticketDate">
        <Annotation Term="Core.OptionalParameter">
          <Record Type="Core.OptionalParameterType"/>
        </Annotation>
      </Annotations>
      <Annotations Target="TicketService.getTicketsByOrder(Edm.Guid)/orderId">
        <Annotation Term="Core.OptionalParameter">
          <Record Type="Core.OptionalParameterType"/>
        </Annotation>
      </Annotations>
      <Annotations Target="TicketService.getUnattachedTickets(Edm.String)/stationCode">
        <Annotation Term="Core.OptionalParameter">
          <Record Type="Core.OptionalParameterType"/>
        </Annotation>
      </Annotations>
      <Annotations Target="TicketService.DraftAdministrativeData">
        <Annotation Term="Common.Label" String="{i18n>Draft_DraftAdministrativeData}"/>
      </Annotations>
      <Annotations Target="TicketService.DraftAdministrativeData/DraftUUID">
        <Annotation Term="UI.Hidden" Bool="true"/>
        <Annotation Term="Common.Label" String="{i18n>Draft_DraftUUID}"/>
        <Annotation Term="Core.ComputedDefaultValue" Bool="true"/>
      </Annotations>
      <Annotations Target="TicketService.DraftAdministrativeData/CreationDateTime">
        <Annotation Term="Common.Label" String="{i18n>Draft_CreationDateTime}"/>
      </Annotations>
      <Annotations Target="TicketService.DraftAdministrativeData/CreatedByUser">
        <Annotation Term="Common.Label" String="{i18n>Draft_CreatedByUser}"/>
      </Annotations>
      <Annotations Target="TicketService.DraftAdministrativeData/DraftIsCreatedByMe">
        <Annotation Term="UI.Hidden" Bool="true"/>
        <Annotation Term="Common.Label" String="{i18n>Draft_DraftIsCreatedByMe}"/>
      </Annotations>
      <Annotations Target="TicketService.DraftAdministrativeData/LastChangeDateTime">
        <Annotation Term="Common.Label" String="{i18n>Draft_LastChangeDateTime}"/>
      </Annotations>
      <Annotations Target="TicketService.DraftAdministrativeData/LastChangedByUser">
        <Annotation Term="Common.Label" String="{i18n>Draft_LastChangedByUser}"/>
      </Annotations>
      <Annotations Target="TicketService.DraftAdministrativeData/InProcessByUser">
        <Annotation Term="Common.Label" String="{i18n>Draft_InProcessByUser}"/>
      </Annotations>
      <Annotations Target="TicketService.DraftAdministrativeData/DraftIsProcessedByMe">
        <Annotation Term="UI.Hidden" Bool="true"/>
        <Annotation Term="Common.Label" String="{i18n>Draft_DraftIsProcessedByMe}"/>
      </Annotations>
    </Schema>
  </edmx:DataServices>
</edmx:Edmx>